N,P,K,Soil_pH,Soil_Moisture,Organic_Carbon,Electrical_Conductivity,Temperature,Humidity,Rainfall,Sunlight_Hours,Wind_Speed,Altitude,Fertilizer_Used,Recommended_Crop
122,55,74,4.54,58.9,0.77,0.67,25.31,35.15,1403.58,11.03,5.98,1947,176.38,Sugarcane
112,37,25,7.03,25.98,0.66,1.94,31.8,54.8,1800.84,4.23,16.17,69,180.05,Rice
34,52,39,4.95,27.61,1.36,2.03,15.78,30.88,1336.62,11.45,18.55,2049,308.1,Barley
126,35,82,7.14,39.97,1.09,0.3,38.23,47.6,480.85,4.71,4.29,930,230.54,Millet
91,64,51,8.2,33.97,0.7,2.07,10.04,72.42,2535.23,11.21,4.41,20,63.73,Wheat
40,57,70,8.38,20.66,0.27,2.01,10.05,42.17,2111.15,4.51,19.28,250,155.06,Wheat
122,38,83,5.44,43.02,1.14,0.2,28.77,89.92,2519.84,11.75,10.73,852,59.37,Rice
141,36,86,7.74,26.71,0.66,1.71,20.24,32.9,1555.05,4.07,2.86,1198,72.58,Rice
94,27,57,5.91,42.69,0.29,1.88,21.94,38.19,2416.78,11.72,2.44,1054,249.01,Rice
107,69,71,8.1,29.18,1,1.35,16.64,77.21,2433.61,4.5,19.32,2445,109.98,Wheat
136,83,93,7.65,45.01,0.62,2.71,22.23,88.56,1141.63,5,9.21,219,213.07,Sugarcane
119,78,102,4.8,43.39,0.64,1.05,34.84,87.24,211.4,11.7,18.9,1065,163.77,Millet
123,83,73,6.13,35.44,0.82,0.29,30.98,77.89,2607.4,10.33,11.96,1183,76.7,Rice
150,30,66,5.85,45.24,1.13,2.05,12.84,88.38,716.97,10.72,14.72,15,323.78,Potato
72,33,77,7.64,33.05,0.56,1.86,11.7,80.45,2632.4,7.45,6.3,1034,158.92,Wheat
21,12,55,6.14,15.81,0.31,2.97,25.19,33.48,1931.24,4.64,2.28,2157,326.09,Rice
107,71,37,7.24,19.11,0.75,0.77,31.9,80.74,1977.28,5.19,15.94,1344,176.27,Rice
57,11,110,6.91,22.3,0.27,1.25,29.93,59.03,892.21,11.39,4.2,2100,330.13,Barley
149,75,86,8.4,13.16,1.11,1.44,35.92,57.41,1327.3,7.08,14.61,358,214.57,Sugarcane
40,51,12,8.25,45.57,1.45,2.6,14,30.15,1073.86,10.05,2.44,1717,205.05,Wheat
77,43,46,6.21,28.37,1.06,1.3,28.17,67.22,732.98,9.52,11.93,794,167.25,Millet
41,51,57,7.39,14.68,0.56,2.34,32.98,70.3,2228.62,7.79,15.31,144,307.77,Rice
108,29,28,7.82,51,0.44,0.56,38.14,77.44,468.36,10.88,1.36,78,239.82,Millet
68,77,101,8.1,44.18,0.5,1.29,13.03,49.56,1633.51,9.24,8.38,910,64.55,Wheat
78,54,92,4.77,32.61,0.49,0.55,17.19,37.69,1700.82,9.92,12.18,1025,296.8,Barley
34,84,26,5.71,22.37,0.61,2.85,20.64,56.39,2875.08,10.7,16.17,525,179.62,Rice
70,51,91,5.78,17.59,0.33,0.62,26.22,51.74,2634.3,5.78,5.9,1660,262.65,Rice
127,56,91,6.24,32.92,1.36,1.32,22.26,75.19,1576.73,6.35,16.51,1061,181.48,Rice
74,14,96,5.18,54.26,1.35,0.34,35.83,43.77,2563.71,10.04,13.31,631,234.99,Rice
83,58,49,6.48,19.42,1,2.77,38.52,38.29,2413.62,10.63,7.59,1700,333.64,Rice
150,46,59,7.15,38.43,0.28,1.91,12.1,56.41,278.11,8.78,6.69,1725,211.77,Wheat
70,43,82,6.49,58.08,1.25,2.89,30.99,67.68,2781.98,11.95,14.34,1163,72.29,Rice
154,82,38,7.16,41.86,0.28,0.22,13.43,46.86,2126.13,11.02,14.76,714,277.32,Wheat
40,79,60,4.77,32,0.34,0.61,36.94,36.87,2081.47,10.4,13.1,2416,153.25,Rice
92,27,51,8,45.82,0.62,1.2,14.26,56.35,2197.75,5.96,9.44,1116,253.54,Wheat
37,87,38,8.26,51.23,0.76,1.9,39.75,87.71,829.33,6.66,1.42,642,96.13,Millet
151,28,75,6.97,39.53,0.66,1.06,22.83,88.04,281.68,6.89,11.91,1865,219.8,Maize
108,87,26,8.03,53.59,0.41,2.16,21.46,72.52,849.16,4.74,12.63,9,154.93,Wheat
79,49,118,5.03,35.73,0.35,0.58,27.59,76.63,2424.82,9.85,5.56,1417,145.51,Rice
33,26,40,7.69,51.5,1.32,1.84,21.83,42.21,1872.48,7.3,4.86,2262,151.19,Rice
28,69,101,4.98,57.6,0.67,1.25,17.04,52.48,1211.58,8.97,17.42,910,276.81,Barley
109,51,116,6.13,35.06,0.48,1.57,28.87,66.29,876.25,9.68,4.42,1548,273.03,Wheat
72,81,61,5.8,40.25,0.83,1.75,31.85,75.02,2439.53,4.07,4.99,14,145.56,Rice
149,74,48,6.84,40.47,0.25,0.27,38.36,40,1482.03,4.38,12.83,1999,105.17,Sugarcane
103,62,69,5.71,49.07,0.98,2.78,22.27,57.46,1912.88,6.68,7.06,1509,102.96,Rice
111,16,103,7.05,51.15,0.52,2.38,31.17,39.77,235.2,9.24,9.38,152,188.93,Millet
130,14,108,5.97,11.36,0.98,1.38,35.01,68,1403.81,7.83,11.07,374,235.99,Sugarcane
27,33,60,7.94,46.67,1,1.69,34.94,76.33,243.22,11.51,18.69,320,159.11,Millet
54,37,93,7.04,49.19,1.25,0.19,11.03,80,2404.8,6.06,5.95,2107,64.61,Wheat
100,71,25,5.36,45.02,0.5,1.54,20.67,73.94,897.9,4.83,1.85,61,187.69,Barley
69,26,107,5.84,45.68,0.8,1.34,10.4,39.55,667.94,4.91,3.2,2088,247.94,Cotton
123,29,23,7.89,12.07,1.45,1.19,26.77,79.7,2793.9,5.8,1.98,1180,222.67,Rice
151,12,99,6.05,32.1,1.15,2.46,35.95,50.06,250.42,5.89,15.33,1282,143.82,Millet
21,46,93,6.64,50.91,1.47,0.63,34.45,80.15,753.9,7.03,19.64,155,201.91,Millet
153,24,51,7.1,56.7,1.41,0.61,34.34,45.05,873.36,8.51,2.52,1366,88.06,Barley
73,60,60,5.89,21.47,0.99,1.61,20.56,58.54,2503.85,5.99,6.41,2097,166.7,Rice
125,57,33,5.68,38.96,0.54,2.09,11.39,64.59,2188.23,8.12,17.22,1951,105.07,Sugarcane
23,17,116,6.4,50.22,1.18,0.17,15.17,32.08,2908.74,7.82,18.05,1939,299.73,Wheat
73,22,91,5.36,47.62,1.11,1.68,30.12,84.22,2145.6,6.47,5.11,1688,168.37,Rice
63,57,52,5.64,40.94,0.97,0.97,14.02,60.69,861.69,7.47,18.46,9,193.53,Barley
33,12,82,4.75,10.93,1.11,2.29,13.76,41.52,667.14,7.07,11.98,207,122.65,Cotton
114,74,28,5.72,46.19,1,1.46,20.61,39.65,2315.14,11.6,19.91,962,263.42,Rice
67,82,93,5.78,48.66,0.88,2.52,12.84,71.19,2722.53,4.55,1.43,1690,250.17,Wheat
34,40,70,8.35,46.14,0.74,1.25,19.89,34.9,2752.68,10.14,15.93,414,108.21,Wheat
59,35,115,6.86,48.29,0.26,2.5,39.09,56.39,2359.07,6.48,2.05,1681,80.94,Rice
101,65,103,7.65,31.55,1.33,2.18,10.6,62.42,2424.23,5.48,14.95,1492,86.3,Wheat
130,43,72,4.68,59.69,1.33,2.5,34.92,43.99,2054.63,10.97,18.94,782,193.19,Rice
72,18,35,4.93,48.54,0.97,2.46,39.81,37.75,2260.32,7.76,7.21,318,342.62,Rice
43,71,104,7.76,38.93,0.55,1.51,23.09,59.44,524.94,8.08,7.44,1826,303.61,Barley
143,22,44,6.99,56.71,0.24,1.17,38.29,50.42,1121.78,7.33,5.55,1061,191.02,Sugarcane
60,78,76,5.26,55.41,0.2,2.32,17.83,38.41,1482.68,7.24,9.19,650,251.9,Pulses
34,50,65,6.12,50.73,0.29,1.15,39.47,42.62,2060.1,9.54,9.98,512,180.7,Rice
64,86,49,6.65,38.18,0.67,0.36,35.85,58.26,1369.51,10.08,11.87,1079,345.91,Rice
84,10,38,7.87,36.36,0.44,2.59,36.54,37.98,1249.99,10.31,14.08,989,165.44,Barley
108,56,15,4.74,26.44,0.54,1.25,13.91,86.17,1778.07,8.2,12.74,2385,341.39,Sugarcane
90,13,61,6.89,22.54,1.11,0.48,36.1,76.53,1304.4,9.62,2.88,668,290.85,Pulses
28,72,10,7.37,35.62,1.45,1.97,38.25,49.53,403.11,10.22,13.01,1126,169.66,Millet
107,61,61,8.41,38.89,0.47,2.68,34.57,45.5,2914.37,9.47,4.66,1249,302.06,Rice
148,19,33,7.73,22.23,0.81,2.6,12.74,82.46,2793.25,5.55,11.16,1391,232.19,Wheat
155,37,111,5.6,56.13,1.49,1.71,12.54,55.62,309.22,9.69,12.16,1228,253.77,Cotton
82,15,43,7.34,37.86,1.41,0.36,20.73,81.76,1681.72,9.19,9.29,689,96.17,Rice
158,36,16,7.55,36.33,0.66,2.12,31.15,74.55,2195.77,4.77,8.94,1766,292.25,Rice
100,21,84,7.42,31.78,0.62,1.87,10.37,35.53,1907.62,9.17,9.08,1439,151.62,Wheat
155,71,20,7.78,12.9,0.51,0.71,38.52,78.82,1189.48,11,5.46,1455,107.76,Sugarcane
52,61,45,8.11,54.12,0.4,2.71,25.76,62.39,2449.17,7.31,16.26,2378,295,Rice
142,57,29,4.89,25.85,0.8,0.35,20.75,70.66,1921.29,5.07,10.23,379,304.17,Rice
24,76,72,4.92,42.12,0.64,1.18,26.84,43.14,869,8.89,10.6,52,308.71,Maize
60,55,89,7.69,40.37,1.17,0.37,31.47,30.02,1911.45,5.91,4.51,836,314.33,Rice
47,83,72,5.51,39.22,0.51,2.74,18.2,50.02,969.08,8.36,10.03,1407,296.86,Cotton
154,24,78,4.73,36.29,1.16,0.2,18.73,41.44,1868.38,9.35,9.31,1821,132.11,Sugarcane
91,80,97,6.1,19.07,0.57,1.33,24.05,56.11,2340.09,8.08,8.87,2435,229.52,Rice
31,45,39,7.78,24.03,0.97,2.6,30.1,35.45,1047.12,6.47,9.48,71,182.1,Pulses
52,23,39,5.01,36.21,1.03,0.83,31.19,83.7,991.06,10.86,5.68,1271,174.46,Barley
67,87,112,7.19,49.47,1.07,0.4,19.72,37.12,2234.77,5.09,16.1,1933,242.78,Wheat
81,12,110,4.51,31.6,0.43,0.47,19.67,75.85,1623.44,4.34,4.71,1098,273.11,Wheat
56,76,106,4.94,20.2,0.57,1.27,24.61,86.36,588.64,10.63,11.25,734,250.89,Cotton
118,28,93,5.9,14.4,0.52,1.34,26.26,38.89,1727.95,4.27,7.13,1512,159.4,Rice
123,85,31,4.83,43.15,0.95,2.18,29.48,50.79,2056.99,7.9,14.66,1906,326.87,Rice
54,63,114,7.88,31.17,0.3,0.79,28.53,73.86,1575.68,8.3,14.13,346,121.41,Rice
120,78,70,7.96,16.27,0.87,2.14,21.18,72.87,1947.65,6.71,14.27,761,65.39,Rice
150,19,30,7.52,43.72,0.31,3,18.91,32.24,1221.59,6.21,17.82,516,71.67,Wheat
20,42,46,5.47,20.38,0.64,2.61,19.24,34.24,2657.88,9.92,15.83,880,62.25,Maize
24,22,36,6.59,35.45,1.09,1.94,29.36,37.21,871.9,6.93,7.26,861,335.42,Potato
122,60,111,5.24,25.31,0.74,2.83,22.99,64.08,987.77,4.99,8.48,893,131.33,Potato
46,41,44,5.63,56.58,0.56,2.97,14.03,33.3,2366.25,7.71,17.48,1676,237.87,Tomato
156,84,47,6.56,21.41,1,1.75,10.18,65.3,362,9.81,16.65,2332,269.88,Wheat
34,33,113,7.44,31,1.16,0.89,10.89,50.55,2964.66,6.46,18.5,1452,328.24,Wheat
109,44,69,4.88,57.97,0.53,2.75,36.03,70.16,1961.24,5.06,16.93,1357,244.78,Rice
61,79,79,5.69,25.94,0.59,2.55,23.73,76.92,2460.85,6.73,3.46,853,101.96,Rice
143,49,41,8.21,42.23,1.03,0.35,29.72,77.48,1835.04,8.36,7.27,400,152.11,Rice
82,63,89,6.22,25.84,1.45,2.82,37.87,32.26,2401.72,4.81,6.56,210,61.7,Rice
115,53,101,8.26,15.53,0.48,1.16,13.79,86.83,1415.76,5.88,8.2,2477,120.49,Wheat
71,71,89,8.47,41.38,1.05,1.03,23.43,65.2,1814.88,11.77,6.55,1780,116.56,Rice
115,77,36,6.61,55.8,1.38,1.1,26.17,83.74,2053.39,5.63,15.91,2280,132.34,Rice
151,42,12,5.65,32.63,0.8,1.03,35.25,66.91,2725.4,4.51,14.32,1269,317.86,Rice
48,86,58,7.66,41.31,0.61,1.6,39.81,59.05,297.36,7.46,4.78,1507,227.76,Millet
55,65,94,5.14,40.44,1.07,1.78,31.35,73.78,504.95,4.59,4.42,2038,257.93,Millet
32,45,111,5.51,30.75,0.24,1.33,29.26,43.17,2133.81,4.11,5.14,758,241.44,Rice
90,63,111,7.64,40.74,0.67,1.3,37.61,36.19,1164.21,4.12,6.97,2198,66.57,Wheat
105,28,39,6.23,22.97,0.54,2.24,35.12,35.43,2097.65,6.37,13.97,2342,205.08,Rice
47,52,31,5.31,28.9,0.49,0.11,35.95,80.95,837.66,4.59,8.01,253,243.53,Barley
85,21,28,7.1,32.12,0.43,2.85,10.08,84.75,1959.13,5.54,9.06,1957,307.2,Wheat
64,20,40,7.43,53.2,1.16,2.17,25.43,78.86,1538.72,9.19,1.8,2151,322.4,Rice
81,79,29,5,27.42,1.44,2.15,33.48,84.27,544.17,6.31,10.12,118,116.3,Millet
153,21,28,5.61,41.76,0.7,1.32,15.44,89.09,2802.4,8.6,9.39,1995,106.19,Sugarcane
47,50,11,5.39,20.67,0.26,2.9,32.54,61.56,2418.15,7.29,13.99,1578,192.11,Rice
47,34,49,6.02,22.63,1.13,0.1,10.27,39.23,2387.01,11.08,4.83,1573,174.12,Wheat
127,12,48,7.55,42.42,0.9,0.32,27.26,66.48,2151.39,9.57,14.73,2169,277.72,Rice
63,12,100,7.35,48.12,1.14,2.43,35.54,51.23,259.78,10.82,14.64,1613,159.58,Millet
103,37,81,7.15,33.11,1.04,2.24,22.94,50.79,1612.94,8.15,12.83,205,343.38,Rice
49,32,118,4.53,26.75,1.38,0.89,32.18,73.67,2302.69,10.25,7.8,1902,242.13,Rice
94,57,63,5.07,55.51,0.38,1.82,25.91,35.44,806.9,8.92,2.12,1856,117.77,Rice
147,76,36,5.39,16.79,0.42,1.64,29.42,32.25,1922.74,9.95,5.5,1788,163.1,Rice
111,51,88,5.59,46.04,0.64,1.63,25.5,71.72,2802.55,9.48,18.67,1247,249.09,Rice
148,49,21,5.09,44.51,0.84,1.83,24.28,45.64,2308.21,6.4,17.71,106,233.22,Rice
140,15,87,6.14,44.51,1.4,2.98,35.25,53.13,1733.39,5,4.75,1738,269.88,Rice
46,29,80,4.8,56.77,1.38,2.96,12.78,48.46,1067.79,10.45,7.1,264,176.85,Potato
140,20,26,7.5,46.41,1.33,2.95,27.54,66.89,1982.31,4.62,1.19,451,276.64,Rice
135,36,99,7.65,25.08,0.49,1.69,13.44,39.27,2200.33,8.84,6.9,80,172.77,Wheat
22,30,110,6.8,27.67,1.15,1.02,26.88,73.24,1985.76,11.91,16.21,2367,94.57,Rice
122,22,93,4.86,29.56,0.7,1.72,38.91,85.5,2315.17,5.46,11.85,1466,84.15,Rice
156,44,19,8.06,11.54,1.41,1.91,11.71,80.17,981.89,9.95,17.51,1816,338.43,Wheat
81,56,28,8.36,55.68,0.48,1,22.66,84.42,1621.87,11.63,19.27,1120,65.09,Rice
70,37,91,5.31,13.68,0.38,1.94,34.06,86.22,1736.28,7.96,5.2,643,253.64,Rice
78,30,39,7.32,44.99,1.3,1.9,21.09,52.34,451.68,8.58,11.54,1002,338.76,Cotton
137,27,39,7.87,46.51,1.13,2.72,25.61,77.74,694.32,6.94,15.35,1996,177.55,Millet
115,40,34,6.66,52.19,1.27,0.79,13.44,59.69,1058.54,7.53,12.81,1915,267.24,Wheat
132,69,97,5.79,37.67,0.41,2.12,16.69,46.19,333.72,9.04,5.94,2332,190.06,Wheat
81,46,83,6.41,46.26,1.35,1.41,30.59,74.81,854.09,10.97,19.57,1187,330.18,Potato
71,30,75,6.55,25.14,1.08,0.48,34.86,44.65,1662.04,11.62,13.81,192,176.1,Rice
31,23,111,6.1,47.28,1.05,1.02,29.39,36.58,1716.89,8.35,1.19,582,97.3,Rice
58,69,105,8.22,27.17,0.96,0.27,35.11,72.28,898.4,10.26,10.81,943,157.56,Cotton
149,32,44,7.48,55.14,1.19,1.03,28.17,47.25,2850.17,9.89,4.15,549,326.31,Rice
150,38,60,5.47,18.17,0.74,0.3,34.31,48.36,1508.07,5.98,14.74,168,226.73,Rice
132,56,110,6.84,25.79,0.37,2.78,39.49,82.87,1984.37,7.69,2.24,2411,132.13,Rice
120,39,80,7.25,34.94,0.9,0.4,12.48,38.13,285.01,9.47,7.47,1981,188.62,Wheat
132,47,80,5.06,48.79,1.17,2.47,24.39,75.89,1317.71,5.03,6.96,884,216.71,Sugarcane
100,36,36,5.93,47.44,0.4,2.73,15.7,53.17,1717.9,11.07,17.94,1806,60.55,Maize
132,24,19,8.12,20.54,0.49,1.46,23.96,83.58,1074.31,7.22,17.6,2365,273.99,Sugarcane
21,68,106,6.77,17.21,1.11,0.26,24.99,56.42,679.84,7.63,16.64,561,83.77,Wheat
149,12,52,5.37,25.2,0.55,1.83,28.66,54.54,763.21,10.96,15.18,1651,332.49,Millet
73,19,64,4.99,34.19,0.42,0.78,23.18,55.79,1506.34,5.38,19.14,30,214.69,Rice
106,88,80,6.57,36.95,1.36,0.61,19.74,80.26,398.84,4.28,4.63,1290,63.95,Wheat
148,89,15,6.69,31.46,0.41,1.74,11.3,30.63,856.49,6.29,16.58,2167,227.21,Wheat
145,26,15,5.84,43.15,0.65,1.13,11.04,72.29,2214.71,5.2,13.8,124,143.94,Sugarcane
149,20,86,7.02,31.38,0.76,2.22,15.25,42.31,801.27,11.88,14.33,1634,328.19,Wheat
72,57,57,4.77,57.32,0.82,1.81,23.47,82.93,527.42,8.53,9.11,1693,172.56,Wheat
87,14,86,5.08,23.05,0.67,2.51,22.53,52.56,434.53,8.52,13.39,60,162.2,Cotton
142,78,11,6.69,41.37,1.39,0.27,15.72,50.34,2968.44,10.35,5.51,1955,321.49,Wheat
57,73,92,4.75,40.57,1.06,0.78,34.67,72.76,443.22,6.07,11.07,1686,190.34,Millet
43,23,60,8.02,24.08,0.67,1.74,30.5,73.35,1413.8,8.18,19.44,1550,281.59,Cotton
88,59,70,5.07,30.58,0.67,2.65,20.29,68.02,1631,5.14,14.01,764,219.6,Rice
135,35,28,7.2,28.27,0.85,2.46,33.91,49.79,2900.81,4.75,13.83,805,223.9,Rice
117,81,111,6.06,18.62,0.24,2.07,39.68,66.62,2695.08,7.52,5.47,1511,54.8,Rice
158,78,11,6.1,33.86,1.4,1.76,17.35,33.26,865.5,11.3,16.98,1317,125.38,Wheat
116,16,60,7.56,29.33,0.49,1.93,20.88,87.31,437.16,7.53,18.54,2070,186.05,Wheat
143,25,35,6.5,18.92,1.11,0.72,39.79,57.16,1426.2,7.61,3.06,58,128.87,Sugarcane
89,64,79,7.4,32.49,1.21,1.83,14.14,48.27,482.56,10.92,9.6,2308,204.72,Wheat
112,87,29,6.52,31.09,1.28,1.53,12.32,81.65,2639.1,6.29,13.65,1688,325.62,Wheat
22,65,32,6.87,16.57,0.42,1.21,25.63,49.45,2170.57,7.92,17.79,265,254.74,Rice
109,13,63,7.54,16.56,0.9,2.67,24.05,89.83,2842.6,5.32,11.2,879,336.53,Rice
115,57,24,6.93,42.38,0.31,2.51,12.35,71.44,1794.47,10.77,8.98,1227,222.27,Wheat
71,26,15,6.96,45.33,1.25,0.32,18.7,68.97,1220.39,4.3,1.75,1301,186.68,Wheat
147,45,101,7.66,57.06,0.83,2.96,22.57,39.11,1601.81,7.3,11.48,1593,266.4,Rice
58,79,44,8.3,14.35,0.41,0.77,34.67,66.59,650.18,6.21,7.26,1694,328.16,Millet
101,89,84,6.01,15.89,1.13,0.72,31.24,39.31,1496.58,6.06,19.87,2364,83.36,Sugarcane
123,47,17,6.81,12.59,0.63,2.84,37.44,77.02,2996.38,5.95,12.36,417,322.88,Rice
148,71,66,4.85,36.61,0.35,1.39,19.97,38.3,2133.42,6.96,5.08,157,140.71,Sugarcane
30,57,59,5.94,41.14,0.8,2.44,19.28,51.53,374.6,11.21,19.86,1269,338.41,Cotton
61,19,58,6.15,30.18,0.51,0.94,23.9,58.6,2231.87,9.67,12.23,593,307.69,Rice
118,45,97,7.84,49.9,1.44,2.63,10.23,78.31,481.85,11.12,15.62,219,228.7,Wheat
26,38,30,6.55,44.33,0.67,2.51,16.22,67.97,1293.8,5.57,19.41,465,58.08,Wheat
109,87,45,7.42,59.29,0.94,1.61,16.34,74.88,2401.5,10.79,15.26,448,155.19,Wheat
131,13,80,4.58,16.89,1.43,2.14,11.83,44.64,558.65,7.44,18.92,1721,159.06,Sugarcane
79,53,78,6.36,12.92,0.71,2.9,23.65,44.24,1019.68,11.85,7.88,705,118.43,Barley
132,65,67,8.11,23.74,0.67,1.41,37.17,52.84,746.73,8.75,1.98,388,269.55,Millet
21,51,72,5.4,10.95,0.41,1.53,10.12,31.12,2636.27,7.9,19.32,134,331.13,Potato
148,22,102,4.63,56.63,1.42,2.2,28.85,79.84,614.17,11.4,11.41,2389,202.71,Millet
67,55,25,6.23,25.2,1.24,1.22,36.38,52.2,1700.2,7.05,15.65,1500,334.2,Rice
159,42,15,7.32,37.62,0.49,2.89,13.23,34.05,970.88,9.99,11.48,2478,207.36,Wheat
56,30,87,6.32,25.9,0.63,0.22,37.52,82.33,1620.32,7.79,15.46,1243,215.75,Rice
28,89,61,6.34,22.29,1.39,1.27,34.56,88.07,668.62,9.87,2.13,486,88.92,Millet
118,88,11,7.18,17.62,0.9,2.17,16.44,68.8,2321.21,6.21,2.27,845,199.54,Wheat
67,66,98,5.52,26.02,0.92,1.35,37.16,51.4,2000.71,7.25,18.48,1011,315.7,Rice
150,78,104,7.51,40.77,1.04,0.85,34.12,54.83,321.59,6.76,9.28,664,237.48,Millet
73,79,86,5.11,58.58,1.19,1.3,13.34,45.37,2853.18,10.95,6.72,1823,245.22,Rice
139,76,27,6.08,37.9,1.42,2.66,34.92,72.68,2700.33,11.43,18.38,93,126.84,Rice
135,57,90,7.12,36.64,1.24,1.69,26.27,51.36,1033.78,9.88,19.98,1386,145.03,Sugarcane
94,85,118,7.81,11.76,1.41,1.07,34.48,31.95,1017.27,10.57,12.67,50,75.4,Barley
132,42,101,7.67,52,1.27,2.05,28.53,32.77,1597.7,6.83,11.64,2093,318.09,Rice
123,45,85,7.39,12.24,0.26,1.87,21.76,66.88,1933.53,5.21,18.43,933,295.83,Rice
103,42,44,5.94,55.31,0.35,1.73,28.03,47.42,1014.9,9.49,4.39,227,343.85,Sugarcane
131,40,95,4.99,36.93,1.35,1.23,29.09,40.12,2426.99,9.1,13.03,899,241.99,Rice
118,30,48,5.37,18.42,0.24,0.31,32.99,63.14,419.79,6.11,16.32,87,310.52,Millet
112,36,10,7.96,32.59,1.23,1.9,34.92,46.71,1313.94,11.3,15.05,328,178.92,Sugarcane
147,81,46,7.93,59.75,1.3,1.32,29.9,34.4,1756.27,6.86,15.22,1760,132.57,Rice
129,71,30,8.31,25.25,0.74,1.34,39.69,41.61,2439.11,10.52,16.29,572,55.3,Rice
101,35,10,4.8,23.47,0.66,0.78,33.36,76.67,2641.09,5.03,5.03,1756,96.96,Rice
73,75,13,6.65,15.9,0.45,0.82,37.32,81.12,884.34,6.29,11.55,56,206.8,Wheat
87,21,105,7.09,39.86,0.26,2.38,19.58,82.33,874.98,8.92,3.09,2409,328.72,Wheat
52,31,67,7.34,14.46,1.17,1.49,19.49,62.09,1231.14,5.94,2.72,2094,100.15,Wheat
40,26,10,7.08,48.3,0.3,0.42,20.87,87.06,1397.16,11.65,16.54,373,51.16,Tomato
67,16,22,7.58,55.96,1.43,0.23,23.19,39.1,2575.53,8.41,16.43,732,298.35,Rice
147,77,55,5.94,56.59,0.59,0.75,38.84,70.7,221.2,9.85,4.47,1661,312.76,Millet
155,46,56,5.22,15.4,1.23,1.51,12.21,72.26,2117.89,8.49,11.75,447,76.37,Sugarcane
154,47,90,5.32,37.91,0.28,1.89,24.95,33.19,816.16,7.25,1.74,1059,292.54,Wheat
147,20,85,4.55,14.86,0.9,0.52,14.83,46.95,2670.73,10.58,8.05,461,261.76,Sugarcane
52,10,16,5.9,38.6,0.65,1.36,34.33,86.94,1088.57,4.18,3.8,1537,180.1,Sugarcane
134,34,60,4.87,50.75,0.24,0.31,10.93,75.54,1705.16,7.41,8.08,1606,276.15,Sugarcane
138,51,12,5.79,36.89,1.05,0.21,23.65,33.28,1121.3,11.05,12.02,2318,79.55,Sugarcane
41,61,59,7.01,53.6,1.43,2.6,21.84,62.45,1390.79,4.68,16.29,1502,322.9,Rice
57,33,35,8.08,50.08,0.21,2.01,12.77,68.92,1662.25,5.66,10.75,2279,185.26,Wheat
128,62,40,7.86,23.83,0.55,2.37,21.3,88.39,2293.1,11.68,18.7,1672,51.93,Rice
70,65,109,5.51,41.51,1.11,0.63,34.27,72.99,538.12,11.67,2.92,1941,337.98,Millet
27,72,71,5.04,10.37,1.33,1.03,14.12,68.32,1186.24,7.08,11.24,1277,181.41,Sugarcane
46,17,35,5.27,29.8,0.45,1.39,39.51,84.51,1990.98,10.02,18.24,2269,167.55,Rice
46,68,76,8.38,21.9,0.29,2.01,11.75,69.66,1848.64,9.01,5.45,106,215.72,Wheat
40,54,117,6.7,56.86,0.21,1.65,18.67,85.93,2386.33,7.94,15.65,1788,348.88,Wheat
49,36,64,5.23,30.27,0.48,1.7,33.25,59.57,2689.41,10.51,5.85,91,75.11,Rice
116,61,37,7.86,42.7,0.29,0.56,20.73,73.11,463.41,9.21,19.58,892,289.87,Cotton
47,27,53,6.08,46.6,0.67,1.48,24.41,67.91,2198.76,4.73,15.38,1551,149.32,Rice
130,25,90,8.1,48.66,0.77,2.49,15.6,63.15,995.22,10.72,13.41,400,101.4,Wheat
80,75,47,5.54,46.79,0.82,1.58,31.46,49.45,1547.88,6.2,17.59,2254,284.97,Rice
67,14,39,6.07,24.46,0.39,0.68,15.39,84.23,1957.77,9.06,12.17,1483,348.72,Wheat
23,12,75,6.52,44.3,0.8,1.3,35.46,46.2,621.71,10.2,6.55,899,287.63,Millet
54,89,17,8.07,37.45,0.21,2.29,26.18,39.56,1170.45,11.18,7.04,660,252.14,Potato
68,79,23,7.98,39.87,0.51,0.49,26.44,72.72,2933.03,11.4,12.19,75,291.41,Rice
36,16,110,6.8,10.04,0.68,1.78,38.01,62.79,581.63,11.41,11.03,1374,102.83,Millet
65,59,108,5.39,22.91,0.35,2.9,33.19,45.77,433.33,9.26,18.25,1676,208.09,Millet
136,23,115,6.11,56.53,1.26,1.2,32.29,82.22,2543.04,8.99,11.3,1247,141.39,Rice
25,47,112,8.4,24.5,0.46,0.23,35.74,47.17,1405.78,4.12,10.7,2104,248.01,Barley
118,88,71,6.93,31.9,1.18,1.94,12.75,33.83,2089.42,4.68,9.52,1593,90.38,Wheat
143,56,84,7.62,19.33,0.82,0.24,31.78,30.92,1056.06,7.14,3.45,2428,277.71,Sugarcane
56,42,72,6.3,16.93,0.82,0.66,17,85.37,755.61,10.34,3.29,93,196.42,Wheat
43,52,88,6.63,20.43,1.04,0.24,18.43,54.13,794.93,8.74,13.69,94,233.13,Wheat
112,38,75,6.22,37.68,0.26,0.59,10.45,42.81,747.65,5.88,9.72,1691,203.13,Wheat
65,66,110,7.31,55.95,0.3,2.58,36.81,64.03,891.52,4.98,11.38,1085,103.54,Rice
114,14,116,7.91,26.31,0.62,2.23,32.17,59.27,819.42,7.75,18.61,1042,245.36,Wheat
118,69,105,6.53,26.17,0.74,1.09,14.18,89.99,2478.35,11.3,15.88,1711,242.54,Wheat
135,79,49,6.42,38.21,0.76,2.7,19.84,83.31,1693.22,4.43,8.21,1608,306.62,Wheat
86,11,22,5.86,27.84,1.08,2.03,24.4,46.27,1030.21,7.7,15.78,1590,157.7,Rice
147,79,116,5.21,55.52,0.2,1.4,24.82,71.86,1166.16,4.47,19.5,56,141.34,Sugarcane
37,52,26,8.26,28.89,1.45,0.3,27.87,53.23,2881.83,6,4.1,482,217.87,Rice
44,13,24,5.76,34.52,0.43,2.22,24.17,51.87,714.84,11.63,18.04,1705,124.42,Barley
73,65,42,7.7,36.67,0.52,1.19,29.46,52.03,2682.91,4.84,7.73,276,148.95,Rice
77,68,25,7.36,49.1,1.38,0.98,36.52,68.36,2263.05,4.41,14.98,1474,111.72,Rice
86,18,22,7.66,38.2,0.21,0.94,21.94,62.28,1917.67,4.7,13.91,2000,284.28,Rice
123,12,95,8.25,21.96,1.49,0.12,36.3,75.3,1947.46,9.53,14.44,1728,299.59,Rice
43,57,32,6.99,16.2,0.25,2.25,16.59,39.18,1384.23,4.1,17.95,1569,217.53,Wheat
133,52,45,8.09,56.89,0.36,0.52,13.64,55.53,1428.78,7.15,12.98,2330,264.81,Wheat
51,10,52,5.17,50.08,0.51,1.61,17.18,81.62,2429.03,11.63,4.62,1647,274.69,Wheat
105,66,59,7.01,11.15,0.77,0.15,16.2,30.19,2470.42,4.55,13.71,1950,294.99,Wheat
146,62,83,7.59,51.08,0.87,1.92,39.55,67.41,1799.24,11.46,7.43,2211,253.92,Rice
149,25,90,5.59,39.53,0.34,1.17,21.43,77.14,2352.06,4.94,19.13,300,308.33,Rice
36,60,103,7.46,35.94,0.3,1.93,29.54,53.03,2468.15,5.02,6.95,463,314.49,Rice
123,84,22,7.61,10.61,0.24,0.36,30.88,83.02,1129.91,8.84,5.58,854,257.34,Sugarcane
156,64,39,7.82,49.04,0.53,0.87,23.36,74.14,1945.4,5.95,1.3,2389,347.14,Rice
62,10,66,5.75,19.9,1.4,0.42,16.71,66.36,1420.22,4.02,17.38,1331,257.66,Rice
58,37,119,7.23,46.4,0.71,1.97,23.14,41.9,474.7,10,18.41,1998,181.62,Maize
45,62,39,5.72,10.79,1.19,0.41,24.21,70.21,2015.7,6.97,2.29,2311,262.79,Rice
118,67,80,7.46,49.82,0.45,1.89,38.62,80.03,1844.96,11.27,8.88,190,265.73,Rice
69,82,19,6.35,11.15,0.28,0.49,27.06,73.79,487.27,6.22,8.95,1763,160.81,Millet
32,69,108,6.89,21.79,0.92,2.84,39.1,64.49,398.28,9.35,16.21,1450,324.44,Millet
79,68,75,6.16,23.41,1.27,1.31,27.3,72.87,898.98,6.61,7.53,256,115.81,Potato
154,31,103,5.15,17.88,1.37,0.47,14.35,88.61,2533.56,5.19,7.52,2223,290.51,Sugarcane
76,17,92,5.21,34.05,0.91,0.22,21.53,30.65,378.3,11.8,7.3,2013,293.37,Wheat
55,58,48,4.81,24.18,0.58,1.06,33.77,69.84,1489.03,8.71,9.15,973,340.78,Pulses
39,51,46,6.97,59.66,0.34,2.69,22.65,77.58,701.3,10.72,13.21,2373,256.19,Maize
84,36,12,7.89,39,1.07,0.52,12.99,68.33,909.95,6,19.4,955,107.73,Wheat
27,48,98,4.58,38.32,0.56,2.39,12.88,46.39,2355.79,7.15,11.04,1181,317.03,Tomato
134,34,43,4.76,21.04,1.3,1.31,17.11,79.37,2581.69,7.82,8.4,1785,103.1,Sugarcane
111,47,95,6.33,30.43,0.99,2.43,26.94,84.8,1824.81,9.04,1.33,1612,217.3,Rice
117,33,47,7.45,16.2,1.32,2.64,34.9,71.01,2617.08,7.16,4.04,1455,96.46,Rice
85,33,23,5.13,48.13,0.94,2.99,26.01,60.66,2599.24,5.98,19.01,677,307.08,Rice
51,69,73,5.59,26.56,1.2,0.3,32.38,51.98,820.25,5.52,5.93,1487,108.29,Potato
105,59,48,5.43,47.6,0.58,2.41,29.37,49.8,2006.05,8.79,4.83,1848,221.86,Rice
70,75,63,6.1,28.58,0.85,0.3,25.72,73.39,2379.32,5.98,4.27,155,119.49,Rice
82,23,11,5.4,59.44,0.23,1.01,16.44,66.43,1770.95,7.17,12.17,331,210.95,Potato
144,62,105,5.91,18.56,0.99,1.97,36.5,39.41,2456.18,4.28,8.5,523,206.53,Rice
77,41,52,7.41,10.08,0.89,1.4,18.27,38.47,1960.73,6.05,12.09,1984,155.8,Wheat
77,57,62,6.94,39.74,1.18,1.74,17.58,34.27,996.48,7.86,19.51,197,99.26,Wheat
105,48,12,4.82,57.65,1.15,2.9,17.73,71.01,2119.67,10.37,2.42,2175,219.5,Sugarcane
68,49,50,7.05,42.35,1.02,2.47,12.87,48.86,1846.4,6.98,3.56,47,279.66,Wheat
89,51,17,6.41,14.29,0.27,1.15,24.96,31.21,1949.86,6.36,11.9,75,102.06,Rice
34,86,99,8.24,37.02,1.37,1.84,19.83,50.26,466.9,8.13,4.12,2206,326.13,Wheat
73,85,105,5.66,55.47,0.22,0.24,25.66,79.93,552.06,4.4,13.6,1114,134.91,Millet
120,17,84,7.4,10.33,1.24,1.41,23.59,44.86,2481.03,6.83,16.47,109,304.13,Rice
27,88,72,7.42,18.35,0.82,1.86,25.59,68.01,1407.56,5.08,14.83,176,290.18,Tomato
72,35,74,5.39,50.73,1.26,2.17,18.93,56.38,802.78,6.03,7.03,1735,54.42,Cotton
79,21,88,8.11,54.7,0.8,2.71,34.45,62.93,459.49,7.13,16.93,522,147.69,Millet
127,52,13,6.46,45.36,1.04,0.92,26.03,65.75,936.13,4.46,10.7,2310,260.61,Wheat
24,60,77,7.22,59.58,0.67,2.72,16.25,57.29,1026.55,10.38,15.88,1877,227.73,Wheat
122,72,101,5.08,14.51,1.17,2.02,37.05,33.47,2952.3,6.2,19.28,1,210.66,Rice
25,58,19,5.53,37.28,0.53,0.33,13.28,64.06,2536.61,5.86,9.84,492,131.02,Barley
128,36,84,6.84,44.25,1.14,1.2,32,53.85,419.68,6.75,9.84,2074,342.79,Millet
135,18,59,5.78,45.13,0.45,1.48,30.35,41.99,2295.66,6.94,5.73,1432,211.08,Rice
113,48,32,6.5,49.67,1.14,1.12,12.19,83.79,1779,10.5,3.34,1325,208.05,Wheat
66,74,70,6,55.88,0.58,0.44,37.05,74.16,839.73,6.28,14.97,2378,193.34,Pulses
118,80,56,7.06,28.08,0.56,1.7,19.49,47.04,2290.42,7.68,15.22,1017,159.21,Wheat
74,80,12,6.45,12.15,1.25,0.48,32.23,62.34,284.5,7.99,10.39,2137,213.06,Millet
71,16,112,4.52,28.12,1.26,2.75,18.31,87.79,2248.29,6.44,15.38,1246,96.51,Barley
32,81,112,7.1,43.58,1.1,2.61,25.77,44.73,2706.81,10.27,5.63,2224,220.02,Rice
133,89,26,6.19,20.67,1.4,1.48,39.17,86.84,2671.32,8.99,1.07,1847,71.26,Rice
143,76,31,5.87,50.5,0.4,0.3,28.32,71,2362.55,9.77,1.62,523,119.05,Rice
125,19,100,4.88,20.99,0.55,1.7,18.89,62.45,2817.25,4.44,11.61,1469,125.94,Sugarcane
139,80,25,5.38,10.5,0.58,1.82,23.75,88.99,2180.52,10.56,1.97,1929,322.1,Rice
82,62,89,5.4,35.4,0.6,2.68,30.28,50.02,2122.84,5.92,16.76,921,95.59,Rice
38,66,113,8.24,46.32,0.63,0.3,23.36,46.69,273.34,4.73,14.56,8,162.33,Potato
111,36,12,6.23,27.48,1.11,2.11,37.32,50.38,687.73,9.29,17.64,280,335.97,Millet
77,63,61,4.67,47.44,0.55,1.73,36.02,75.05,2388,5.74,14.08,977,142.26,Rice
109,13,42,5.06,31.92,0.57,0.61,14.4,50.22,2993.01,7.25,2.18,1258,321.42,Sugarcane
136,32,51,4.82,18.59,0.94,0.45,33.55,36.17,2215.81,9.66,7.08,1787,327.69,Rice
81,57,11,6.86,14.53,0.45,2.11,38.27,68.66,1823.52,4.82,7.78,107,69.54,Rice
42,51,48,5.25,45.53,0.67,1.09,19.51,43.38,713.57,5.02,12.03,245,311.18,Potato
146,12,55,6.49,29.29,0.28,3,17.15,30.25,2854.15,9.32,19.29,700,206.08,Wheat
156,12,57,5.98,55.64,1.44,2.69,10.29,41.95,2019.25,7.6,15.63,2317,321.24,Sugarcane
159,37,36,7.72,37.01,0.61,1.74,13.47,79.15,1569.31,5.77,5.79,922,72.81,Wheat
148,72,24,5.78,27.42,1.31,1.96,38.83,86.41,2611.88,8.13,2.85,85,68.14,Rice
77,40,16,6.33,27.45,0.89,0.56,21.73,69.72,2869.19,8.95,18.04,2064,174.63,Rice
141,19,118,7.39,16.57,0.5,2.69,21.62,48.63,1239.32,7.24,12,779,296.51,Sugarcane
20,58,66,6.23,39.69,0.45,1.43,18,56.19,1644.2,5.38,3.76,2057,70.53,Wheat
53,30,51,7.67,39.11,1.1,1.61,14.92,41.67,522.29,9.18,16.89,748,193.85,Wheat
115,62,18,7.15,50,1.45,2.63,25.26,82.85,2887.59,4.97,13.02,717,251.13,Rice
145,85,114,6.14,20.06,0.44,0.12,31.7,69.93,537.89,9.23,17.9,1663,192.25,Millet
137,63,15,6.52,24.54,0.35,1.53,26.52,35.06,2801.28,6.17,15.47,450,98.1,Rice
67,66,66,8.37,14.86,0.7,1.92,11.06,52.02,734.9,4.01,10.9,263,145.09,Wheat
108,29,85,7.15,24.77,0.71,0.56,34.1,62.28,2744.57,7.73,11.71,1637,135.75,Rice
136,58,39,8.12,31.41,1.25,0.3,37.95,77.84,1466.46,6.48,10.94,1780,63.41,Sugarcane
148,16,64,5.22,58.2,0.81,1.65,23.21,85.23,1857.78,5.84,2.04,1988,124.33,Rice
35,38,93,6.43,42.65,0.28,1.69,20.99,37.96,299.74,7.99,18.76,289,276.42,Potato
88,57,93,8.13,49.14,1.4,1.06,16.9,80.07,1304.28,6.69,19.76,832,221.39,Wheat
41,22,63,5.79,26.28,0.69,2.66,19.06,33.95,1581.5,6.36,6.78,2308,222.52,Potato
112,12,119,8.37,17.23,1.07,0.97,29.33,44.43,226.4,10.1,16.57,76,122.94,Millet
95,11,36,4.89,22.84,1.07,1.6,33.1,31.26,2050.4,4.66,19.95,665,148.69,Rice
105,25,93,8.11,22.82,0.27,0.64,19.97,33.83,2548.91,7.18,1.37,1577,246.28,Wheat
48,15,68,6.28,39.16,0.2,0.13,20.19,31.95,269.38,5.97,7.12,161,121.52,Barley
88,54,16,4.79,27.07,0.31,1.34,23.53,38.76,1579.1,6.28,11.83,1970,321.59,Rice
66,80,49,8.02,52.87,1.44,1.63,15.11,82.59,294.45,7.53,8.49,805,278.06,Wheat
113,14,113,5.51,59.43,1.23,2.32,37.82,47.03,2645.22,11.38,19.39,411,56.84,Rice
104,65,103,4.59,27.16,0.37,1.4,31.16,58.78,650.28,9.27,4.64,585,260.02,Millet
58,80,81,5.04,45.25,1,0.91,23.01,59.23,363.87,5.54,8.47,1363,65.68,Potato
119,41,11,7.14,42.87,1,1.85,13.67,89.72,2601.55,8.58,14.93,484,55.49,Wheat
52,58,23,8.41,19.72,0.2,1.21,35.46,51.88,1444.62,5.23,16.14,1852,268.75,Potato
120,22,19,4.95,55.9,0.76,0.78,24.51,45.91,467.15,11.08,2.92,2148,177.95,Rice
42,39,59,6.35,19.97,1.13,2.74,33.91,87.79,2014.17,7.39,5.19,90,212.34,Rice
29,34,27,5.22,46.85,0.44,1.66,11,65.55,2175.68,11.6,3.51,1387,174.8,Sugarcane
88,69,27,7.48,27.38,1.31,0.68,18.21,47.37,1791.34,9.3,10.5,464,171.8,Wheat
119,68,25,4.97,28.35,1.06,2.05,28.66,47.25,1129.96,10.67,11.12,705,133.63,Sugarcane
53,37,61,5.46,32.77,0.21,2.43,24.64,35.18,1388.56,5.43,15.01,1728,335.62,Pulses
157,67,78,5.29,53.23,1.31,2.3,18.85,63.41,2873.55,10.84,17.6,41,65.71,Sugarcane
115,29,61,6.71,17.01,0.23,1.84,16.03,73.42,1696.21,5.52,3.61,556,244.38,Wheat
20,43,40,7.99,12.73,1.35,1.61,19.05,58.48,1311.77,11.81,11.07,654,187.68,Wheat
88,14,110,6.54,30.1,0.63,2.35,32.27,83.07,2182.94,6.24,10.13,2315,209.09,Rice
23,69,93,4.73,12.78,1.11,2.15,15.51,59.04,413.24,9.47,18.01,465,87.99,Cotton
35,52,32,6.75,44.38,1.22,1.76,27.81,50.78,1012.64,8.37,11.03,1623,82.84,Tomato
43,66,105,7.69,48.02,0.57,2.01,22.71,45.05,834.12,7.83,5.38,736,76.83,Tomato
99,66,51,5.03,52.74,0.66,0.59,32.89,44.6,2104.29,7.43,18.59,2026,94.23,Rice
21,84,90,4.79,47.19,0.86,0.16,16.05,48.99,1890.96,7.07,18.69,1719,302.97,Potato
147,63,71,5.25,55.82,0.96,2.8,18.1,89.52,2326.42,6.43,3.39,953,77.15,Sugarcane
103,54,86,7.48,47.42,0.58,2.81,21.96,51.65,1394.96,8.78,17.21,1007,123.61,Sugarcane
159,46,59,6.87,56.8,1.49,2.39,15,61.48,687.04,11.87,16.9,2142,272.24,Wheat
143,57,86,6.66,19.66,1.16,1.18,23.84,46.48,711.92,9.38,12.2,83,314.37,Maize
52,63,90,5.5,34.99,0.56,0.54,22.48,38.61,2698.31,10.06,9.98,844,62.22,Rice
120,57,24,5.83,59.7,1.03,1.14,39.7,68.75,409.7,9.23,4.51,386,295.12,Millet
31,15,99,8.36,44.08,0.77,2.21,27.82,62.71,1863.54,8.13,4.99,2357,253.45,Rice
86,43,53,5.46,53.93,1.32,1.07,12.08,34.07,848.68,10.54,6,676,112.42,Barley
84,72,101,8.11,11.52,0.63,2.41,23.8,82.97,799.98,6.59,2.53,563,109.98,Potato
93,87,51,6.82,53.59,0.44,2.05,36.36,60.46,475.54,6.19,14.53,1328,274.68,Millet
62,57,54,4.99,44.89,0.26,1.93,36,50.12,2941.99,7.07,1.94,2218,199.33,Rice
63,32,103,6.37,18.54,1.48,2.8,38.85,76.76,370.76,8.63,2.82,1094,192.07,Millet
48,22,116,8.29,11.28,0.67,2.69,36.83,36.73,613.7,4,4.14,1412,314.22,Millet
31,56,44,6.17,23,0.49,2.16,15.29,58.43,1222.47,10.68,14.09,53,277.96,Wheat
114,53,31,7.95,55.79,0.84,0.68,10.11,62.93,1476.23,6.43,3.2,1938,90.17,Wheat
65,41,83,5.53,43.41,0.58,2.82,28.49,76.51,2862.24,8.81,4.37,2464,193.2,Rice
149,35,84,6.78,55.97,0.5,0.76,31.07,52.21,877.01,4.42,18.8,834,68.19,Pulses
54,62,47,7.88,32.31,1,1.18,13.94,81.3,2218.74,7.45,6.39,1325,308.56,Wheat
100,23,106,8.18,56.83,0.3,2.5,15.01,71.86,2037.89,4.54,14.19,132,200.18,Wheat
109,61,79,6.44,33.15,0.86,0.71,38.89,76.26,1648.99,4.09,18.73,1874,85.31,Rice
27,45,73,7.06,20.21,0.7,1.95,38.31,88.14,944.97,10.31,1.79,1257,254.41,Sugarcane
112,17,110,4.51,17.57,0.89,1.43,14.71,80.69,638.58,7.24,9.86,254,173.39,Maize
109,49,16,5.51,59.69,0.62,1.91,17.41,50.81,694.26,10.52,11.17,102,162.96,Cotton
134,31,53,5.61,26.69,0.94,2.88,36.76,68.75,1168.78,6.7,15.45,1485,60.14,Sugarcane
124,25,85,4.87,18,0.31,2.44,23.05,82.12,583.94,9.18,19.32,1923,104.55,Sugarcane
154,69,16,5.62,10.42,0.69,0.96,33.94,61.51,2996.03,4.75,1.78,275,318.11,Rice
77,69,75,5.78,24.28,0.51,0.27,21.88,70.97,1448.29,5.52,8.23,512,74.3,Barley
133,19,69,8.38,54.46,0.77,2.9,32.09,40.34,1709.17,7.77,9.19,545,320.33,Rice
94,34,10,7.17,36.7,0.72,1.8,21.9,78.95,1926.08,7.52,19.37,1948,234.02,Rice
139,40,71,6.2,41.62,1.02,0.6,36.98,75.45,748.2,5.55,15.44,358,94.91,Millet
40,30,96,8.45,56.12,1.02,1.92,19.77,83.33,1548.91,10.97,18.77,1708,259.01,Wheat
157,42,98,5.11,35.64,0.74,0.22,25.69,72.61,376.09,6.27,3.57,947,105.23,Millet
120,40,27,6.4,51.91,0.44,0.64,25.65,82.61,2913.67,7.42,1.47,2164,103.56,Rice
118,30,117,7.09,26.19,0.96,1.93,29.47,39.73,1523.91,6.7,19.45,2355,243.66,Rice
55,45,16,4.72,58.86,1.46,1.27,19.2,78.82,283.05,11.96,7.29,1034,344.72,Cotton
115,74,63,7.37,13.94,0.44,1.04,29.28,87.18,1877.41,6.77,13.48,1903,165.74,Rice
56,13,76,4.9,46.24,0.29,2,14.23,78.93,480.32,6.12,3.99,1875,85.29,Cotton
31,77,102,5.06,43.03,0.54,2.61,36.81,66.91,2411.95,11.25,11.51,596,330.32,Rice
132,13,19,5.14,19.58,0.74,2.07,14.33,85.59,2869.4,5.26,18.88,803,107.37,Sugarcane
32,18,70,8.22,29.44,0.6,1.44,35.21,35.67,2766.37,11.35,14.35,1942,345.49,Rice
42,39,68,7.23,25.64,1.29,2.01,30.79,31.01,1397.79,8.55,9.58,645,206.49,Wheat
118,54,68,7.12,14.72,0.84,2.12,20.23,87.92,2195.23,5.79,18.52,2393,317.99,Rice
124,13,116,6.72,39.24,0.52,2.35,19.82,70.98,636.25,6.02,3.39,1307,123.62,Wheat
49,78,78,5.67,59.68,1.44,0.99,38.98,36.85,411.95,9.69,9.92,215,285.73,Millet
36,32,72,6.98,37.98,0.36,0.43,15.85,50.4,2498.94,4.31,11.88,368,303.59,Wheat
132,25,107,6.14,37.26,0.36,2.08,31.69,74.93,2146.47,9.72,1.26,2457,95.56,Rice
81,31,17,5.08,12.02,0.52,0.45,15.51,75.02,2739.77,6.48,1.34,1688,131.43,Potato
103,81,87,7.26,16.96,0.3,1.44,37.16,40.2,2760.85,10.47,12.75,1437,107.31,Rice
131,57,113,5.02,35.66,1.18,0.77,32.26,58.21,1172.38,5,13.43,1637,304.17,Sugarcane
105,71,64,5.26,59.26,0.61,1.06,37.98,78.44,1092.21,5.99,19.65,419,301.23,Sugarcane
38,69,15,7.77,53.83,1.15,1.46,36.37,88.01,1437.32,7.51,6.9,1171,182.71,Cotton
119,89,10,7.14,27.01,1.19,2.7,26.48,67.35,2063.91,11.03,7.51,543,296.41,Rice
159,14,65,7.02,37.15,0.51,2.07,14.57,68.29,213.97,6.27,12.29,1001,329.98,Wheat
95,89,106,6.17,37.64,0.87,0.6,16.64,58.16,1696.91,10.75,15.1,989,272.83,Wheat
28,16,113,6.09,44.27,0.88,2.65,16.05,62.34,255.25,4.82,10.88,1321,91.25,Wheat
47,60,84,7.26,44.39,1.33,1.55,16.62,35.94,1461.89,5.39,12.74,90,295.69,Wheat
147,74,97,7.46,49.49,0.23,0.69,24.29,50.98,430.38,5.26,4.92,2007,54.43,Cotton
71,18,19,6.54,11.25,0.61,1.63,36.03,60.44,1774.21,8.9,14.6,1267,117.46,Rice
102,54,117,8.38,57.18,1.35,0.65,10.69,46.5,1079.97,7.11,8.65,1108,159.98,Wheat
130,56,32,8.32,13.5,0.51,1.17,17.15,51.59,1540.96,10.91,11.97,1600,62.78,Wheat
136,76,25,6.15,33.81,0.38,2.44,27.9,88.27,2881.54,7.89,13.52,141,64.37,Rice
88,33,110,7.78,55.98,0.95,2.01,35.96,30.31,1154.71,10.7,1.14,603,67.68,Wheat
118,19,25,6.67,34.38,0.6,1.49,18.92,48.16,2213.99,5.92,11.95,1955,287.35,Wheat
159,82,65,6.55,13.18,0.81,0.76,21.48,65.04,2113.23,11.45,18.91,1355,79.72,Rice
44,86,117,4.72,21.46,1.27,0.92,21.2,46.74,2633,9.08,2.89,757,189.29,Rice
142,57,104,6.8,38.93,0.88,2.94,18.81,70.59,1136.35,8.05,3.06,1870,277.07,Wheat
72,44,15,8.1,14.39,0.87,1.09,30.96,47.96,357.02,8.87,4.79,402,325.83,Millet
76,63,39,7.62,31.18,0.56,1.89,29.67,68.29,2917.77,11.34,2.9,359,271.86,Rice
58,80,72,7.65,26.45,1.23,1.55,35.3,80.99,1214.6,6.74,17.22,1105,230.67,Potato
128,25,110,5.14,50.76,1.16,0.17,37.53,69.52,742.47,5.97,17.74,1722,128.89,Millet
61,62,10,5.93,15.51,0.5,2.84,37.01,32.99,2759.48,5.96,10,1980,271.09,Rice
141,49,60,5.43,44.14,0.62,0.35,26.2,77.71,733.71,11.78,16.03,2132,61.14,Millet
152,29,115,5.76,30.33,1.23,2.01,15.57,42.77,1680.52,6.7,6.77,603,293.39,Sugarcane
94,78,98,6.82,39.39,0.67,2.45,16.66,68.09,2315.4,11.07,10.57,655,94.01,Wheat
95,54,55,5.96,20.28,0.72,2.27,27.71,68.8,2246.84,5.1,11.22,1817,228.23,Rice
28,15,30,6.74,40.49,0.67,2.45,37.55,78.22,282.5,7.44,6.82,594,303.24,Millet
93,78,108,6.25,43.7,0.41,2.25,25.91,60.35,766.82,8.95,12.16,2304,315.24,Millet
26,58,47,5.65,13.51,0.64,1.39,38.07,52.56,2687.78,11.71,17.02,2460,210,Rice
156,48,78,4.88,51.22,1.24,2.7,17.87,61.08,1748.91,9.42,18.96,2453,158.01,Sugarcane
46,11,72,8.07,53.06,0.84,2.75,12.59,62.75,2124.22,4.02,6.79,671,267.67,Wheat
141,48,59,4.55,13.18,0.8,1.37,33.89,79.29,1326.42,10.08,18.58,1286,323.9,Sugarcane
24,30,21,4.51,40.16,0.4,1.51,36.38,42.3,2286.57,9.2,12.92,316,64.89,Rice
48,49,78,7.81,39.7,0.43,1.51,23.44,80.81,1009.47,5.48,12.41,435,171.16,Wheat
102,63,82,8.49,10.62,0.26,0.91,13.07,51.94,849.69,8.96,3.33,839,152.47,Wheat
155,21,53,7.41,27.12,0.22,0.43,11.27,74.63,2991.91,11.41,14.5,2032,211.7,Wheat
128,46,61,4.56,58.45,0.83,0.86,11.88,50.14,641.42,4.04,6.83,2155,173.29,Wheat
84,47,18,5.41,37.77,0.73,2.55,23.17,72.53,2947.81,11.8,9.1,1989,69.77,Rice
105,24,108,8.39,56.66,0.56,1.67,17.04,77.95,2794.23,6.37,3.69,935,87.5,Wheat
90,16,74,7.73,43.78,1.49,2.57,23.86,63.48,2201.09,8.86,5.38,1600,50.17,Rice
64,87,19,6.77,11.42,0.72,2.26,24.65,67.17,1829.52,6.22,12.82,319,308.57,Rice
151,59,55,5.45,13.89,1.23,1.11,23.74,72.47,212.68,9.85,12.67,1622,300.1,Tomato
55,74,112,4.56,46.11,0.47,0.64,28.6,71.31,1978.8,8.13,9.71,1158,231.02,Rice
89,76,109,4.58,37.73,0.52,1.74,30.38,73.64,2362.75,6.1,12.98,2198,141.6,Rice
38,53,67,6.95,16.36,0.94,2.81,21.88,80.98,2252.05,8.03,17.48,88,190.24,Rice
127,40,46,4.59,40.7,0.21,2.53,20.11,43.23,681.78,6.81,1.61,1830,249.1,Sugarcane
110,52,61,8.47,50.51,0.22,2.32,21.05,42.88,1724.69,6,4.91,2310,279.51,Rice
109,86,108,5.23,47.65,0.38,2.32,12.11,88.24,1740.55,8.74,6.63,1120,147.04,Sugarcane
38,57,90,7.34,22.31,0.49,1.63,19.65,81.08,2028.07,9.11,11.97,2035,154.46,Wheat
58,70,22,5.12,22.91,0.89,0.59,16,65.5,2526.65,5.12,13.65,75,325.95,Wheat
145,84,15,6.66,58.39,1.09,0.93,18.73,30.49,2155.05,11.43,11.51,1553,119.35,Wheat
145,19,67,4.82,54.37,0.61,1.78,31.43,81.29,595.66,4.05,14.26,1120,246.8,Millet
77,38,110,7.57,25.92,0.51,1.02,39.66,75.1,253.29,6.22,9.48,110,328.17,Millet
80,57,57,6.84,51.2,1.27,2.37,37.71,87.38,582.44,6.75,16.14,3,245.88,Millet
146,71,41,4.84,18.09,0.41,1.18,34.65,30.79,312.79,4.53,2.37,2281,139.33,Millet
124,22,20,7.89,19.84,1.08,0.43,32.12,31.71,1422.97,4.72,12.78,1883,137.96,Sugarcane
20,53,90,6.69,19.06,1.41,2.37,38.35,61.05,994.51,10.78,1.82,2146,245.07,Millet
150,56,14,8.19,14.39,0.5,2.12,32.56,81.36,220.47,6.89,5.39,99,144.86,Millet
111,73,15,8.17,52.73,0.31,0.83,24.13,89.48,424.78,6.92,2.17,391,275.49,Wheat
132,62,83,8.18,38.94,1.47,2.95,28.04,49.2,1313.12,9.51,12.29,75,340.87,Sugarcane
75,86,106,4.81,22.95,0.55,1.27,19.17,32.18,2831.33,9.79,5,1784,282.6,Wheat
136,85,103,4.98,52.43,0.56,2.07,10.1,41.73,2985.44,9.66,2.75,364,278.59,Sugarcane
153,53,30,8.45,50.13,0.83,2.74,20.61,82.62,340.34,7.75,15.69,2422,129.38,Pulses
77,37,51,6.45,15.05,0.5,0.55,22.14,57.99,2525.62,9.65,1.01,2498,261.35,Rice
63,11,90,5.45,42.21,1.49,2.65,31.99,81.2,1544.72,11.39,11.43,1840,273.9,Rice
80,66,36,7.58,46.09,0.26,2.14,35.78,56.63,1938.92,5.08,18.47,621,304.58,Rice
66,66,12,5.56,45.79,0.79,0.59,38.88,33.2,1616.71,8.6,15.97,2106,282.94,Rice
99,43,69,7.41,46.16,0.91,2.03,20.55,67.05,2788.62,11.03,12.47,1884,163.03,Rice
137,67,102,7.85,18.47,0.81,2.64,38.72,56.14,1539.76,11.73,2.96,13,178.74,Rice
39,61,75,7.64,25.75,0.88,2.42,33.98,59.48,670.32,4.7,16.01,704,330.37,Millet
66,38,102,5.6,52.21,1.48,2.31,10.93,86.94,2383.59,11.6,7.37,901,166.97,Wheat
68,44,58,6.11,54.92,1.34,0.57,27.86,57.42,1638.57,9.81,3.92,2425,183.8,Rice
33,84,109,6.15,23.96,0.6,0.65,20.97,77.79,527.79,9.8,19.78,1779,67.2,Cotton
20,57,43,6.47,11.15,0.92,1.69,11.02,33.53,1492.46,5.18,2.73,332,272.16,Wheat
136,42,46,5.17,52.99,0.2,1.78,25.95,58.74,2124.71,8.61,14.65,2296,151.5,Rice
73,84,51,6.31,28.85,0.73,2.84,27.54,65.2,1028.35,6.87,7.71,2346,89.68,Potato
137,82,74,6.54,26.47,0.41,1.46,17.57,36.79,2753.53,8.68,16.99,195,329.75,Wheat
22,87,69,6.63,27.35,1.12,0.98,38.2,48.13,2579.88,9.9,11.4,945,191.44,Rice
31,18,99,7.78,30.78,0.49,0.65,28.31,74.38,1790.11,5.47,17.92,87,127.54,Rice
93,57,10,6.57,28.91,1.17,0.26,15.28,41.03,352.24,5.22,11.53,2148,138.1,Wheat
35,76,68,5.42,38.32,0.61,0.3,31.64,37.71,1833.14,6.85,7.15,872,324.39,Rice
121,45,13,7.15,13.95,1.4,1.77,24.97,47.96,1363.69,9.14,19.25,1311,216.89,Sugarcane
136,80,112,7.69,58.58,0.78,0.61,24.2,81.54,2227.39,9.39,9.66,1203,217.59,Rice
27,53,23,5.78,56.82,1.29,2.57,35.04,75.78,947.69,8.87,17.16,2399,78.76,Sugarcane
141,69,119,7.08,56.72,1.02,1.83,14.15,76.61,1896.14,10.8,16.96,1744,142.95,Wheat
111,72,27,5.09,53.96,1.47,2.61,24.73,49.35,1752.42,9.88,11.69,1268,231.58,Rice
109,14,43,5.87,43.02,1.17,1.34,33.42,35.94,1675.18,8.04,10.52,726,92.35,Rice
155,85,10,8.14,21.06,1.15,1.83,29.81,31.92,524.55,7.86,6.61,2202,225.28,Millet
79,49,62,8.15,12.47,0.54,1.62,10.16,65.17,1571.68,10.38,11.66,1797,96.36,Wheat
47,28,31,6.8,14.97,0.86,2.96,33.62,72.14,1741.74,11.07,11.92,1609,200.6,Rice
120,56,89,7.31,26.2,0.58,2.41,38.34,52.67,2797.44,10.79,5.57,701,180.97,Rice
60,74,70,7.92,35.19,0.23,1.83,31.14,61.73,1490.42,7.97,16.29,523,127.77,Rice
65,76,31,8.33,59.66,1.12,1.86,36.28,46.74,1991.62,8.63,7.41,1636,172.58,Rice
54,27,59,6.46,31.77,0.51,0.82,20.82,51.86,1793.89,10.29,15.33,308,271.7,Rice
153,59,25,6.75,36.23,0.72,2.23,20.52,73.79,746.69,8.63,19.77,2314,143.37,Pulses
101,39,37,6.16,44.76,0.57,2.95,19.63,73.09,716.35,5.8,19.91,688,170.29,Wheat
134,75,101,4.79,19.04,0.46,0.48,32.05,31.69,2270.31,11.09,17.4,2299,233.68,Rice
66,14,95,6.19,56.64,0.29,1.95,38.26,86.65,1664.58,7.95,17.28,2161,293.42,Rice
29,51,79,7.66,36.45,0.64,1.6,36.56,46.14,2708.89,11.86,16.31,764,147.87,Rice
75,14,98,7.72,23.81,0.31,2.57,14.51,84.46,2742.83,8.43,14.25,1861,105.7,Wheat
49,59,51,8.07,56.76,0.9,0.1,28.78,60.71,1031.81,7.1,4.5,1881,343.28,Tomato
128,67,75,4.71,41.27,0.23,0.5,39.88,59.95,484.28,5.71,3.05,907,55.45,Millet
24,88,80,6.61,34.18,1.42,0.21,18.86,57.04,1163.43,6.76,11.87,642,229.08,Wheat
138,17,90,4.93,39.01,1.46,0.57,29.04,85.35,387.71,5.76,13.86,344,169.11,Millet
52,40,44,5.3,47.42,0.6,2.15,37.2,42.49,2387.51,11.37,8.61,1971,51.91,Rice
137,21,29,8.1,17.73,0.54,0.51,36.99,66.7,609.31,8.8,19.03,1283,190.57,Millet
84,30,117,6.49,53.24,0.34,1.9,19.64,49.07,2625.81,10.56,5.77,183,234.46,Wheat
30,71,11,7.53,57.98,1.38,2.62,12.82,84.91,1362.92,5.67,5.78,2371,293.31,Wheat
104,42,16,4.76,38.35,0.96,0.2,29.38,40.16,980.09,4.5,17.51,1488,150.5,Wheat
45,35,105,6.17,44.11,0.99,0.18,38.41,70.57,1604.25,7.35,10.67,8,325.1,Rice
82,49,58,7.2,52.99,1.36,2.97,25.24,55.31,1895.32,11.49,1.68,912,345.33,Rice
105,74,92,5.03,28.74,1.38,2.05,23.73,69.67,2164.32,4.9,4.72,336,231.96,Rice
78,68,85,5.8,59.64,1.28,0.51,35.92,39.46,1146.91,10.31,11.74,1127,272.85,Cotton
46,24,18,4.76,44.03,1.21,0.99,22.74,53.62,2952.32,4.47,7.19,478,192.38,Rice
117,10,36,7.11,31.2,1.34,2.96,30.43,36.44,1382.4,5.32,10.3,2395,250.43,Sugarcane
124,20,87,8.38,43.87,1.34,0.76,21.66,88.13,2536.51,9.84,16.09,2291,212.18,Rice
118,64,11,7.81,36.08,0.68,2.28,21.31,42.84,297.63,5.69,10.41,505,166.37,Barley
148,11,94,8.4,15.58,1.47,0.8,15.63,89.59,2378.3,4.18,9.84,1780,226.18,Wheat
74,74,77,7.88,49.79,1.12,1.26,12.65,55.11,1743.75,5.76,4.34,714,168.02,Wheat
25,53,69,7.92,38.22,0.68,2.65,36.55,34.29,1990.95,9.86,3.78,1734,109.82,Rice
114,25,94,6.81,49.79,0.77,0.18,15.44,31.05,1244.06,8.26,9.2,442,324.44,Wheat
152,31,95,6.57,17.75,1.09,0.99,11.87,65.94,1725.55,8.38,4.98,2229,171.67,Wheat
121,27,58,6.13,36.92,0.67,1.51,27.47,66.88,2810.22,7.28,8.61,276,66.21,Rice
22,56,11,7.77,48.33,1.27,1.91,26.38,61.49,1280.9,5.17,11.75,1226,334.71,Rice
42,39,26,5.23,59.42,0.39,0.18,27.03,33.98,496.14,5.72,3.14,486,93.26,Millet
72,19,92,4.72,54.22,1.38,1.29,24.04,49.89,2217.44,5.48,4.73,2019,135.61,Rice
102,67,113,8.29,53.22,0.59,1.1,14.26,51.54,1614.46,9.66,17.29,1094,273.99,Wheat
104,71,97,4.52,22.37,0.4,0.18,10.63,72.29,1389.84,10.78,13.04,157,287.03,Sugarcane
97,89,29,8.41,51.9,1.32,1.13,11.39,55.13,2377.89,5.9,15.15,2351,342.12,Wheat
129,15,111,7.42,18.46,0.51,2.8,38.29,64.38,1774.1,5.38,10.28,20,132.73,Rice
20,76,85,5.81,19.91,1.3,0.9,25.96,47.18,1967.87,6.01,14.09,669,348.86,Rice
70,50,98,7.29,15.51,0.59,1.8,21.99,73.56,2793.01,11.51,9.23,490,302.45,Rice
23,52,96,7.77,52.88,1.41,0.96,22.32,32.81,363.83,5.71,3.46,1673,51.92,Cotton
132,86,107,5.48,15.41,0.48,0.41,29.57,89.31,934.67,9.52,9.31,1560,274.38,Wheat
51,27,41,7.58,16.91,0.29,0.94,21.3,68.49,2715.02,4.93,12.9,743,211.87,Rice
53,67,60,7.72,22.29,1.42,1.47,33.89,38.93,2419.64,9.28,5.81,101,267.75,Rice
111,69,97,5.5,38.63,0.42,0.96,17.8,73.05,728.08,5.96,14.37,297,128.06,Cotton
114,36,51,4.67,54.01,1.43,1.91,21.02,77.19,673.53,10.7,3.54,1740,64.99,Barley
91,77,72,5.32,30.91,1.27,2.85,38.05,77.32,2510.38,4.19,5.4,1268,302.38,Rice
58,31,98,5.3,37.31,0.31,0.3,17.81,46.24,1748.02,8,14.78,115,250.41,Sugarcane
137,33,70,4.76,18.32,0.78,2.18,29.85,87.52,2608.95,9.31,5.46,1795,237.95,Rice
22,49,71,7.4,23.3,0.3,0.1,20.94,31.06,2769.52,9.95,12.95,529,214.99,Rice
142,83,12,6.02,16.7,0.63,0.1,24.14,52.79,394.72,11.2,14.41,1251,225.37,Cotton
69,75,98,8.04,30.5,0.66,0.49,11.36,36.25,2915.38,9.01,5.03,2033,185.27,Wheat
31,49,101,5.51,39.52,0.98,1.49,15.02,53.09,2206.13,5.03,10.6,1168,237.64,Maize
73,15,85,6.31,24.2,1.47,0.24,13.06,33.43,2536.5,9.79,18.9,1774,142.18,Wheat
152,27,35,7.06,52.3,0.42,2.19,35.34,68.7,1964.94,8.22,12.24,2320,316.53,Rice
76,39,57,8.01,59.06,0.63,0.18,38.85,33.75,1054.45,4.8,1.71,1680,313.85,Millet
131,30,117,6.6,16.01,0.96,1.54,12.04,66.95,1878.41,5.12,4.71,205,99.98,Wheat
66,71,17,5.99,10.89,0.42,2.06,12.31,44.05,1644.44,10.63,16.58,800,134.93,Tomato
104,19,14,7.97,49.49,1.12,0.79,26.57,40.75,2809.81,8.52,10.08,1918,255.39,Rice
85,22,20,5.74,19.53,0.72,1.78,25.12,50.82,1754.09,5.26,2.33,1215,134.18,Rice
94,85,51,4.82,27.66,1.43,0.86,29.52,68.46,278.11,10.31,7.82,34,73.57,Millet
122,18,108,6.28,29.71,1.02,0.72,32.1,64.69,2121.07,8.69,14.57,651,173.74,Rice
57,77,100,7.64,55.83,0.67,2.47,33.92,70.83,341.51,5.34,15.14,436,63.26,Millet
69,48,50,4.62,42.94,1.14,1.07,14.47,85.14,2843.2,7.6,12.17,938,315.27,Millet
117,33,117,6.84,12.03,1.29,2.46,11.14,42.2,1562.46,11.43,15.28,2436,288.21,Wheat
101,43,111,6.88,10.74,1.24,0.73,36.67,54.8,2910.42,10.01,9.06,2024,228.67,Rice
49,70,28,8.21,19.98,0.54,1.13,24.09,45.95,272.42,7.09,10.05,1329,161.72,Pulses
98,50,57,5.65,25.91,0.74,0.4,39.14,65.18,1691.98,4.04,9.17,2146,87.37,Rice
110,14,62,5.62,34.23,0.79,1.54,25.98,47,833.38,5.81,6.56,2241,86.26,Tomato
71,88,64,6.26,51.89,0.7,1.21,25.3,63.48,1994.08,5.45,13.35,128,220.54,Rice
98,59,70,5.93,25.74,0.6,0.12,28.69,79.39,1594.99,7.02,13.59,260,318.82,Rice
49,13,41,7.45,28.83,1.18,1.45,15.1,63.06,1785.15,11.06,17.42,1439,93.49,Wheat
125,60,55,7.07,26.47,0.22,0.32,17.62,80.29,1206.99,5.44,7.06,1289,327.71,Wheat
70,61,101,7.54,10.45,0.58,2.53,37.17,66.68,344.32,4.4,13.2,1103,324.42,Millet
100,48,45,7.78,57.76,0.38,1.53,16.37,82.22,497.07,5.05,7.51,60,318,Wheat
152,17,27,8.19,16.95,0.37,2.1,16.99,85.83,2603.97,7.57,18.2,1492,117.73,Wheat
48,54,83,6.22,24.38,0.56,2.48,25.3,60.47,2167.76,4.54,7.16,772,324.44,Rice
151,37,105,8.44,16.47,1.19,0.25,29.23,77.44,2354.31,8.45,15.98,2482,193.53,Rice
157,36,27,5.36,34.53,1.46,1.08,10.03,58.13,543.47,6.19,16.83,170,178.82,Cotton
93,74,21,7.36,56.61,0.87,0.17,23.7,72.31,337.88,7,7.83,1756,237.99,Rice
36,43,81,6.64,15.04,0.64,0.24,21.97,32.25,248.37,5.25,5.04,424,329.52,Cotton
103,71,106,7.77,32.04,1.28,0.21,35.97,88.01,1661.08,9.97,2.4,886,190.81,Rice
88,71,55,6.41,11.12,0.29,1.49,35.19,83.66,1602.51,7.05,18.3,1471,349.37,Rice
53,47,64,7.64,48.54,0.32,1.41,37.18,83.6,509.81,4.92,13.43,712,73.5,Millet
25,35,47,8.22,42.06,0.65,0.28,35.26,46.88,1170.54,6.89,16.58,1806,232.5,Pulses
72,33,87,7.43,44.98,0.78,0.86,33.6,46.99,1684.6,11.87,12.75,448,336.33,Rice
145,48,11,7.6,33.62,1.24,0.81,35.77,54.16,2092.28,9.71,4.03,1826,291.44,Rice
62,30,18,4.77,55.38,1.4,0.96,15.24,82.81,2468,10.95,6.77,1294,126.15,Sugarcane
134,56,117,5.32,30.48,0.89,1.96,20.23,81.52,1995.89,11.14,7.41,1105,180.4,Rice
130,57,14,8.4,35.7,0.84,2.12,30.51,47.37,284.02,8.39,9.18,35,72.94,Millet
99,22,107,7.27,44.76,0.48,1.08,37.69,62.51,1841.06,8.46,1.99,1445,342.91,Rice
114,12,28,6.75,36.03,0.79,2.39,30.01,58.51,446.18,11.25,13.73,1001,245.22,Millet
137,41,80,5.97,19.47,1.4,1.31,16.24,69.04,1781.75,10.99,6.14,2196,192.77,Sugarcane
27,44,48,4.68,25.85,0.71,1.61,38.34,42.83,1252.76,9.73,10.12,2447,60.84,Maize
151,28,51,5.98,14.61,0.47,0.52,32.81,35.1,1001.75,10.58,2.13,258,248.55,Sugarcane
123,23,26,6.5,31.63,0.64,0.78,31.5,31.64,1548.81,9.93,14.24,1505,97.91,Rice
151,57,72,5.35,40.47,0.87,2.21,32.88,52.89,1268.14,6.46,11.41,791,74.69,Sugarcane
44,77,99,5.19,15.93,0.98,2.93,29.77,86.8,2524.76,4.97,18.2,1764,57.44,Rice
115,54,55,6.53,41.53,0.76,2.14,10.66,71.09,834.18,9.74,4.75,2240,327.89,Wheat
112,28,100,6.84,54.64,1.19,0.26,17.61,74.95,582.79,11.25,19.2,2278,254.11,Wheat
80,73,116,5.46,26.89,0.96,0.51,38.7,86.71,2543.54,11.83,18.21,2096,144.38,Rice
141,75,101,6.85,21.1,1.06,1.39,18.66,55.32,881.54,4.39,6.62,113,69.91,Wheat
70,88,29,8.1,54.65,1.32,2.22,33.15,58.46,290.26,9.09,18.06,2465,305.04,Millet
40,75,79,6.39,44.6,1.33,0.58,22.73,51.57,1283.55,8.94,6.55,2110,266,Wheat
24,84,17,7.93,15.27,0.46,2.28,37.23,40.88,2493.33,6.95,7.38,57,239.53,Rice
111,54,105,8.21,30.41,1.01,1.71,26.73,75.98,1409.24,8.42,18.27,1402,275.32,Sugarcane
80,83,28,4.87,43.7,1.13,2.35,28.96,84.4,1516.24,7.65,15.96,228,336.21,Rice
41,76,41,4.88,38.72,0.39,1.72,17.19,78.83,332.15,11.4,9.38,2442,88.91,Tomato
89,78,28,6.4,40.93,1.3,1.85,11.73,32.86,2190.94,6.39,3.16,2076,161.57,Wheat
20,12,33,6.85,38.36,0.43,0.82,32.7,47.95,1162.38,5.43,9.8,1430,64.11,Wheat
152,47,33,6.2,49.9,1.24,2.19,12.03,65.53,2240.13,9.39,17.04,1991,126.86,Wheat
31,86,65,5.81,26.02,0.41,2.55,31.65,49.63,1350.72,6.29,12.25,1379,135.36,Wheat
109,51,90,7.06,45.42,1.16,2.63,26.66,39.01,1675.3,4.45,1.92,2199,304.25,Rice
65,49,27,4.51,59.55,0.39,0.19,34.6,62.3,1850.56,10.41,8.76,651,232.72,Rice
53,59,21,8.37,29.5,0.69,1.91,16.17,61.29,751.29,6.6,14.3,210,81.94,Wheat
97,44,50,5.43,49.55,0.39,2.97,26.25,72.59,1023.24,11.94,17.75,1042,181.91,Wheat
64,33,96,8.17,22.31,0.55,1.8,28.43,89.99,1839.59,6.5,19.56,1200,193.3,Rice
92,26,57,4.94,24.09,1.48,0.6,12.23,68.89,2504.23,8.45,16.9,4,134.67,Rice
45,49,91,5.45,56.74,0.34,2.65,32.17,49.01,2892.04,5.29,17.56,1531,329.42,Rice
66,83,73,5.44,11.3,0.73,0.87,21.67,87.38,1667.68,8.26,5.09,714,226.63,Rice
140,75,25,8.48,20.87,1.08,0.23,13.87,64.28,406.96,6.12,17.34,1112,153.17,Wheat
75,53,89,4.52,34.15,0.32,1.35,21.61,68.74,2876.84,9.46,18.6,2295,343.27,Rice
113,32,109,7.06,30.09,0.34,0.39,12.95,51.45,1378.15,4.23,13.05,2383,271.31,Wheat
126,15,32,7.98,41.46,0.39,0.43,36.64,57.11,486.94,9.59,10.26,1614,314.47,Millet
82,75,95,7.19,19.64,1.04,1.44,23.7,55.12,2922.17,8.14,16.42,1449,283.25,Rice
67,30,48,5.95,13.53,1.38,1.88,14.14,86.17,985.44,7.04,12.72,2285,178.34,Sugarcane
80,44,42,8.33,28.47,1.27,2.73,17.56,78.58,2039.15,4.52,16.73,234,75.16,Wheat
100,38,33,8.07,36.22,1.48,2.15,31.74,35.44,603.53,4.5,9.58,626,207.69,Millet
45,16,70,6.24,38.1,0.95,2.54,33.58,48.83,2214.78,10.34,4.39,1664,145.25,Rice
55,62,64,6.79,40.07,1.45,1.29,11.24,33.34,2933.68,9.93,18.43,1121,62.59,Wheat
20,46,70,8.37,37.43,0.6,1.02,11.8,61.01,2958.16,7.73,19.4,801,141.07,Wheat
27,32,93,8.43,22.29,0.75,1.82,37.52,46.77,553.39,4.06,19.48,2166,328.53,Millet
132,17,106,6.3,48.23,0.71,2.12,19.93,34.4,2352.38,10.5,19.16,2407,86.53,Wheat
118,85,104,7.89,14.39,0.26,1.75,15.8,76.32,2060.01,9.32,10.38,222,205.55,Wheat
66,57,49,5.71,19.92,1.28,0.87,13.69,35.47,2444.12,4.61,12.95,1847,89.39,Rice
146,19,67,5.99,46.97,0.23,1.17,24.28,46.29,1132.98,6.21,17.73,1660,105.8,Sugarcane
75,88,81,5.16,23.99,1.15,1.4,33.13,76.3,1324.89,4.54,1.44,2377,185.05,Sugarcane
33,33,83,5.34,34.67,0.73,0.14,25.63,60.69,1157.07,10.96,4.08,491,286.24,Tomato
47,56,10,7.13,26.36,0.21,2.65,10.62,79.03,2346.25,8.03,4.13,694,349.39,Wheat
97,62,94,6.54,35.35,0.58,1.58,24.52,54.87,2465.49,6.99,5.19,581,80.4,Rice
149,48,34,5.42,27.33,0.65,2.28,19.35,78.89,898.04,9.05,8.7,1406,103.67,Pulses
128,76,105,6.11,59.71,1.45,0.6,30.49,62.29,1803.81,9.97,9.8,532,195.87,Rice
33,75,62,5.99,27.87,1.06,1.71,25.71,35.28,552.71,9.22,8.43,1308,159.84,Millet
75,15,70,8.45,41.35,0.91,2.79,38.96,58.29,236.86,10.63,17.7,1369,225.07,Millet
134,30,55,7.91,54.42,0.37,0.72,27.94,63.21,1908.21,8.76,5.91,2367,233.39,Rice
26,82,119,6.05,41.9,0.71,1.1,28.97,66.73,2552.57,4.02,15.04,1762,147.27,Rice
22,83,83,8.16,38.29,0.25,1.23,25.61,85.67,2738.35,5.09,19.53,1942,320.11,Rice
130,45,69,5.87,38.46,1.19,1.21,19.33,41.01,1937.01,10.94,13.46,1007,144.87,Sugarcane
126,12,60,7.17,34.82,0.41,1.84,28.92,66.36,2464.34,5.02,1.85,1560,81.3,Rice
37,87,82,8.37,50.38,0.97,1.24,19.99,75.12,1331.87,8.96,3.16,2145,146.32,Wheat
57,51,93,6.06,12.52,1.11,2.05,31.52,83.4,2650.94,5.65,16.94,392,158.41,Rice
134,54,57,7.22,54.26,0.68,1.51,17.11,61.52,2369.21,11.68,7.85,620,194.4,Wheat
34,53,93,5.68,39.31,1.02,0.56,21.03,42.84,1063.88,5.8,8.68,2291,289.97,Barley
138,42,49,5.57,52.44,1.19,2.85,27.51,79.06,1872.21,6.89,17.81,63,343.56,Rice
47,69,16,6.8,10.52,0.44,0.79,28.85,84.3,343.52,10.19,14.41,656,59.26,Millet
58,79,84,8.42,53.46,0.98,1.73,30.06,36.38,610.44,9.26,14.53,1977,259.16,Millet
36,86,94,6.31,16.01,1.15,0.28,31.01,43.78,2850.63,6.57,13.78,655,89.94,Rice
105,35,111,8.25,46.06,0.66,2.76,19.55,82.29,227.31,9.58,13.03,462,332.81,Wheat
145,30,28,8.16,30.83,0.41,2.79,36.78,59.06,769.06,11.84,15.35,1381,338.37,Millet
63,11,119,5.52,44.05,0.57,1.16,10.9,40.15,588.66,5.16,14.31,1264,165.69,Cotton
44,56,24,6.11,41.41,1.41,0.45,15.65,68.72,2156.55,5.92,2.81,1395,108.4,Wheat
32,39,79,7.07,18.17,0.66,2.33,12.1,57.5,495.94,7.59,5.19,913,93.12,Wheat
44,36,70,6.57,35.73,0.34,0.86,30.15,88.08,256.36,6.51,3.07,202,219.35,Millet
87,80,65,4.88,23.86,0.31,2.13,18.21,43.36,2805.37,6.53,16.35,1000,140.63,Wheat
157,29,19,8.47,38.02,0.43,2.75,15.97,51.73,2643.73,7.43,12.31,207,140.61,Wheat
86,59,55,7.51,46.9,0.37,1.81,24.42,39.97,1203.66,10.32,19.33,2215,240.82,Millet
128,32,89,6.25,14.06,0.84,2.6,28.57,32.98,481.47,6.86,14.64,1877,241.98,Millet
130,22,118,6.97,35.79,0.65,0.75,28.58,46.43,2098.97,6.05,10.41,2199,336.06,Rice
130,13,84,4.85,40.88,1.29,2.74,26.72,79.19,2672.72,8.41,18.72,366,116.74,Rice
53,23,66,6.48,24.77,1.35,0.76,39.76,46.03,2929.03,10.97,19.35,1217,54.47,Rice
130,29,44,8.22,57.65,0.82,0.75,35.81,71.78,564.35,9.6,12.92,1936,89.95,Millet
27,22,81,8.09,36.02,1.36,2.65,17.17,61.56,1880.59,6.72,12.9,737,169.81,Wheat
132,12,101,5.85,19.13,0.79,1.71,32.76,61.18,1405.54,11.78,12.02,1536,242.29,Sugarcane
102,87,12,6.63,15.39,1.03,2.42,27.08,76.89,638.9,9.53,2.61,919,270.91,Millet
61,56,75,7.29,37.08,0.41,2.43,12.12,67.07,2462.11,5.11,15.54,1946,52.57,Wheat
120,12,62,5.86,28.76,0.27,1.98,11.49,39.59,2390.13,9.56,17.65,906,66.66,Sugarcane
25,10,87,4.76,19.63,0.41,0.65,33.99,43.25,2901.02,11.25,11.59,2308,255.87,Rice
45,33,61,6.52,11.53,0.53,2.11,26.35,62.63,439.49,7.78,4.68,601,79.46,Millet
83,44,102,6.91,38.33,1.18,0.28,27.14,80.72,868.85,9.84,16.44,293,143.43,Potato
78,23,62,4.52,39.93,0.43,0.68,20.09,39.14,2517.21,5.21,18.01,1115,50.32,Rice
128,76,63,4.88,17.09,0.37,1.96,37.91,36.41,1307.19,4.88,16.32,459,67.71,Sugarcane
140,22,56,5.33,40.09,1.41,2.73,31.4,61.05,1532.62,9.02,5.02,1022,283.02,Rice
52,56,12,5.89,57.6,1.1,2.34,37.83,41.32,1912.27,7.2,5.12,2018,285.69,Rice
40,59,74,6.66,58.91,0.82,1.06,12.98,89.65,1343.67,7.67,9.71,478,340.52,Wheat
89,87,24,5.68,54.42,0.32,2.49,27.51,30.26,299.11,6.46,3.99,56,104.81,Millet
131,35,93,5.6,50.35,1.31,2.9,29.13,56.93,1891.16,7.64,14.06,2205,315.21,Rice
23,12,95,7.98,20.47,0.34,1.06,13.78,39.75,840.84,4.79,14.45,1340,115.9,Wheat
113,60,43,5.08,17.82,0.99,0.64,20.39,70.86,2912.84,4.86,19.74,1181,186.91,Rice
94,49,59,6.48,32.25,1.07,0.67,16.44,67.81,2132.91,7.55,8.19,1019,258.33,Wheat
81,77,42,8.31,40.98,0.72,1.26,39.53,78.42,2553.83,7.62,14.79,1111,168.23,Rice
113,45,82,7,52.53,1.38,0.25,26.3,63.8,2872.32,10.97,10.44,1799,108.09,Rice
114,60,12,7.37,21.6,0.27,1.51,19.46,41.36,377.31,6.64,4.08,640,169.83,Wheat
74,10,11,6.22,33.98,1.26,2.22,29.93,33.2,616.34,9.41,18.33,1455,113.53,Millet
156,42,13,4.58,42.37,0.92,1.64,29.79,73.33,2462.47,6.42,2.14,1647,92.54,Rice
150,16,25,7.08,32.28,0.99,2.91,20.42,56.4,2677.42,6.46,1.8,1342,339.06,Rice
50,61,63,7.03,32.71,1.48,1.44,39.82,43.33,213.66,9.67,6.03,2244,280.01,Millet
59,20,42,4.94,21.26,0.96,0.14,34.27,45.11,2846.63,8.5,19.99,1591,84.25,Rice
55,36,18,6.35,59.33,1.24,1.46,22.01,38.94,1472.26,6.98,1.4,2136,67.07,Barley
25,23,66,8.16,33.76,0.4,2.8,29.8,47.01,1495.35,7.87,9.04,1714,214.02,Tomato
85,89,49,5.32,36.64,1.25,0.38,31.32,77.52,2660.48,10.76,10.85,2008,268.18,Rice
94,55,111,6.34,20.93,1.19,0.75,15.21,67.24,1010.69,9.97,6.98,572,176.65,Wheat
23,85,61,6.34,35.71,1.46,2.18,36.34,89.24,1833.78,11.48,14.41,1834,213.36,Rice
98,19,91,7.74,22.77,1.42,0.95,34.78,61.46,1135.73,11.01,8.09,1715,284.49,Tomato
153,33,25,7.8,20.12,0.48,2.32,32.67,61.29,517.95,9.36,13.57,1267,289.93,Millet
137,70,17,7.54,23.79,0.8,1.32,16.68,41.48,1204.02,5.52,7.54,1739,296.17,Wheat
132,27,96,5.96,10.14,1.38,2.41,14.09,65.19,684.49,6.9,3.85,2447,321.61,Barley
113,18,69,4.79,38.51,1.03,1.7,15.42,66.5,1658.74,8.44,11.69,1449,215.25,Sugarcane
81,26,45,5.9,29.37,0.8,0.34,12.79,42.39,1683.42,4.27,11.5,1817,347.67,Cotton
98,67,12,7.22,54.93,0.34,1.22,38.21,35.28,1424.46,9.45,6.01,426,206.98,Millet
155,22,24,7.31,12.04,0.66,1.07,35.54,52.13,686.68,11.84,7.86,2484,223.04,Millet
45,59,111,8.36,12.16,1.06,2.45,12.72,40.33,532.45,10.62,9.27,1014,150.99,Wheat
63,15,106,6.31,54.29,1.21,1.91,30.34,60.19,492.93,9.5,11.69,2009,186.51,Millet
152,60,91,7.03,16.33,0.78,2.35,17.37,61.57,514.06,9.42,13.21,1394,117.59,Wheat
89,45,32,6.66,10.11,0.27,1.18,10.52,66.49,1025.66,11.18,3.36,2133,316.82,Wheat
137,80,116,5.1,18.95,1.02,2.11,18.77,66.17,205.22,6.48,3.76,1882,176.6,Cotton
87,34,12,6.34,51.19,1.4,0.29,23.2,70.49,374.32,7.57,7.96,783,260.41,Maize
38,20,39,6.68,50.14,0.85,0.21,10.6,43.83,1517.24,9.28,8.9,1352,249.92,Wheat
39,53,54,8.3,27.01,1.41,0.93,19.71,73.85,711.53,8.58,7.31,1355,207.6,Wheat
132,23,26,5.97,43.4,0.66,2.34,31.01,61.49,937.46,10.75,13.29,1474,323.9,Wheat
159,38,67,8.42,35.36,1.35,1.65,16.85,56.24,1189.3,6.93,19.31,2194,258.19,Wheat
66,83,67,6.67,55.24,1.22,1.29,24.55,68.87,311.02,7.33,12.5,1304,222.99,Cotton
20,59,105,5.47,12.82,1.45,2.7,36.63,60.08,816.06,5.99,4.3,1459,327.33,Sugarcane
109,14,119,5.27,50.66,1.23,1.54,10.85,61.54,2374.73,9.11,7.24,1613,327.44,Sugarcane
83,81,66,5.07,18.53,0.62,1.88,33.57,31.39,1154.51,7.12,11.36,2236,161.67,Maize
57,78,16,6.31,29.58,1.37,2.96,21.52,78.12,721.25,8.39,6.95,1568,219.18,Millet
56,66,48,4.59,19.6,1.07,1.61,26.23,55.45,753.68,4.48,9.78,512,296.64,Millet
145,35,87,6.28,45.13,0.41,2.37,16.93,61.08,2957.25,9.64,11.99,1589,275.92,Wheat
158,15,67,8.45,43.92,0.26,1.3,27.37,53.39,615.67,8.26,14.41,1743,202.6,Millet
119,25,65,7.18,37.39,0.68,0.21,31.92,63.09,2735.17,9.94,5.47,437,329.62,Rice
96,69,24,7.54,44.91,1.22,2.52,16.05,33.24,425.53,6,9.93,378,171.49,Wheat
22,21,53,4.98,41.98,1,2.84,20.3,53.03,2648.41,10.84,8.75,919,52.57,Rice
153,84,21,6.39,48.82,0.89,1.36,27.02,70.12,1619.37,10.97,2.82,1906,332.13,Rice
29,12,17,5.64,21.97,0.2,1.56,22.5,86.31,1904.38,7.5,12.44,1476,76.56,Rice
24,72,89,8.08,31.45,0.77,1.33,18.79,80.95,888.61,4.76,15.81,1177,295.64,Wheat
157,73,50,5.23,17.58,0.41,2.99,23.55,87.77,2716.1,8.06,17.15,1993,292.11,Rice
149,71,43,6.33,31.48,0.79,2.72,18.72,76.89,1844.01,9.18,2.39,325,214.02,Wheat
32,15,55,6.85,45.08,1.49,0.22,19.06,67.96,2091.96,8.8,11.73,2432,346.69,Wheat
149,28,97,6.56,44.57,1.34,2.36,28.32,55.4,1758.93,11.18,19.76,639,211.17,Rice
103,27,38,7.82,45.47,0.6,1.84,24.31,37.39,550.66,11.35,15.35,2321,218.94,Tomato
84,89,25,5.43,25.44,0.97,0.17,30.31,45.05,2541.43,8.98,12.21,246,101.62,Rice
82,52,14,6.01,43.11,0.85,1.39,35.12,46.27,714.04,9.14,1.57,2194,86.87,Millet
120,82,14,7.67,28.37,0.37,0.53,38.29,55.67,1017.45,5.04,2.19,653,157.56,Sugarcane
92,12,39,6.61,57.22,1.49,2.63,14.54,66.59,2074.65,7.15,2.01,840,291.24,Wheat
36,81,59,6.11,27.17,0.75,0.14,28.79,67.12,461.32,6.64,16.09,1478,197.52,Millet
28,47,14,4.62,40.15,0.86,2.63,27.47,57.33,2813.53,6.77,11.32,1296,297.82,Rice
57,77,116,7.51,47.51,1.04,2.83,36.01,46.48,547.56,9.82,6.82,387,133.37,Millet
113,85,22,8.39,55.32,0.45,0.31,36.88,33.39,2068.04,7.9,17.63,1603,111.16,Rice
114,53,108,6.98,31.9,0.49,2.19,32.82,89.33,1978.34,8.02,16.42,1205,153.99,Rice
68,89,58,7.93,28.02,0.45,1.69,27.86,86.37,2154.49,5.98,15.78,2470,301.29,Rice
88,72,98,6.57,31.5,0.7,2.87,15.98,40.98,1413.37,5.34,15.7,2444,261.28,Wheat
81,51,59,5.43,26.18,0.46,2.41,18.3,66.32,1270.4,7.27,4.64,50,260.84,Wheat
97,73,23,4.56,42.7,1.4,2.11,28.08,47.74,2937.44,4.46,17.64,1511,244.48,Rice
136,63,117,7.11,56.64,1.13,2.78,14.18,41.67,2488.04,5.28,4.74,1997,130.63,Wheat
139,87,55,6.47,16.3,1.37,0.57,15.52,71.06,1559.24,10.55,17.4,330,312.69,Wheat
156,86,99,7.63,38.05,1.3,1.19,37.34,77.17,710.35,7.5,17.94,1862,186.06,Millet
95,80,91,7.28,54.88,1.11,2.54,38.69,54.4,2693.55,11.81,14.54,667,125.78,Rice
54,85,93,8.45,15.01,0.52,0.39,10.16,33.54,2016.5,4.03,14.47,1359,78.85,Wheat
20,46,43,6.54,34.69,1,2.81,35.87,54.09,580.17,11.36,5.95,1528,345.89,Millet
59,13,80,6.21,53.26,0.44,2.26,38.14,61.93,712.69,9.22,6.95,1980,170.95,Millet
83,11,56,5.65,55.02,0.37,1.37,25.77,83.59,1714.3,8.99,11.88,2103,260.63,Rice
79,53,69,6.41,35.72,1.02,1.08,23.47,69.41,1610.31,10.72,11.88,520,328.83,Rice
83,76,83,7.99,11.25,1.01,0.53,37.56,72.63,1345.99,9.01,7.45,1956,59.33,Barley
112,77,88,4.67,15.28,0.4,0.37,10.23,42.16,1395.25,4.28,18.03,862,318.82,Sugarcane
91,85,90,8.41,39.34,0.66,1.33,35.21,73.22,682.17,11.24,3.49,761,322.93,Millet
30,83,20,8.47,16.19,0.29,2.54,18.9,60.11,915.3,10.99,8.4,990,115.71,Wheat
124,71,107,6.89,17.47,1.13,1.64,29.23,79.22,1579.58,8.16,5.91,980,149.27,Rice
33,10,100,5.83,48.61,1.48,1.41,19.7,42.98,378.37,5.01,18.65,1860,315.03,Cotton
79,26,94,5.39,47.53,1.16,1.03,25.69,60.89,1187.51,10.57,3.71,301,198.76,Cotton
49,25,104,5.61,52.14,1.3,0.56,34.25,42.57,789.05,8.24,9.94,658,298.15,Millet
54,18,59,4.7,15.29,0.82,2.97,15.44,47.15,689.01,6.61,1.8,212,51.94,Barley
24,62,13,6.4,19.91,0.32,0.17,29.92,79.93,610.46,11.95,15.79,2380,193.81,Millet
102,82,50,4.73,51.65,1.14,1,36.95,71.27,592.53,5.32,13.56,434,209.02,Millet
142,68,68,7.37,46.05,0.53,2.33,37.03,73.71,649.23,5.32,17.01,576,239.03,Millet
97,18,69,5.99,50.3,0.7,1.61,36.82,34.11,1247.57,8.8,6.56,1558,170.76,Wheat
81,21,90,5.3,59.49,1.11,1.01,25.55,73.73,484.07,6.14,11.51,315,54.96,Millet
151,50,71,6.68,53.22,1.38,2.98,33.03,59.48,2711.72,7.3,19.21,477,201.64,Rice
108,24,93,8.4,36.02,0.83,1.9,23.41,57.55,1594.17,5.92,5.8,402,217.48,Rice
61,75,34,7.28,25.54,1.45,0.96,23.8,54.76,1613.37,10.26,18.17,1933,157.91,Rice
108,84,113,6.47,38.48,0.88,2.56,18.52,81.11,791.06,6.2,19,2028,321.75,Wheat
59,20,96,7.61,41.93,0.36,0.54,18.56,40.65,2628.03,10.74,8.18,1353,138.47,Wheat
91,17,88,7.45,26.77,0.87,1.44,11.13,78.85,2518.77,9.89,7.3,1503,63.21,Wheat
58,64,42,8.07,48.55,1.32,2.53,25.94,85.7,295.89,6.38,6.38,2037,306.12,Millet
123,15,28,5.32,14.64,0.9,2.95,19.26,40.09,2250.73,10.39,17.01,2445,348.12,Sugarcane
33,62,66,7.94,48.97,1.17,1.21,15.63,89.98,715.95,6.55,13.99,1970,295.13,Wheat
51,29,24,5.7,11.6,0.91,0.5,13.65,89.43,1755.73,7.25,4.98,1319,113.86,Cotton
144,48,50,8.26,34.9,0.91,1.74,20.41,67.28,2637.45,4.63,17.25,1552,105.1,Rice
116,81,78,5.62,53.07,0.57,2.84,36.97,46.11,2815.35,8.55,4.64,253,76.1,Rice
42,43,89,8.21,14.32,0.46,2.03,25.49,55.78,716.47,10.53,10.31,166,313.85,Millet
82,66,69,8.36,35.89,0.56,1.85,26.71,40.22,2830.81,8.98,3.17,589,272.96,Rice
72,28,118,5.08,17.97,0.77,1,11.63,37.21,394.83,8.41,13.32,556,330.63,Cotton
123,80,105,8.4,54.74,1.25,1.86,25.6,72.24,2746.11,11.18,13.54,2237,248.03,Rice
123,40,31,4.84,51.62,1.28,2.67,30.03,64.79,2362.51,7.53,7.88,2428,62.76,Rice
58,49,52,5.37,56.7,0.41,1.19,14.52,63.81,2758.71,11.97,2.98,439,145.04,Pulses
153,23,41,6.28,53.75,0.92,0.8,39.51,44.87,1225.21,7.69,11.37,2452,231.91,Sugarcane
86,46,22,8.47,46.83,0.74,1.49,37.45,44.09,2834.18,9.15,18.49,794,199.85,Rice
154,53,47,6.45,19.24,0.94,1.19,39.79,89.38,2491.85,4.37,16.03,2333,76.27,Rice
61,18,35,6.7,25.13,1.04,1.46,20.81,67.73,1119.3,9.59,11.91,1694,59.1,Cotton
34,67,90,7.28,34.84,0.56,0.38,34.67,79.17,1149.02,6.56,2.43,1047,136.56,Sugarcane
130,29,14,8.37,39.44,1.4,1.08,19.86,52.71,1200.2,5.02,13.46,2226,256.25,Wheat
52,59,58,7.63,49.11,1.42,2.5,32.47,80.62,1848.6,5.19,7.54,859,333.53,Rice
57,29,106,5.4,21.35,0.34,1.26,38.43,73.34,709.32,8.07,15.02,329,246.61,Millet
116,45,100,5.71,16.41,1.11,2.91,14.65,51.01,1413.8,8.72,1.77,109,58.79,Sugarcane
52,36,14,4.89,34.13,0.24,2.16,14.21,73.06,389.45,9.63,10.16,1697,302.43,Barley
105,81,110,7.08,17.89,0.26,1.16,13.13,85.54,1203.28,7.57,7.77,530,68.43,Wheat
85,41,80,5.22,44.69,1.45,0.83,33.95,42.82,2066.85,10.92,1.27,2320,266.45,Rice
29,10,57,5.53,38.78,1.1,2.09,30,62.86,1850.51,4.55,9.94,2484,183.93,Rice
24,26,27,8.05,47.06,0.62,0.98,25.67,88,1086.3,4.97,3.88,929,126.4,Rice
142,18,104,5.81,13.17,1.07,2.79,33.22,79.28,920.17,5.82,1.42,1421,245.91,Wheat
93,54,15,6.77,58.23,1.3,0.44,35.5,67.22,1115.87,4.81,12.69,1947,261.5,Wheat
116,75,75,6.09,10,1.33,0.18,38.49,34.19,394.73,10.05,19.75,1546,203.65,Millet
137,41,86,4.8,26.27,0.23,0.74,16.04,54.38,921.22,6.9,13.87,1957,289.3,Millet
57,54,51,5.95,43.98,1.26,1.86,23.25,69.05,2182.54,8.83,17.76,1845,121.47,Rice
66,18,61,6.13,12.26,1.31,2.52,37.69,54.58,700.5,10.12,3.4,390,151.02,Millet
128,39,20,8.08,14.17,0.97,0.59,23.84,89.83,587.05,8.38,6.63,145,243.96,Wheat
34,47,35,5.8,13.83,0.82,1.8,24.63,75.2,2568.96,8.27,15.6,928,192.7,Rice
155,69,30,6.02,39.08,0.34,0.52,38.27,41.22,862.35,7.6,4.4,522,73.93,Millet
24,10,75,7.63,54.8,0.51,1.73,32.04,59.42,903.09,9.56,12.32,1712,87.47,Potato
66,14,49,7.54,37.77,0.84,0.15,26.56,53.04,1496.51,8.24,9.97,745,283.39,Cotton
87,72,65,7.69,40.18,1.32,1.72,20.72,65.63,1521.35,7.23,12.45,998,271.58,Rice
95,45,60,8.32,27.3,1.24,1.61,37.46,56.79,721.37,8.94,19.36,566,293.6,Millet
149,74,29,7.68,10.94,0.84,0.22,10.27,44.27,1757.19,11.69,15.55,2409,85.25,Wheat
114,87,90,6.13,11.08,1.22,2.1,19.63,73.46,2148.08,10.47,19.79,1585,148.49,Wheat
134,82,89,7.79,54.42,1.2,1.76,38.38,36.4,1556.58,7.58,3.32,1722,283.43,Rice
55,33,66,6.53,15.13,0.95,1.91,24.95,61.93,2707.22,8.86,9.81,526,133.83,Rice
45,13,115,5.61,59.99,0.49,1.64,28.72,48.61,2976.46,7.13,5.69,933,57.34,Rice
62,87,14,5.71,18.22,0.65,2.19,25.98,87.99,1680.11,8.16,13.65,1762,287.19,Rice
46,77,23,5.4,43.73,0.41,1.62,21.92,48.21,2923.55,9.87,1.27,173,154.95,Rice
88,34,33,5.08,57.45,0.21,2.77,29.96,50.46,2010.17,10.7,17.98,1126,202.88,Rice
30,83,77,5.24,28.11,0.3,2.84,32.99,72.43,1680.66,4.49,12.42,381,69.91,Rice
93,16,61,4.75,46.72,1.19,2.21,20.93,37.71,2636.07,5.32,13.74,1086,137.32,Rice
123,22,57,8.05,27.54,0.24,2.74,27.72,49.48,2906.19,8.64,16.09,219,299.01,Rice
57,77,97,8.22,25.25,0.72,2.78,12.48,71.75,2997.23,9.63,15.17,645,82.93,Wheat
153,52,56,6.85,20.09,1.48,0.86,26.43,31.85,2325.69,9.29,14.06,1565,258.5,Rice
42,66,69,7.86,51.05,1.23,2.98,32.43,48.66,1558.84,6,19.01,2401,159.45,Rice
66,45,82,5.23,22.87,1.18,0.88,27.56,30.5,1028.9,9.24,5.51,376,161.42,Cotton
109,23,12,8.11,24.16,0.56,0.15,36.35,39.01,1762.35,7.7,2.8,1732,99.53,Rice
65,81,18,6.53,59.95,1.03,2.89,18.59,66.25,2377.08,5.96,13,1420,54.98,Wheat
126,36,91,4.77,26.37,0.85,0.75,24.75,57.4,275.11,11.08,2.22,1919,189.96,Barley
159,46,109,5.07,31.14,1.01,1.79,12.62,39.36,949.42,8.24,11.53,1168,345.05,Wheat
123,80,92,5.74,59.5,0.77,2.91,31,34.68,1192.89,10.9,14.29,1386,300.31,Sugarcane
130,85,33,4.67,28.47,0.89,0.24,23.29,33.38,2383.85,7.34,13.81,1718,190.93,Rice
123,34,13,5.74,28.31,1.48,0.88,25.91,35.12,1917.95,9.06,7.41,1399,232.37,Rice
79,76,18,4.74,51.39,0.63,1.87,13.85,35.76,1391.98,10.54,13.89,2162,242.96,Millet
119,13,106,5.44,25.6,0.48,2.31,39.92,35.18,2773.95,6.63,7.36,641,312.1,Rice
87,88,10,5.56,21.69,0.78,2.44,33.16,33.3,1706.81,10.86,16.31,1766,225.68,Rice
152,83,44,8.48,31.16,0.88,2.66,22.02,71.82,2226.95,6.81,17.57,2270,328.19,Rice
139,25,83,5.44,45.03,0.31,0.59,27.1,86.48,2035.32,5.62,13.65,1842,257.37,Rice
56,28,21,5.46,12.16,1.25,1.17,28.56,81.36,2603.82,9.92,12.92,1850,102.71,Rice
91,38,27,7.25,28.7,0.75,2.17,38.82,45.95,2474.66,6.68,6.46,507,207.4,Rice
146,60,87,7.94,27.31,0.74,2.17,33.05,42.26,2969.29,11.63,9.84,15,132.75,Rice
125,27,19,6.05,22.24,1.06,0.99,20.49,32.87,1261.74,10.44,5.37,1501,242.67,Sugarcane
111,67,83,8,42.71,1.21,0.98,39.33,39.36,661.64,5.84,14.38,2401,157.01,Millet
50,53,27,5.86,24.5,1.48,1.03,19.05,64.07,2327.49,11.89,13.36,1269,313.62,Wheat
141,25,33,5.29,40.34,0.43,2.69,27.31,89.89,2649.2,6.91,3.08,1997,199.17,Rice
156,74,10,5.82,35.22,0.65,2.74,31.02,81.54,352.24,8.46,18.06,1141,163.77,Millet
70,11,103,6.94,20.86,0.42,0.14,18.13,60.9,1132.05,4.59,19.77,1369,243.05,Wheat
48,65,88,5.97,23.33,1.35,1.04,38.69,55.41,2460.14,4.33,3.69,203,256.55,Rice
59,88,81,7.19,18.53,0.91,1.24,16.48,38.87,2113.62,6.36,6.24,1671,327.79,Wheat
60,37,108,5.45,12.83,1.31,2.95,23.25,55.12,2314.84,4.1,16.61,2444,90.25,Rice
30,74,91,7.3,40.96,1.48,2.84,15.4,65.69,1720.96,6.22,8.5,696,58.77,Wheat
20,14,114,5.89,43.64,0.92,1.92,36.25,65.73,1269.15,8.18,2.1,2214,220.26,Pulses
65,31,25,6.32,18.3,0.35,0.23,16.65,63.45,2471.9,9.53,18.32,2143,332.6,Wheat
120,22,94,6.73,40.77,0.67,0.65,11.04,79.44,1752.71,6.01,10.98,672,263.81,Wheat
109,74,24,7.24,59.1,0.25,1.36,11.17,60.61,1642.05,7.26,1.59,1245,195.79,Wheat
129,25,71,5.45,13.72,1.3,2.88,22.41,58.37,2257.56,7.06,9.26,1142,70.66,Rice
76,73,14,7.84,34.52,0.22,0.37,25.68,48.35,734.43,6.62,16.85,2469,335.99,Millet
20,41,54,7.39,46.65,0.97,2.39,11.25,40.81,1840.81,7.11,8.49,1853,212.29,Wheat
82,89,61,5.44,12.3,0.34,0.65,12.79,30.08,1052.36,7.9,3.48,2399,97.69,Potato
74,60,80,8.4,48.91,0.21,1.57,12.92,49.33,260.06,5.59,1.78,1240,338.05,Wheat
134,88,16,7.16,58.98,0.53,2.32,30.06,67.98,2296.83,7.72,15.81,2467,53.49,Rice
72,67,36,6.31,14.42,0.92,2.11,18.99,63.53,1529.12,6.08,10.7,1891,324.04,Wheat
156,55,98,5.13,51.11,0.3,2.35,26.88,61.83,2729.09,4.51,7.09,679,178.13,Rice
76,61,95,6.63,28.93,1,2.46,12.21,76.34,1600.47,5.71,16.7,1596,326.81,Wheat
136,72,22,5.16,17.21,1.07,0.99,36.76,43.97,228.53,11.47,3.15,1214,94.71,Millet
54,85,26,6.22,34.66,1.46,1.16,19.13,70.71,1344.49,8.04,4.11,1251,237.99,Wheat
82,69,114,6.13,13.58,1.37,2.47,33.35,66.43,679.01,11.86,8.39,761,221.54,Millet
44,74,53,7.38,36.11,0.94,0.21,34.8,50.34,2779.02,5.8,1.74,1581,147.15,Rice
109,64,22,5.27,10.97,1.23,1.59,39.64,43.11,1448.24,6.34,17.22,2129,141.44,Sugarcane
94,66,99,7.79,46.43,0.67,2.77,32.23,63.76,1629.94,9.12,9.7,486,128.04,Rice
57,80,82,5.8,34.4,0.96,2.67,23.28,86.71,1223.39,6.84,12.28,505,184.51,Potato
149,82,14,6.28,32.95,0.72,2.43,14.58,34.58,1662.23,6.89,1.88,992,203.98,Wheat
154,35,112,7.59,19.81,0.64,0.16,11.44,87.18,431.82,10.75,17.46,687,110.93,Wheat
110,21,42,7,28.06,1.15,2.67,36.59,57.89,1484.45,4.23,19.42,844,237.52,Sugarcane
36,80,13,5.73,19.09,0.59,2.74,23.4,72.6,2057.64,9.33,17.87,1654,58.22,Rice
147,55,101,6.04,46.77,0.69,2.02,32.5,78.19,1242.31,11.04,14,1035,241.93,Sugarcane
127,56,35,5.72,19.95,0.68,0.97,24.89,39.09,1299.47,5.39,16.05,1410,340.43,Sugarcane
44,88,77,6.88,40.84,1.33,1.52,36.39,32.7,2544.77,7.23,17.12,787,320.58,Rice
107,47,25,5.83,23.98,0.42,2.31,32.49,37.71,1702.55,10.47,5.12,98,287.7,Rice
48,30,110,7.4,42.85,0.7,2.46,12.56,50.46,1845.42,8.28,3.72,211,106.43,Wheat
82,23,31,6.82,37.02,1.35,1.1,32.56,87.39,1031.09,6.86,4.88,1211,152.6,Pulses
133,11,45,5.08,31.17,0.22,1.05,18,32.57,1552.34,9.01,17.88,2383,187.4,Sugarcane
68,81,111,5.74,43.65,1.43,2.23,33.19,85.19,351.09,6.6,7.39,1575,108.44,Millet
100,79,67,5.39,30.79,1.37,2.09,38.46,63.68,1404.83,9.01,3.91,1772,214.78,Pulses
103,42,64,6.06,51.07,0.74,1.59,37.9,36.14,2447.55,5.16,19.99,672,198.32,Rice
124,15,44,6.56,46.48,1.05,1.32,13.75,39.16,652.08,5.8,4.2,2073,227.42,Wheat
137,46,34,6.53,37.03,1.49,2.01,11.64,71.36,2340.54,4.12,3.21,1966,274.67,Wheat
105,23,81,7.52,53.85,0.92,0.19,33.31,66.51,1247.8,5.48,16.85,47,180.51,Sugarcane
82,46,90,5.26,51.44,0.33,0.32,31.3,40.05,275.77,5.05,17.06,2109,154.94,Millet
123,17,70,8.29,36.59,1.31,1.76,15.29,84.26,2868.98,8.78,11.45,1935,202.1,Wheat
68,86,27,5.87,13.42,0.37,0.71,30.54,37.97,707.8,11.56,6.23,2462,329.36,Millet
90,22,67,5.7,38.3,0.53,2.35,10.46,60.69,1137.35,5.72,6.85,1242,200.02,Wheat
20,49,85,7.24,27.76,1.34,2.34,28.93,61.7,1546.04,5.03,6.77,317,316.83,Rice
142,67,66,7.72,37.01,0.53,2.16,34.97,82.23,2858.44,8.28,17.45,1625,87.15,Rice
81,27,106,6.01,42.36,1.17,2.72,29.26,31.33,1827.27,5.45,1.32,627,284.4,Rice
51,66,96,7.49,42.24,0.78,0.51,11.96,38.19,2734.95,8.33,14.5,1553,132.34,Wheat
48,47,72,8.03,43.68,1.19,0.85,39.73,40.24,1780.5,8.04,19.15,1260,129.28,Rice
68,41,21,7.57,43.96,0.5,0.83,20.68,33.77,775.11,4.16,15.29,900,348.83,Wheat
49,75,20,4.64,15.46,0.75,2.37,21.41,67.89,1780.24,11.71,10.33,477,84.74,Rice
38,86,22,7.81,19.59,0.61,1.61,12.54,43.78,481.24,5.61,2.56,1926,134.48,Wheat
37,34,44,7.6,41.53,0.52,0.83,15.01,64.6,527.76,11.16,1.58,8,131.02,Wheat
20,67,36,7.18,30.41,0.61,0.5,18.14,76.96,523.86,7.06,4.96,1994,55.76,Wheat
97,84,98,7.54,48.14,0.62,2.69,33.98,54.51,234.31,5.27,12.63,2268,199.3,Millet
134,42,113,8.42,16.25,1.44,2.11,30.75,76.13,623.6,4.85,9.63,1470,120.91,Millet
132,75,76,6.22,19.58,0.89,1.63,27.51,76.67,1188.34,8.09,12.43,1464,311.26,Sugarcane
133,39,98,4.77,37.92,0.8,2.9,35.92,45.81,401.93,6.89,2.63,1059,64.93,Millet
82,43,54,6.34,35.04,0.85,2.56,39.93,30.94,217.26,11.34,16.73,609,171.61,Millet
151,78,83,4.69,23.32,1.49,0.62,21.54,36.2,514.36,5.61,13.9,891,246.06,Wheat
148,57,90,5.68,30.42,1.05,1.57,21.74,79.41,2820.96,9.79,13.12,1899,266.55,Rice
27,49,76,6.85,11.75,1.11,1.51,32.08,54.32,1671.79,5.49,4.28,12,279.34,Rice
74,60,118,5.74,11.85,0.61,2.55,29.33,80.35,1418.07,10.97,11.37,274,319.8,Maize
122,89,31,7.24,14.75,0.81,0.53,10.4,62.85,1564.04,8.08,5.85,2250,333.01,Wheat
150,22,111,7.79,38.84,0.44,1.41,29.66,41.84,1753.46,10.65,18.72,925,257.55,Rice
51,40,87,6.18,53.19,1.09,1.95,31.59,72.73,501.93,7.5,9.87,1059,249.21,Millet
29,48,100,8.1,23.01,0.65,2.84,39.58,63.49,1837.32,5.4,6.84,2307,209.94,Rice
129,72,51,4.82,11.7,1.17,2.71,27.6,51.11,2535.83,8.31,19.06,1437,180.41,Rice
143,57,29,7.86,45.43,0.48,1.65,30.53,35.26,1769.81,6.18,4.91,1212,341.94,Rice
106,57,57,7.81,52.77,0.72,1.86,33.66,36.14,2672.53,5.48,10.37,2207,248.25,Rice
74,70,27,5.79,16.91,0.81,2.57,12.88,41.31,587.04,11.23,4.25,73,232.86,Barley
51,21,86,5.69,29.29,0.42,2.26,32.04,70.38,2512.48,8.41,2.79,1770,138.38,Rice
154,87,115,5.72,17.94,0.29,2.65,26.41,73.68,2055.32,10.4,1.99,300,164.35,Rice
112,65,79,7.75,15.32,0.61,2.7,13,67.85,1890.28,10.21,1.3,2334,127.33,Wheat
27,27,83,7.83,42.41,0.91,2.51,30.1,50.24,1848.57,4.01,14.48,695,197.89,Rice
84,36,110,5.82,58.38,1.05,0.13,17.04,56.43,533.05,11.09,8.37,1770,160.23,Cotton
76,37,102,6.87,43.91,0.75,1,26.14,72.57,1997.44,10.19,18.52,2345,313.33,Rice
86,89,15,5.06,59.24,0.85,1.27,18.43,69.59,1316.58,6.15,12.91,86,200.76,Pulses
91,61,48,6.38,31.72,0.91,2.07,13.14,76.38,377.12,5.83,16.33,1399,346.29,Wheat
73,25,20,8.5,54.89,0.87,0.99,17.53,44.47,774.72,4.45,6.37,1021,281.34,Wheat
86,86,34,5.14,20.25,0.32,1.04,23.16,30.27,1439.22,4.74,5.04,1098,88.87,Barley
70,67,117,8.29,15.9,0.73,1.26,24.82,45.99,2980.34,5.56,9.44,52,111.06,Rice
116,18,117,7.8,45.13,0.47,2.87,14.45,50.87,1405.87,4.03,16.72,2346,328.25,Wheat
111,35,103,8.39,28.57,0.89,1.37,19.63,87.63,619.38,6.53,10.1,1815,338.45,Wheat
27,37,64,5.22,25.88,1.19,0.51,35.78,43.06,2724.79,11.38,11.46,918,51.44,Rice
54,86,93,5.35,43.56,0.95,0.12,37.31,79.58,298.67,8.44,7.81,985,186.64,Millet
115,45,67,4.57,26.67,0.49,0.79,26.06,67.35,554.84,8.64,12.26,146,126.94,Millet
107,18,46,7.4,38.63,0.47,2.82,24.71,40.05,1526.43,5.89,10.61,1446,133.18,Rice
97,56,25,7.08,24.97,0.25,2.87,27.44,54.21,459.78,5.8,9.79,1428,200.13,Millet
51,87,104,5.21,49.19,0.75,1.63,16.44,60.61,1800.44,6.94,11.43,2478,220.29,Potato
139,60,102,7.66,25.62,0.76,1.97,39.81,50.65,641.75,6.1,8.96,137,69.07,Millet
65,85,79,5.7,36.75,0.51,2.41,32.36,43.57,2022.4,10.87,15.96,1519,247.43,Rice
74,66,102,5.04,11.16,1.19,0.26,17.16,45.17,529.46,5.42,2.29,58,171.54,Wheat
26,41,105,6.19,49.59,0.7,1.19,18.16,65.11,2468.29,9.4,7.73,2037,65.54,Wheat
93,76,82,4.86,41.02,1.07,1.96,29.45,71.29,2254.72,7.92,15.31,296,88.06,Rice
26,66,46,5.55,19.61,1.03,2.7,19.69,58.14,2791.13,9.42,7.95,1982,65.23,Wheat
104,63,62,5.99,20.77,0.99,2.21,20.66,86.5,391.57,10.68,9.92,1826,154.44,Cotton
131,25,96,7.91,23.12,1.38,1.12,33.43,73.71,1754.83,6.73,8.45,1313,247.47,Rice
144,71,25,7.67,38.83,0.22,2.74,18.01,83.51,2184.79,8.33,7.65,929,231.75,Wheat
55,65,27,6.27,37.42,0.29,2.03,31.16,58.54,2727.46,7.99,11.44,1252,202.48,Rice
48,32,28,7.4,23.69,1.14,2.51,38.05,30.89,1549.75,6.99,4.11,43,247.32,Rice
101,26,53,6.77,44.7,0.66,1.22,13.72,65.52,2863.68,10.5,9.28,248,312.39,Wheat
21,89,11,5.86,54.45,1.48,0.11,14.33,79.1,542.94,4.08,15.34,2181,126.13,Cotton
148,47,67,7.4,12.18,0.48,0.58,38.29,62.19,1413.04,6.48,1.18,593,337.44,Sugarcane
66,81,19,7.23,30.86,0.44,2.79,16.11,64.07,908.88,10.66,12.45,1654,338.88,Wheat
30,39,85,6.98,39.68,0.96,0.2,10.63,88.5,635.09,10.98,19.66,1350,206.94,Wheat
149,67,55,6.97,39.32,0.56,1.83,36.06,51.97,1002.99,9.55,8.65,2359,262.74,Sugarcane
138,87,91,7.23,10.98,0.64,1.29,18.47,78.11,2061.21,6.73,11.24,1893,260.79,Wheat
159,31,28,6.04,20.53,1.4,1.35,18.95,60.3,1552.97,10.58,3.67,1688,250.92,Wheat
39,26,47,7.98,13.09,0.23,1.26,16.81,57.82,708.34,4.67,14.42,466,56.89,Wheat
24,24,46,5.15,38.45,0.89,0.3,37.53,38.73,288.82,6.12,8.94,2163,269.3,Millet
56,57,100,8.04,42.27,0.64,0.45,33.23,74.9,2785.8,4.74,15.61,2294,268.14,Rice
156,41,87,5.87,17.99,0.65,0.28,27.9,79.4,1079.58,4.88,3.39,599,227.8,Sugarcane
72,86,54,5,26.65,0.52,0.26,23.6,55.85,557.24,8.74,2.44,2303,50.93,Wheat
118,49,43,6.9,26.49,0.38,0.35,14.31,75.81,609.21,4.58,6.34,1692,123.7,Wheat
105,66,11,6,50.99,0.24,2.12,37.78,64.87,909.59,9.44,4.32,737,75.01,Barley
127,67,53,7.76,19.73,1.48,0.43,32.49,45.45,846.27,6.79,16.53,1963,193.6,Tomato
43,25,106,6.22,37.42,1.06,0.86,18.37,85.42,982.74,4.45,15.4,2090,76.16,Wheat
100,37,92,7.17,49.15,1.21,2.01,38.42,71.81,831.43,6.28,19.37,1448,173.66,Cotton
139,10,36,5.73,51.48,0.28,0.43,38.06,82.7,1405.81,7.19,2.27,2452,118.99,Sugarcane
78,50,57,5.34,43.33,0.22,2.74,29.79,46.89,2343.69,6.93,6.46,1902,179.08,Rice
147,57,103,6.05,24.98,0.98,1.48,39.55,84.98,276.1,8.08,19.44,1333,181.95,Millet
133,40,16,6.93,51.15,1.14,2.89,15.62,51.88,733.3,8.02,3.03,1749,179.15,Wheat
134,45,36,7.13,47.11,0.71,0.66,31.94,30.57,2193.56,6.88,10.31,1167,176.18,Rice
33,42,94,6.81,45.22,0.7,0.19,14.57,34.5,616.86,11.19,13.46,2320,155.2,Wheat
28,42,80,8.45,13.37,0.7,1.81,30.75,35.36,2275.72,5.76,5.32,2181,293.25,Rice
59,32,98,7.26,12.16,0.4,1.05,37.6,42.43,1641.47,6.72,15.75,835,131.72,Rice
44,69,111,8.23,44.77,1.18,1.76,26.08,41.19,2668.52,8.43,17.19,726,175.41,Rice
122,88,27,4.97,57.24,0.48,1.47,32.89,33.47,228.45,5.96,8.56,2005,341.5,Millet
41,39,42,4.75,48.69,0.62,1.43,14.29,83.72,2396.2,5.2,14.38,1404,253.83,Millet
23,54,42,5.74,51.57,1.07,2.57,29,79.7,1802.19,4.05,11.08,1972,253.04,Rice
48,89,105,5.05,37.25,0.2,0.66,11.9,75.77,1512.86,11.56,13.92,306,100.47,Potato
128,48,34,6.6,25.23,1.2,1.55,11.11,58.75,608.02,10.27,9.55,855,95.7,Wheat
117,54,23,6.58,43.89,1.37,1.31,29.02,55.51,855.38,11.11,1.64,1860,54.4,Sugarcane
56,87,47,6.8,45.6,0.27,2.05,27.18,55.52,2400.88,4.32,7.16,675,294.85,Rice
94,21,47,7.48,43.77,0.97,0.25,19.88,45.71,617.22,4.59,6.6,386,273.51,Wheat
89,41,13,8.39,57.34,0.73,1.64,25.39,66.5,1676.57,8.42,18.56,1508,345.18,Rice
147,65,117,8.01,28.36,0.3,1.49,30.53,33.54,781.36,4.19,9.33,2284,226.51,Millet
104,33,71,4.97,11.98,1.09,2.92,29.34,69.53,1569.96,6.17,18.17,907,336.53,Rice
61,22,91,5.85,55.42,1,2.29,12.21,60.83,913.27,11.78,1.11,2167,166.26,Wheat
119,29,19,5.52,18.02,1.04,0.55,30.34,78.99,1183.11,6.86,13.01,1223,116.86,Sugarcane
60,88,44,5.21,44.87,1.26,1.58,29.79,88.36,2446.84,11.84,9.68,504,284.38,Rice
53,65,108,6.68,53.66,0.57,2.37,30.09,82.6,303.93,4.95,1.85,190,150.52,Millet
36,62,113,6.71,25.51,1.08,1.62,35.42,73.2,2788.03,7.08,9.89,1971,347.76,Rice
141,77,32,5.41,51.52,1.17,1.13,27.3,55.97,1094.27,4.05,8.29,1015,95.81,Sugarcane
95,63,98,7.35,26.6,0.42,1.19,38.14,42.87,1868.92,8.73,5.05,545,54.09,Rice
106,43,74,7.43,49.71,1.44,1.16,39.4,69.89,820.91,6.73,2.5,1123,242.51,Potato
136,37,91,4.58,13.49,0.64,0.16,32.56,42.1,1204.46,8.03,16.02,1147,150.32,Sugarcane
125,59,88,6.08,42.76,1.13,2.22,20.76,31.22,1487.06,10.36,12.56,845,154.4,Sugarcane
105,11,34,8.06,43.86,1.18,1.87,14.29,64.39,2128.49,8.41,12.22,2454,256.37,Wheat
46,35,105,6.58,34.57,0.86,0.88,34.6,53.65,2644.65,9.32,18.21,2410,280.59,Rice
76,60,62,5.89,44.35,0.37,1.93,14.4,82.56,2625.16,7.78,1.23,885,172.04,Barley
50,56,93,5.51,56.16,0.56,1,14.39,68.75,1143.63,9.98,11.29,100,91.8,Barley
153,35,26,5.47,46.69,0.5,0.81,37.57,68.84,448.39,8.82,19.1,1131,171.47,Millet
117,84,66,4.9,58.06,0.87,2.25,26.8,77.27,2790.05,10.93,9.55,1169,142.42,Rice
31,83,84,7.77,32.43,0.54,2.45,18.8,50.14,285.95,10.05,9.97,1251,280.72,Wheat
72,70,86,4.85,36.41,0.91,1.91,38.89,87.49,2666.98,5.86,2.32,703,152.07,Rice
157,32,98,5.67,23.19,0.57,2.37,31.22,43.28,272.3,8.2,14.38,2425,132.75,Millet
141,46,29,4.68,59.28,0.2,1.16,26.05,82.3,2934.54,11,15.48,27,278.12,Rice
65,50,34,7.63,12.76,0.67,0.31,19.88,84.65,231.21,10.87,3.64,1102,346.51,Wheat
83,61,51,4.66,27.93,0.99,1.85,30.3,32.34,247.6,7.82,13.13,1664,134.35,Millet
149,58,54,5.73,24.88,1.21,0.84,31.93,67.91,1624.39,6.51,8.1,2465,219.42,Rice
73,36,40,6.79,29.33,0.24,2.35,31.36,74.97,2066.96,5.69,11.73,195,318.23,Rice
126,15,74,6.14,55.89,0.54,1.14,15.86,87.23,1187.79,5.55,13.82,1951,335.9,Wheat
70,83,61,5.63,28.4,1.48,2.04,30.92,45.08,1896.51,5.15,2.91,810,324.06,Rice
55,75,89,5.6,55.85,0.54,1.7,27.44,63.71,2568.4,12,6.72,531,330.66,Rice
134,33,101,7.69,31.17,1.21,2.47,35.5,76.39,2427.64,9.3,17.01,776,99.38,Rice
45,47,30,8.4,52.74,0.86,2.51,28.74,38.9,2675.42,6.52,4.22,2419,166.29,Rice
48,37,39,5.89,36.09,0.36,0.3,14.39,81.18,645.65,6.35,13.35,1394,171.32,Wheat
30,37,12,4.66,25.57,1.04,0.96,19.56,54.22,828.98,6.44,16.89,168,255.87,Cotton
59,75,107,4.65,32.47,1.46,2.63,32.31,68.39,1845.6,10.98,12.87,276,71.65,Rice
30,70,79,7.54,31.22,1.35,1.27,32.2,32.52,2226.27,8.11,15.92,2151,124.3,Rice
132,55,52,6.71,23,1.1,1.59,16.68,43.38,500.62,6.17,10.29,1999,318.2,Wheat
58,78,38,7.63,24.48,0.87,0.63,20.64,58.69,691.77,10.39,17.77,832,292.43,Millet
73,84,12,7.29,19.32,0.62,1.7,10.46,47.35,2784.21,10,13.87,1707,161.71,Wheat
117,83,67,8.13,26.8,0.66,0.87,19.95,87.47,272.35,7.74,7.49,1187,186.35,Wheat
74,52,42,8.04,41.22,0.65,2.5,10.79,77.7,1325.02,9.51,10.88,1895,191.56,Wheat
130,68,84,7.65,29.33,1.4,0.68,36.19,81.89,790.4,9.91,13.29,2065,262.36,Millet
88,11,54,6.4,45.62,0.47,1.14,30,57.98,2368.1,4.4,15.97,1835,233.22,Rice
75,24,78,5.73,59.35,0.69,0.38,39.07,58.42,2618.04,11,4.2,750,181.59,Rice
52,46,41,6.53,28.86,0.76,1.81,36.76,78.31,891.57,6.3,19.82,468,149.36,Maize
55,80,91,6.51,33.13,0.73,2.83,28.1,53.25,1851.67,11.85,3.86,123,265.21,Rice
100,29,93,6.94,18.21,0.21,0.6,25.09,58.85,2560.99,11.27,11.33,228,82.47,Rice
128,44,61,5.24,29.61,0.55,0.16,36.51,61.72,1875.82,4.15,1.33,343,137.24,Rice
92,43,73,7.12,46.34,0.85,1.33,18.95,66.43,1881.97,8.97,9.37,964,96.58,Wheat
59,40,112,6.33,20.87,1.19,2.27,16.71,69,1356.02,11.72,1.05,588,94.69,Wheat
36,28,49,6.98,19.1,0.94,2.93,22.3,70.85,2028.46,8.52,2.33,1442,134.77,Rice
148,77,101,5.46,28.82,0.7,0.25,11.6,56.64,2888.94,8.93,11.41,217,331.55,Sugarcane
80,33,22,6.24,50.93,1.06,2.38,19.06,47.71,1038.96,11.45,9.67,1341,74.65,Wheat
123,48,99,5.34,41.18,1.07,1.17,12.51,85.21,761.67,8.58,2.2,1428,199.63,Wheat
61,63,89,8,57.88,0.52,0.55,11.58,79.6,2882.79,5.96,18.69,1274,326.21,Wheat
44,48,98,6.45,55.23,0.33,0.66,26.54,30.21,368.49,7.68,7.65,150,217.91,Millet
58,26,83,5.4,17.56,1.24,2.78,31.24,60.78,2551.75,6.8,15.11,138,140.45,Rice
54,28,38,4.66,12.13,0.89,2.45,26.1,46.48,2747.43,5.34,19.29,887,117.19,Rice
150,57,119,7.2,29.95,0.43,1,12.12,68.56,814.4,5.71,18.27,1575,146.58,Wheat
127,44,72,5.36,36.1,0.54,2.83,21.85,60.16,1391.99,4.49,13.97,2054,93.68,Sugarcane
121,41,111,8.46,35.78,1.2,0.41,13.33,31.27,544.48,5.35,1.35,1526,134.03,Wheat
117,56,93,6.63,16.71,1.05,1.04,29.5,73.67,1227.51,6.07,13.18,691,293.19,Sugarcane
31,56,35,5.66,16.24,1.43,1.99,34.79,46.52,1480.5,10.07,2.59,1199,246.18,Rice
38,73,105,7.13,12.34,0.8,3,13.5,45.61,1626.79,6.93,9.12,2452,86.77,Wheat
120,55,112,5.6,52.54,0.27,1.45,12.01,31.92,542.89,9.53,18.37,989,138.34,Potato
63,44,111,7.78,57.39,1.11,2.45,22.18,79.7,1330.13,11.97,3.27,375,221.21,Tomato
68,26,68,5.73,15.78,0.53,2.76,19.1,64.73,1950.41,8.65,14.4,646,104.14,Barley
36,51,58,8.45,20.66,0.62,0.13,17.82,59.09,1600.4,8.91,6.39,1737,118.85,Wheat
93,38,62,6.92,14.49,0.46,0.94,16.34,70.55,2555.97,8.42,4.07,1556,232.98,Wheat
76,79,97,7.88,53.88,0.6,0.39,19.51,50.72,2863,7.16,5.56,1982,286.07,Wheat
74,26,40,4.79,57.94,1.28,2.35,38.96,64.17,2487.19,5.49,8.72,2070,294.86,Rice
66,23,113,5.89,23.09,0.95,1.74,35.73,44.96,332.67,11.82,16.3,1968,215.25,Millet
31,33,21,7.45,25.18,0.34,0.38,28.04,33.78,801.08,7.82,10.79,1498,138.64,Rice
81,66,67,7.12,28.13,0.96,1.32,34.01,63.68,445.3,11.49,7.65,1038,314.38,Millet
99,59,45,5.28,35.12,1.02,1.59,10.44,43.27,1414.73,6.08,4.34,1708,284.92,Potato
102,66,19,5.92,44.12,1.35,2.12,13.34,75,2226.64,4.87,5.82,1372,309.55,Sugarcane
27,70,15,5.55,35.22,1.32,2.36,18.77,57.11,290.6,9.1,18.97,527,315.09,Wheat
100,48,16,6.95,57.55,0.28,0.35,29.32,45.02,947.74,10.81,5.21,1373,234.16,Rice
137,64,40,5.88,14.99,1.33,1.51,36.5,66.5,462.92,9.3,7.19,902,225.53,Millet
44,45,100,5.74,49.93,0.27,0.57,16.93,37,1348.3,9.94,10.28,2196,314.4,Cotton
108,46,81,5.33,26.72,0.4,2.28,14.18,75.69,2790.93,8.87,9.59,2433,130.8,Sugarcane
31,23,12,6.14,28.88,0.35,2.01,35.44,57.13,1355.94,9.97,6.81,653,101.1,Cotton
78,36,113,5.28,45.44,0.44,2.2,22.27,78.76,1977.26,6.76,1.3,547,173.16,Rice
128,40,56,8.35,56.47,1.24,0.32,30.99,38.29,1283.67,7.12,16.66,2289,75.12,Sugarcane
45,82,94,5.12,45.81,1.09,1.58,26.44,52.95,2248.08,10.24,2.46,323,196.43,Rice
66,53,10,8.15,48.79,1.09,2.54,15.28,40.8,2280.48,10.41,16.01,932,115.97,Wheat
51,77,54,6.21,47.54,1.4,2.17,31.02,33.67,586.53,4.66,6.84,449,173.23,Millet
29,57,63,6.01,26.05,0.71,2.6,22.62,87.32,2028.97,4.14,18.31,517,125.05,Rice
35,66,59,5.43,47.85,0.2,0.7,18.63,73.6,1281.79,9.33,10.45,479,50.15,Potato
45,84,88,7.04,49.23,1.03,0.93,37.08,49.54,2607.29,4.68,1.22,1182,328.31,Rice
105,31,16,7.24,36.67,1.33,1.38,10.18,44.77,641.89,5.37,10.84,1996,288.25,Wheat
154,13,72,6.37,36.84,1.47,1.62,22.15,42.26,2712.81,5.58,18.28,1085,225.22,Rice
33,81,24,4.72,47.99,0.67,0.83,19.02,32.58,1632.26,8.07,1.75,1088,53.89,Tomato
98,55,98,8.17,50.85,1.27,1.21,11.63,36.16,915.46,5.61,9.7,2181,305.93,Wheat
136,68,76,8.42,26.86,1.3,2.09,12.41,36.17,1137.05,5.45,14.29,2228,274.3,Wheat
26,43,39,6.22,50.08,0.39,1.97,15.17,69.98,214.03,4.09,2.26,1761,171.14,Wheat
156,20,87,6.95,50.71,1.02,0.42,25.15,65.68,2859.75,10.13,5.44,1231,199.71,Rice
134,40,77,6.3,21.71,0.43,2.96,18.48,64.09,829.93,5.09,1.66,1859,285.64,Wheat
91,20,45,5.79,45.85,0.78,1.73,35.14,74.07,2747.26,8.55,11.58,163,246.17,Rice
78,65,76,4.81,19.33,1.34,1.5,17.2,45.07,2588.3,6.4,16.48,777,321.05,Barley
101,47,14,6.32,14.65,1.23,2.91,31.61,50.55,1177.42,5.46,7.77,1033,219.83,Sugarcane
135,30,34,7.77,38.73,0.94,0.51,16.31,37.6,790.55,6.77,3.12,685,224.17,Wheat
122,19,104,4.57,55.43,1.25,1.68,11.28,65.26,1394.5,6.06,10.99,1587,291.44,Sugarcane
36,35,20,6.83,11.77,0.4,2.43,17.94,85.97,2813.99,7.47,17.46,1314,112.07,Wheat
33,17,81,8.02,51.33,0.45,1.26,35.13,81.79,2594.33,9.52,12.18,1113,112.15,Rice
127,17,99,5.37,35.32,0.47,2.24,12.47,63.3,1568.13,4.41,5.14,2401,92,Sugarcane
64,69,75,5.23,53.04,1.21,2.71,20.33,68.68,1727.54,5.47,5.13,218,96.22,Rice
117,81,37,7.59,52.17,1.36,0.86,10.24,89.54,1344.21,4.64,7.49,1174,271.67,Wheat
150,43,69,5.52,53.76,0.93,0.8,28.91,61.04,2845.32,11.74,2.59,1757,176.9,Rice
56,25,19,5.27,48.44,1.45,1.15,38.28,82.24,2968.97,8.59,11.3,2487,191.55,Rice
127,22,59,6.01,52.15,1.15,1.31,21.53,60.04,1009.63,10.56,19.47,502,184.64,Sugarcane
58,85,48,6.07,18.8,0.93,0.42,27.31,32.87,2859.22,6.13,16.27,1760,122.91,Rice
34,31,46,8,25.19,1,0.77,23.57,86.08,2861.18,11.16,11.39,1385,339.39,Rice
139,36,72,6.97,22.12,1.3,2.63,39.2,36.71,1525.64,9.03,18.49,2294,200.98,Rice
23,73,70,6.12,47.12,0.32,1.74,32.08,72.25,1361.73,7.25,11.97,2064,165.24,Millet
112,11,112,6.64,17.68,0.42,0.88,11.33,44.28,2634.05,8.8,16.18,1845,275.44,Wheat
35,35,94,8.32,19.11,0.55,2.84,13.26,84.06,2840.56,5.02,4.51,1019,281.59,Wheat
127,78,101,4.95,53.95,1.36,2.35,24.11,42.03,1326.66,6.51,4.66,2374,345.29,Sugarcane
145,39,47,5.33,45.29,1.43,1.15,28.95,38.4,1578.17,8.31,17.48,988,189.11,Rice
74,17,42,8.35,53.77,0.66,2.32,18.71,56.32,1135.85,9.12,5.39,1986,80.33,Wheat
53,47,84,8.33,16.97,1.4,1.83,30.24,59.8,785.04,5.73,11.53,119,280.43,Millet
32,70,54,5.21,29.95,0.91,2.08,27.3,79.14,2989.4,11.93,5.05,558,261.89,Rice
37,74,53,5.08,24.16,0.82,1.03,23.05,75.74,728.72,10.66,12.53,29,66.36,Sugarcane
115,76,10,6.18,10.48,1.28,0.71,27.47,49.7,2479.7,8.64,9.67,1128,221.31,Rice
142,55,62,4.7,24.23,0.91,0.84,37.49,53.1,1377.63,11.79,16.54,677,91.63,Sugarcane
58,81,56,7.12,28.98,0.79,0.34,17.3,64.6,434.26,8.1,15.62,1330,345.62,Wheat
65,52,42,4.81,14.61,0.22,1.47,33.74,63.09,1109.81,11.58,5.48,1988,294.57,Potato
48,68,76,4.73,38.32,0.22,1.28,10.36,81.72,432.77,10.01,10.73,2385,89.61,Millet
81,55,99,6.44,29.16,1.02,0.11,12.54,58.35,2949.46,5.74,19.63,2159,79.3,Wheat
35,81,24,8.33,12.32,0.3,2.58,38.49,83.61,942.56,7.24,10.93,689,134.61,Potato
140,44,114,6.21,45.2,1.16,2.08,30.93,42.3,2288.9,6.1,9.33,320,127.44,Rice
29,48,23,5.93,46.46,1.01,1.4,29,82.06,1391.73,9.77,1.83,487,180.79,Wheat
122,60,32,8.49,51.72,0.8,2.9,20.02,48.26,2102.39,10.13,11.99,1227,53.28,Rice
103,13,63,6.63,34.28,1.12,2.83,15.53,77.36,914.21,9.47,18.94,488,250.09,Wheat
152,89,17,6,58.43,1.49,0.38,21.4,63.92,463.59,8.36,18.23,339,197.17,Sugarcane
84,86,63,6.04,55.7,0.52,1.88,27.95,82.53,2463.93,7.22,14.5,764,66.45,Rice
22,60,45,5.28,37.57,0.92,2.47,29.03,43.88,2206.8,11.87,7.45,1391,61.56,Rice
139,14,93,6.55,32.25,1.3,0.6,15.09,72.09,506.34,4.22,15.02,569,101.2,Wheat
87,64,61,6.26,10.15,0.22,0.47,23.37,80.94,2246.65,4.99,11.53,2285,148.09,Rice
56,29,15,5.58,45.55,0.46,0.85,27,76.6,1873.39,8.79,11.53,906,68.26,Rice
92,33,106,5.14,38.25,0.88,0.91,38.8,63.96,680.17,10.05,16.57,2480,147.74,Millet
68,45,37,5.74,56.88,0.92,2.9,26.48,70.52,2511.7,11.66,5.5,1946,320.01,Rice
140,43,59,6.53,39.71,0.31,2.36,27.42,41.79,2156.92,7.92,12.03,208,205.73,Rice
107,63,47,4.73,59.64,0.73,0.27,32.96,42.99,1619.09,6.13,12.43,156,53.19,Rice
159,43,39,5.11,52.69,0.88,2.38,22.57,46.04,700.18,10.91,18.59,1269,244.16,Tomato
56,26,119,8.29,57.68,0.75,0.59,21.52,79.68,1712.46,7.52,1.46,2021,324.73,Rice
80,14,116,6.67,26.38,1.11,1.14,27.73,40.05,655.59,5.03,10.1,934,102.46,Millet
143,27,90,4.75,17.47,1.2,1.02,33.5,47.94,715.07,8.18,6,427,188.08,Millet
58,64,82,7.27,49.84,0.8,0.89,29.13,85.23,875.76,8.2,16.9,1512,153.6,Cotton
82,62,101,4.75,49.31,0.75,1,15.58,75.31,2032.63,5.83,6.74,1268,64.32,Sugarcane
65,59,63,7.46,20.57,1.12,2.29,21.93,73.99,2103.03,5.14,6.32,108,125.58,Rice
107,81,80,7.5,48.24,0.92,0.87,25.38,57.31,403.73,5.14,13.85,1439,152.3,Millet
30,88,55,7.1,39.1,1.33,2.42,25.71,72.14,2022.51,10.59,6.39,651,302.11,Rice
81,54,37,7.43,15.48,0.83,0.36,20.19,63.94,296.87,8.01,8.65,1473,110.92,Potato
96,22,26,4.85,35.09,0.95,1.83,25.67,34.29,2733.96,9.89,1.62,47,250.69,Rice
71,25,113,7.41,56.56,0.37,2.6,30.19,64.59,2380.26,11.7,7.77,127,200.69,Rice
23,22,57,5.05,35.32,1.29,0.33,24.04,57.13,2228.3,10.34,14.36,2162,52.72,Rice
78,29,53,5.86,49.43,0.75,1.94,23.54,36.84,869.79,5.26,11.49,1554,247.09,Sugarcane
91,75,117,8.27,11.45,1.13,1.58,34.05,50.66,2965.16,7.36,3.7,1205,300.1,Rice
112,56,69,6.51,46.4,0.76,1.06,32.71,83.69,2788.09,7.97,16.59,547,183.68,Rice
82,28,69,8.37,57.34,0.2,0.39,22.67,78.22,1571.79,9.61,7.36,581,106.68,Rice
73,54,14,4.86,34.98,0.72,2.06,39.88,84.83,297.13,11.72,17.68,1806,280.44,Millet
136,46,78,6.41,26.89,0.39,1,11.99,73.02,1631.89,6.28,17,1253,55.72,Wheat
129,63,87,4.75,42.33,0.72,1.08,19.78,67.95,631.14,10.89,3.78,2087,201.87,Sugarcane
93,15,79,7.02,55.81,0.62,2.18,11.1,38.35,1859.55,4.58,18.28,76,62.42,Wheat
126,23,16,4.81,18.84,0.46,2.84,35.18,36.43,2962.44,10.98,2.45,213,312.5,Rice
76,13,62,5.2,30.18,0.36,1.07,32.67,44.81,2319.39,9.56,8.87,2444,345.4,Rice
22,64,26,5.54,17.81,1.15,2.27,30.51,48.85,1102.32,4.23,4.2,357,347.4,Wheat
139,43,68,7.49,34.83,1.18,2.87,16.43,66.42,1303.65,8.89,3.25,845,96.42,Wheat
25,36,18,5.16,37.02,0.54,0.38,31.23,82.64,2844.81,11.45,3.16,1149,238.09,Rice
24,16,104,7.89,57.21,0.84,1.63,20.66,83.44,508.46,7.46,1.01,2345,226.71,Rice
24,12,31,5.03,30.63,0.8,0.13,36.06,70.94,2692.46,4.94,16.05,909,169.5,Rice
73,56,54,4.64,38.35,0.66,2.49,15.99,64.43,408.69,11.91,5.98,1488,291.71,Potato
66,11,82,6.08,54.26,0.56,0.93,16.54,44.66,1361.03,7.33,1.17,1837,288.39,Wheat
28,89,68,8.42,26.07,0.44,1.07,38.82,86.28,2287.26,8.22,5.22,979,305.85,Rice
118,34,89,4.94,43.71,1.33,2.09,25.51,70.27,1306.19,11.74,2.07,1026,287.31,Sugarcane
39,69,109,4.91,47.86,1.28,2.39,23.39,62.01,1799.14,8.68,1.86,617,217.3,Rice
141,88,107,7.5,26.53,0.74,1.26,20.55,36.24,1574.18,9.41,16.09,1562,210.59,Rice
80,33,118,5.75,18.22,1.14,2.03,34.94,79.55,1893,9.68,1.25,196,84.5,Rice
142,24,22,7.37,35.15,0.85,2.87,20.58,50.94,678.63,10.03,17.43,1146,308.84,Tomato
101,23,92,5.3,27.84,0.31,2.67,20.68,84.04,1818.66,10.4,4.84,1562,305.38,Rice
81,63,21,6.34,23.32,1.27,2.13,13.7,40.1,2964.34,4.6,19.1,2437,309.74,Wheat
22,87,45,5.56,58.67,0.49,2.83,25.62,32.92,742.89,11.47,15.39,167,58.45,Millet
32,15,19,6.31,35.11,1.12,2.64,37.71,56.08,387.46,8.36,5.66,1020,123.54,Millet
139,87,25,7.58,52.82,0.89,2.21,38.73,34.7,1297.01,8.27,6.56,841,177.85,Sugarcane
144,27,101,7.55,19.77,1.1,2.76,39.87,33.71,1248.21,10.68,6.18,1714,127.71,Sugarcane
108,29,28,6.56,56.97,0.81,2.47,24.19,72.82,552.06,6.45,5.18,1571,288.05,Cotton
92,71,113,8.21,49.72,1.11,1.56,33.25,45.44,1800.13,9.25,5.67,285,87.69,Rice
87,89,15,5.56,50.43,0.24,1.56,26.58,68.33,1425.26,6.54,12.41,1281,225.85,Tomato
120,49,13,5.46,29.49,0.25,0.13,26.44,64.25,2543.28,10.09,13.45,1987,257.19,Rice
117,48,39,6.96,34.28,1.37,0.19,34.19,38.45,1384.28,7.46,5.02,1595,271.09,Sugarcane
30,61,112,6.99,39.67,1.17,2.26,35.06,53.15,2959.86,5.49,17.11,946,232.34,Rice
124,41,104,4.69,49.49,1.28,1.71,10.59,33.96,2383.58,11.27,15.58,496,190.94,Sugarcane
86,82,55,6.93,52.45,0.79,2.31,38.28,55.3,1564.86,10.03,10.29,2324,110.11,Rice
142,36,36,6,13.9,0.8,2.85,34.69,40.94,1746.15,4.11,3.82,2344,128.25,Rice
48,61,54,7.49,55.2,0.89,1.41,31.63,35.78,2626.9,4.52,8.58,1339,72.63,Rice
156,72,94,7.73,56.87,0.52,0.36,35.56,49.02,2367.63,7.03,8.3,2143,181.99,Rice
95,83,46,6.71,39.64,1.15,1.92,26.12,30.21,2041.66,10.24,18.12,554,55.03,Rice
28,72,18,4.51,19.34,1.28,0.39,33.2,75.47,947.07,6.21,17.4,1968,125.85,Wheat
59,26,70,7.05,50.92,1.38,1.9,27.96,39.49,1348.97,11.93,1.69,258,269.82,Potato
44,58,44,7.5,37.43,0.87,1.63,26.29,67.55,2404.12,11.35,1.1,749,220.05,Rice
24,32,115,5.5,50.86,0.74,2.17,16.35,79.95,1956.9,10.92,15.69,1907,274.84,Barley
158,81,56,6.36,50.74,1.28,1.12,35.42,85.03,2878.2,4.07,3.13,678,134.51,Rice
143,22,30,8.36,14.34,1.18,0.52,36.52,63.45,2644.08,11.71,4.81,2037,252.97,Rice
57,32,26,5.69,40.35,1.33,0.79,39.14,77.3,1395.86,8.73,18.98,191,277.6,Barley
91,66,64,5.39,34.16,1.05,2.08,13.61,57.29,1022.69,8.73,7.86,1251,246.95,Potato
152,71,97,5.34,57.31,1.35,1.49,18.75,59.41,547.39,4.79,16.95,2091,186.26,Potato
109,63,104,6.74,24.83,0.32,1.67,30.56,62.81,1341.36,8.88,4.13,439,106.84,Sugarcane
56,29,15,8.3,20.3,1.08,1.04,35.66,70.21,834.71,8.23,13.92,817,294.82,Pulses
79,61,44,6.93,54.85,0.32,2.53,32.54,70.2,246.78,8.33,12.92,1434,276.82,Millet
47,32,59,5.71,17.44,1.17,3,23.67,77.12,587,5.53,14.97,107,275.87,Rice
100,44,46,7.05,44.33,1.02,1.01,31.78,67.02,1468.43,8.35,6.54,700,320.71,Pulses
133,76,22,7,25,0.22,2.18,12.16,82.96,2698.77,4.58,3.6,1296,314.12,Wheat
59,43,34,6.89,38.39,0.98,0.6,29.88,72.55,1098.69,4.17,2.45,1693,136.25,Potato
64,42,105,5.14,40.81,0.39,2.25,10.24,85.74,1435.14,5.71,13.94,23,62.9,Tomato
81,55,10,7.04,30.87,0.39,1.35,11.43,75.03,1275.4,10.41,13.59,2305,329.02,Wheat
112,54,58,6.22,58.75,0.4,1.86,32.72,74.32,1233.13,8.83,1.33,1711,157.51,Sugarcane
134,28,44,4.57,16.59,0.83,0.79,24.33,81.62,2223.39,11.15,12.39,134,342.25,Rice
86,24,92,6.66,29.57,0.35,2.57,11.79,69.35,1616.89,7.11,3.75,2419,272.94,Wheat
75,87,62,8.46,31.52,0.36,0.6,24.46,40.77,1343.64,6.8,1.75,75,153.41,Wheat
59,75,61,5.9,41.55,0.53,2.79,11.88,34.98,2841.3,9.6,10.83,62,225.97,Potato
117,48,63,8.36,30.36,0.2,0.28,20.38,48.95,973.6,7.26,5.29,1256,327.85,Maize
59,27,85,4.88,14.85,0.56,0.94,14.72,78.86,2531.98,7.05,11.23,1512,85.48,Millet
110,79,113,7.43,57.37,1,1.73,16.58,31.3,1642.02,7.73,14.63,1001,264.71,Wheat
52,68,113,4.96,30.8,0.98,2.59,15.87,39,1436.73,4.92,18.59,933,140.85,Maize
25,41,56,5.59,27.13,1.46,1.77,21.15,36.37,376.3,5.62,7.49,1181,79.52,Pulses
99,30,52,6.78,32.34,0.36,0.73,13.24,32.23,2603.78,8.83,9.03,1539,163.14,Wheat
111,49,29,6.87,20.83,1.33,2.59,25.83,78.62,957.85,8.87,4.11,2067,127.78,Potato
116,36,42,7.6,15.01,0.71,1.83,22.21,46.78,2102.2,8.72,14.71,1496,66.65,Rice
78,11,102,6.96,17.43,0.7,0.77,35.2,73.74,2648.54,5.6,16.64,2105,341.81,Rice
78,89,25,6.87,18.33,0.65,1.73,34.78,38.51,1701.18,7.48,14.38,1444,138.98,Rice
67,48,87,8.15,19.88,0.36,2.06,34.73,54.54,1993.87,11.37,9.41,349,181.12,Rice
32,65,16,6.31,31,0.82,2.07,24.09,36.99,1152.51,10.89,11.64,524,279.2,Potato
126,22,79,5.4,41.19,1.22,2.2,18.72,30.15,2234.31,8.46,5.18,1813,65,Sugarcane
64,65,30,5.15,41.44,1.34,2.7,22.46,66.79,2038.49,11.21,14.97,618,213.63,Rice
108,75,45,6.1,10,1.45,2.49,30.62,58.86,1445.4,9.4,13.57,330,287.38,Sugarcane
119,87,95,7.35,56.05,1.22,1.86,25.89,55,1976.89,7.3,18.57,292,303.55,Rice
26,65,113,4.67,51.14,1.01,0.19,28.73,34.72,935.45,10.21,11.79,1150,261.61,Cotton
152,37,63,5.02,58.2,0.85,2.27,30.81,65.29,2041.9,6.42,15.24,1149,167.57,Rice
64,73,28,4.92,28,1.34,2.93,37.55,76.8,2083.68,10.84,10.51,1165,218.54,Rice
77,80,34,6.84,43.24,1.16,0.99,38.32,34.03,1445.69,6.64,16.87,1001,104.25,Barley
50,73,76,5.47,18.4,0.41,1.86,35.21,54.81,898.25,10.36,12.27,1566,232.77,Wheat
42,65,109,5.17,50.85,1.09,2.33,11.95,48.69,2448.58,6.25,9.83,377,82.53,Sugarcane
157,50,118,6.87,18.07,0.76,1.95,39.38,83.51,2311.56,11.34,3.75,2332,311.02,Rice
126,50,62,7.55,26.3,0.97,2.78,31.11,45.76,359.86,5.48,16.27,1720,336.99,Millet
58,13,107,5.83,34.54,1.37,1.47,30.8,86.66,1583.95,9.75,16.37,2414,136.2,Rice
101,66,84,6.81,39.73,1.05,1.64,10.69,79.7,457.91,7.27,6.97,1978,112.49,Wheat
119,39,57,4.89,37.98,1.42,0.21,24.38,36.01,1094.78,4.15,9.42,1665,213.35,Sugarcane
21,55,51,8.24,15.1,1.33,2.71,28.79,58.84,1382.27,6.65,8.84,1560,331.72,Potato
96,65,56,5.85,31.08,0.37,0.86,18.36,68.94,695.28,5.62,7.42,1685,174.35,Cotton
31,40,100,8.49,56.15,0.22,2.94,12.5,65.58,1512.93,8.44,10.4,766,80.39,Wheat
58,16,51,8.41,53.62,0.7,0.69,25.97,70.75,2177.42,6.08,10.59,2432,330.78,Rice
32,86,11,7.62,39.54,1.32,0.84,23.39,55.58,1423.5,4.58,2.48,1254,113.58,Potato
65,63,15,4.58,38.62,0.5,1.51,11.32,84.28,855.59,11.62,5.93,227,236.06,Sugarcane
132,17,55,6.67,15.58,1.1,2.02,25.58,46.22,1361.49,10.76,2.06,2440,317.26,Sugarcane
36,64,75,4.85,20.01,0.82,1.38,13.23,35.65,1858.74,4.36,14.82,436,223.57,Potato
123,78,115,8.08,22.63,1.17,1.12,22.74,88.68,2821.9,6.17,14.65,1563,79.83,Rice
117,53,90,7.66,34.41,0.41,1.67,18.11,69.12,1598.45,9.04,6.5,1926,235.9,Wheat
107,22,49,8.39,46.57,0.51,2.88,39.11,69.55,2686.02,6.57,12.04,958,57.74,Rice
128,29,67,6.93,33.04,0.52,2.89,11.04,79.05,2956.76,6.25,9.16,2253,82.94,Wheat
89,87,87,6.59,16.3,0.91,1.05,26.8,55.29,1765.25,8.77,3.93,877,264.59,Rice
93,41,83,6.58,31.97,0.58,2.07,14.56,53.17,611.79,5.55,13.76,465,293.01,Wheat
82,69,118,6.05,18.13,1.26,2.19,19.58,86.95,2650.88,9.19,15.7,1384,230.19,Wheat
79,59,42,6.37,47.56,0.65,1.99,15.52,53.21,2614.6,4.71,7.36,1055,203.17,Wheat
98,36,115,7.04,18.33,1.06,0.43,39.85,34.71,2631.97,6.6,10.72,1942,54.04,Rice
56,34,71,8.23,34.13,1.43,1.66,10.97,48.47,2861.54,4.92,4.45,999,280.08,Wheat
41,61,21,6.88,44.67,0.99,2.31,26.24,82.41,974.02,6.37,2.14,735,282.97,Maize
115,77,105,7.93,21.41,0.51,0.68,28.24,35.7,1133.61,9.46,6,2358,275.87,Sugarcane
87,30,58,7.95,13.8,1.28,1.11,33.17,73,2123.87,10.11,16.57,241,220.25,Rice
36,27,97,6.58,38.16,0.22,0.69,28.78,45.98,1778.93,5.16,15.63,535,316.49,Rice
31,48,87,5.89,12.71,0.53,2.67,16.94,74.75,2631.43,9.97,5.48,56,293.23,Potato
157,24,14,7.06,39.39,0.7,2.59,27.94,60.87,912.62,4.67,2.19,68,109.56,Barley
137,62,60,6.28,47.67,0.45,0.59,39.25,68.19,2043.55,5.73,16.74,2146,84.83,Rice
41,47,78,4.83,26.47,0.99,2.31,35.45,44.59,2833.15,8,12.8,852,55.34,Rice
139,57,41,6.01,34.42,0.93,1.16,23.6,40.09,804.44,11.77,2.69,2259,114.08,Barley
69,61,118,8.48,56.44,0.73,2.09,24.32,33.8,1059.26,11.79,14.51,1117,270.97,Potato
33,81,58,4.69,33.56,0.58,1.53,13.99,79.53,1340.77,7.83,10.88,853,192.73,Barley
48,37,106,7.29,59.83,0.76,1.47,27.1,72.63,443.86,10.44,3.62,2105,258.78,Millet
144,25,69,7.86,17.85,0.58,2.66,18.41,47.6,695.24,8.43,1.41,2403,291.24,Wheat
26,25,55,7.09,45.45,0.49,1.95,13.24,80.21,1269.86,10.01,16.96,2258,158.97,Wheat
48,44,77,6.78,42.63,0.66,0.78,24.23,80.02,408.3,9.22,6.41,491,313.21,Pulses
158,26,103,7.33,53.62,0.98,0.42,11.35,38.27,1215.41,9.58,11.4,2308,284.84,Wheat
52,82,50,6.22,14.62,1.04,2.81,13.6,72.82,883.6,7.52,3.83,2283,229.33,Wheat
153,61,90,4.87,24.01,0.59,0.54,16.57,47.54,2620.63,10.66,13.89,2052,256.94,Sugarcane
130,21,76,8.35,16.61,1.43,2.23,39.72,58.03,1903.78,7.57,2.03,1323,137.42,Rice
98,57,22,6.23,56.65,0.54,1.54,34.25,55.81,2715.77,9.65,16.89,1156,274.63,Rice
77,31,117,7.16,31.33,1.13,0.51,26.25,66.01,768.08,10.96,11.77,1223,95.39,Millet
45,58,109,6.63,55.5,0.31,2.35,16.98,50.83,428.64,9.24,2.89,332,99.33,Wheat
48,61,27,4.72,24.72,1.06,2.72,25.57,34.4,1191.33,8.08,11.56,1170,239.71,Tomato
23,88,96,8.31,16.32,0.8,0.45,29.47,70.36,357.99,8.23,8.96,2049,117.45,Millet
118,10,108,7.67,24.83,0.94,0.29,10.14,87.63,2673.84,9.67,6.2,1793,177.68,Wheat
58,75,106,5.1,39.86,0.44,2.56,39.64,70.07,726.83,4.74,13.8,1901,216.49,Millet
34,73,60,8.43,52.26,0.76,1.55,28.8,62.38,595,9.09,16.39,1102,254.79,Millet
138,17,45,7.45,29.27,1.2,2.06,39.65,39.82,2405.79,7,3.22,1597,305.42,Rice
48,34,90,6.39,55.74,1.2,1.38,24.07,67.51,2194.74,5.08,6.21,1888,208.18,Rice
94,75,112,6.95,22.21,0.51,1.3,28.71,66.67,359.48,11.3,4.03,1409,209.52,Millet
135,82,43,4.93,44.68,0.66,0.97,23.84,67.13,1626.78,7.98,9.63,1585,275.71,Rice
51,82,21,6.74,46.79,0.2,1.73,10.28,83.54,1456.78,7.66,1.08,357,296.88,Wheat
149,86,14,4.79,23.7,0.32,0.56,35.5,72.98,1283.2,8.34,14.2,1135,85.27,Sugarcane
103,79,57,6.68,11.35,0.36,2.18,23.47,77,554.76,8.98,1.8,2301,85.37,Potato
41,88,113,6.71,28.26,0.58,1.69,24.13,48.8,2404.59,5.56,4.55,543,219.05,Rice
46,60,100,8,12.26,1.19,2.56,20.8,46.22,871.88,9,17.14,1796,189.68,Wheat
100,62,49,7.4,55.04,0.86,2.77,22.98,42.41,1483.06,6.82,16.54,1732,200.43,Sugarcane
145,24,22,5.5,57.68,1.23,2.71,31.77,76.7,2666.98,9.72,12.74,708,110.99,Rice
111,59,35,8.05,46.77,1.18,1.84,31.02,71.92,1091.08,10.17,14.59,1448,307.85,Sugarcane
40,80,23,6.79,46.33,0.96,1.02,34.25,50.53,300.05,4.06,11.56,1977,103.61,Millet
66,84,105,6.93,22.04,0.85,1.14,39.24,38.47,2689.57,9.73,8.45,585,132.83,Rice
120,47,20,5.18,13.7,1.41,1.99,21.73,80.8,1582.89,6.82,5.57,820,118.71,Rice
103,49,47,7.93,50.11,0.94,2.16,20.17,53.06,1591.78,6.43,18.26,495,303.66,Rice
25,75,89,8.22,37.96,0.83,0.57,24.81,41.38,1743.96,6.98,18.07,1058,103.75,Rice
150,48,66,7.6,44.08,1.33,2.99,14.63,38.66,703.82,8.61,18,599,302.15,Wheat
20,83,31,8.26,48.98,0.29,0.41,32.74,85.18,2201.68,4.92,18.33,1755,330.79,Rice
77,26,25,5.71,30.47,1.05,1.86,27.43,37.81,847.87,9.59,15.52,1427,204.52,Pulses
143,16,86,7.94,17.23,0.35,1.64,16.34,51.58,1043.21,7.56,18.04,1220,136.98,Wheat
34,48,85,6.46,49.75,1.27,1.81,35.92,67.93,1967.33,5.28,17.55,1671,80.09,Rice
83,77,91,5.16,32.69,1.23,1.65,28.57,54.48,2299.32,8.08,6.06,1757,66.01,Rice
44,44,38,7.18,51.35,0.85,0.27,11.02,58.65,2245.73,8.59,17.05,2276,231.52,Wheat
43,60,91,7.24,31.88,1.06,2.99,15.9,78.16,432.82,6.77,11.66,2417,67.07,Wheat
31,56,119,5.65,20.85,1.2,2.95,36.73,89.95,2312.82,11.2,10.88,1568,345.65,Rice
37,45,11,4.61,18.55,0.83,1.62,21.43,58.03,2055.63,9.58,3.34,925,117.93,Rice
34,73,63,5.3,47.2,1.38,0.7,39.53,52.73,1894.27,9.29,17.18,406,335.8,Rice
46,22,11,6.1,38.74,0.77,0.63,25.89,54.41,2907.25,4.43,7.03,858,298.48,Rice
91,27,12,5.17,30.23,1.36,0.27,16.24,52.15,1171.11,8.01,5,1634,131.08,Wheat
79,30,102,5.28,34.61,0.96,1.87,27.82,58.43,2112.64,10.81,16.74,1335,176.12,Rice
112,74,65,6.07,37.48,0.75,1.49,13.07,49.99,1805.05,9.35,1.5,2474,346.7,Wheat
72,17,81,8.35,21.97,0.21,1.31,34.23,57.76,1286.29,5.86,4.78,760,123.37,Pulses
27,57,20,7.56,28.91,0.58,1.62,28.84,86.73,2407.07,10.89,10.34,1477,194.84,Rice
98,52,85,5.78,24.62,1.33,2.63,38.92,47.17,1328.81,6.96,17.89,1756,243.7,Cotton
46,62,41,8.31,29.42,0.76,0.31,30.7,69.11,1763.96,11.32,9.23,1899,262.83,Rice
69,36,13,7.08,35.03,0.75,1.68,11.47,59.22,1769.76,8.1,4.28,1340,185.86,Wheat
150,28,18,6.32,18.67,0.84,2.13,24.29,73.94,1631.72,10.29,10.3,1941,119.71,Rice
112,32,97,6.37,29.68,0.57,2.91,25.94,58.34,1480.73,8.9,12.95,1128,284.65,Sugarcane
43,59,65,6.14,29.27,0.84,2.25,37.5,39.63,669.78,6.33,17.59,1207,166.25,Millet
79,60,25,5.43,24.3,0.69,1.69,22.97,82.35,874.37,9.23,16.33,1650,325.45,Wheat
141,52,90,6.05,59.92,1.38,2.32,27.81,70.55,545.81,4.08,15.78,1365,163.32,Millet
150,60,95,6.61,13.68,0.93,2.99,15.58,61.55,2225.78,10.68,10.35,1583,168.08,Wheat
65,78,80,6.61,42.15,1.28,2.68,17.34,79.87,2284.03,11.73,18.26,2452,276.17,Wheat
34,50,19,7.55,18.72,1.09,0.36,26.46,88.57,1987.88,5.66,17.69,1556,146.35,Rice
36,81,102,5.94,51.98,0.48,1.77,30.91,54.56,2769.4,11.07,15.46,572,255.2,Rice
145,20,45,7.37,55.71,1.33,2.38,23.06,51.18,941.9,5.34,16.08,2423,281.69,Barley
103,89,33,6.81,30.07,0.31,2.05,22.98,75.22,2498.87,7.93,18.21,773,157.56,Rice
28,61,73,8.35,51.17,0.78,1.31,17.68,57.28,720.33,6.34,7.52,2072,83.33,Wheat
82,32,65,6.04,22.5,0.51,1.04,30.94,35.15,389.9,5.53,19.13,118,262.98,Millet
136,58,119,8.1,17,0.9,1.92,10.16,51.26,200.36,10.05,3.5,2108,266.09,Wheat
149,47,87,7.78,25.79,0.59,1.3,25.38,78.52,1825.77,10.45,17.69,1954,287.63,Rice
107,56,87,7.05,27.08,1.14,1.24,10.11,72.4,2380.47,10.71,5.32,1341,126.91,Wheat
91,81,98,7.12,29.87,1.42,2.53,27.8,81.77,2504.36,4.07,11.57,1786,124.66,Rice
158,16,119,4.84,28.65,1.12,1.02,10.93,38.8,1517.83,10.78,11.92,2376,175.51,Sugarcane
83,75,31,8.3,30.56,0.66,1.97,38.2,44.64,364.42,4.41,18.79,1637,302.36,Millet
91,86,61,4.93,45.5,0.98,2.63,24.34,42.88,300.13,7.59,6.18,1712,170.52,Maize
40,71,59,6.75,22.28,1.36,1.9,30.52,88.28,2768.58,5.4,9.01,903,248.02,Rice
37,38,56,5.82,10.93,0.55,1.53,35.61,40.14,460.23,11.25,3.74,1382,155.25,Millet
83,47,32,6.22,34.48,0.35,0.2,17.06,65.88,2397.06,8.61,11.35,1318,221.27,Wheat
101,42,105,6.94,32.41,0.37,2.08,26.2,67.97,394.79,7.75,8.43,1261,53.5,Millet
129,38,99,8.14,13,0.84,2.99,35.9,67.13,713.38,7.55,9.45,161,191.03,Millet
114,88,100,6.33,16.69,1.15,2.44,26.13,71.5,656.03,7.24,2.33,187,94.52,Millet
51,32,118,8.45,35.5,1.05,1.94,21.78,59.04,975.9,7.79,16.84,1965,213.57,Wheat
30,12,85,6.87,21.74,0.79,1.46,21.07,35.02,1335.76,8.53,7.71,1857,268.16,Potato
64,54,92,5.14,53.88,1.15,0.75,21.52,72.07,549.23,10.54,13.09,438,129.49,Tomato
52,17,28,5.26,18.66,1.02,2.11,28.46,46.87,2924.84,5.9,13.02,1235,222.51,Rice
121,38,61,7.36,11.01,1.02,0.61,11.37,34.55,205.61,10.43,13.09,2334,119.08,Wheat
155,11,43,4.7,32.38,0.46,2.67,22.46,40.19,2361.93,10.64,5.45,1644,258.83,Rice
30,59,105,6.42,59.31,0.61,1.13,26.82,47.23,1674.22,10.81,2.99,427,266.65,Rice
107,74,38,5.09,41.69,0.65,1.26,33.59,55.95,439.61,11.53,2.34,1300,124.68,Millet
60,29,70,6.23,27.7,1.25,0.73,25.9,81.68,536.09,11.65,11.81,488,142.71,Millet
95,61,94,7.5,10.84,1.21,1.5,37.79,62.19,1852,4.86,2.8,2243,134.43,Rice
140,46,44,6.34,34.25,0.53,2.07,23.31,58.32,1082.71,11.02,8.56,2347,128.37,Sugarcane
65,81,115,5.15,20.32,0.27,0.98,29.52,41.48,1460.53,10.76,17.65,2088,74.05,Tomato
99,36,14,5.51,42.39,1.2,2.14,10.53,87.56,1737.73,7.02,2.47,2440,346.14,Wheat
73,56,85,5.97,39.15,0.73,1.9,17.15,84.51,1805.37,9.53,13.36,1878,330.23,Wheat
105,15,16,4.78,23.26,0.49,1.18,34.46,78.96,1831.31,11.41,9.14,2123,238.06,Rice
111,69,50,6.84,13.44,0.35,1.01,27.59,49.39,396.14,4.73,17.34,1789,273.92,Millet
116,54,11,6.93,47.75,0.22,2.6,38.39,63.7,2273.34,6.84,15.12,1153,88.61,Rice
21,53,98,4.75,39.27,0.76,0.13,32.59,53.33,1021.81,11.79,3.25,1116,269.07,Potato
52,27,19,6.11,52.11,0.64,2.18,23.49,54.17,520.41,8.39,6.56,146,276.6,Tomato
96,74,111,6.16,22.99,1.11,1.31,33.36,34.33,486.16,4.73,13.1,909,79.05,Millet
135,34,53,5.84,42.64,1.47,2.18,24.03,38.4,863.64,11.69,4.26,1599,289.66,Sugarcane
122,36,79,6.73,15.93,0.47,1.57,19.91,87.67,1960.3,11.22,16.23,2101,80.67,Wheat
122,16,100,5.88,24.59,0.52,0.34,11.41,66.61,1521.38,10.45,5.62,516,291.07,Sugarcane
109,53,44,6.17,42.83,0.64,2.95,35.97,30.38,499.81,10.35,16.78,27,250.26,Millet
141,38,71,7.69,51.28,0.81,0.35,22.57,78.55,290.59,7.89,6.08,2226,104.58,Potato
125,53,83,5.15,26.05,1.11,0.56,30.56,35.22,269.06,11,5.13,1875,273.8,Millet
138,45,82,6.98,49.94,0.66,1.32,14.59,72.49,1379.06,6.45,18.89,119,174.58,Wheat
68,28,29,6.52,43.89,0.34,2.84,34.87,67.25,2406.79,6.87,13.09,521,321.16,Rice
123,15,110,5.72,27.43,1.15,0.95,34.73,33.78,1806.16,5.73,11.26,650,151.99,Rice
80,34,44,7.41,53.82,1.23,1.75,24.46,61.86,2467.1,7.23,1.92,1355,138.72,Rice
142,40,46,6.7,35.46,0.52,1.61,30.16,32.85,1094.29,5.87,6.35,710,179.85,Sugarcane
153,18,113,6.41,42.41,0.38,1.06,25.64,33.86,592.95,6.72,3.35,2311,111.4,Millet
28,83,81,7.17,34.78,0.89,2.12,26.57,33.07,2448.4,9.52,4.03,1381,103.07,Rice
25,46,119,7.71,32.64,0.47,1.55,36.66,45.33,2237.96,7.44,5.99,561,180.25,Rice
92,36,63,8.39,52.4,0.69,1.78,39.01,78.11,1849.5,10.14,3.58,685,229.72,Rice
122,22,104,7.02,24.74,1.21,0.71,21.02,51.75,2685.73,7.83,18.09,449,201.39,Rice
60,50,116,8,11.83,0.49,2.79,19.95,68.37,1965.9,5.11,2.61,641,276.26,Wheat
133,75,89,4.5,53.99,1.25,0.42,19.11,37.49,1672.28,9.94,17.33,1400,324.85,Sugarcane
27,33,37,6.62,51.25,1.08,2.1,33.12,85.97,1606.47,4.53,10.1,1198,293.16,Rice
91,53,79,5.36,28.33,0.49,2.67,31.69,60.25,1928.65,11.54,3.97,355,124.3,Rice
111,69,41,4.88,19.27,0.88,0.34,11.31,31.48,1646.55,10.73,11.02,1773,187.36,Sugarcane
81,18,101,6.63,43.78,1,0.18,12.65,62.24,963.56,11.7,17.36,691,157.39,Wheat
103,11,20,7.49,13.94,0.46,1.07,29.39,41.07,2870.84,5.99,17.91,839,108.57,Rice
81,65,51,6.15,31.19,0.39,2.39,18.25,41.75,2882.57,7.85,7.76,404,336.62,Wheat
130,39,32,7.18,14.29,0.89,2.18,12.75,66.02,667.17,5.54,13.73,170,77.13,Wheat
146,31,39,6.46,39.9,1.1,2.48,22.41,43.58,1685.67,7.38,2.25,1806,73.47,Rice
26,84,18,6.25,11.36,0.8,1.25,36.32,42.84,2410.92,5.95,10.49,441,334.84,Rice
103,22,101,5.66,41.46,0.29,2.98,20.99,62.46,353.37,10.82,5.31,1491,128.58,Cotton
151,80,97,6.03,43.66,1.4,1.16,30.87,44.13,545.98,4.97,6.68,1604,138.36,Millet
153,25,68,5.9,34.36,1.1,2.44,37.02,36.63,1725.7,5.8,9.82,1292,256.44,Rice
77,54,37,7.08,18.75,1.01,1.12,15.08,54.5,279.35,6.11,18.36,655,108.89,Wheat
41,74,97,4.96,15.07,1.04,0.73,28.29,33.12,2532.38,9.91,16.65,1142,163.17,Rice
146,20,88,4.87,25.66,0.72,1.08,37.23,84.32,2644.86,9.04,8.27,2085,72.16,Rice
22,79,112,7.14,33.26,1.48,0.66,15.8,57.09,2261.67,5.09,10.07,642,233.46,Wheat
146,29,42,6.69,42.11,0.37,0.47,39.66,30.79,2502.61,8.85,17.61,832,173.11,Rice
60,72,56,6.22,10.06,1.16,1.16,20.95,43.48,2080.8,10.77,2.57,2490,117.77,Rice
125,21,107,5.11,45.55,0.75,0.53,16.53,87.47,597.23,7.62,15.76,1383,250.1,Tomato
33,71,31,6.14,45.64,1.35,1.56,35.13,59.78,283.59,8.89,4.22,302,119.2,Millet
31,51,38,7.66,32.23,1.13,0.2,24.04,51.53,2574.64,8.26,6.3,197,256.16,Rice
106,78,43,8.06,27.17,0.93,1.35,30.12,48.91,2180.05,6.86,5.13,806,195.21,Rice
31,67,51,7.31,52.12,1.42,2.88,24.69,55.02,1315.69,4.02,11.47,818,345.44,Barley
44,14,61,4.74,49.23,1.39,1.14,29.31,42.71,2431.14,5.49,5.37,2266,78.66,Rice
64,36,56,7.18,59.16,0.27,0.5,11.06,74.95,349.18,11.58,9.67,384,58.76,Wheat
141,37,83,5.46,28.6,0.45,0.99,20.51,60.5,1093.44,6.84,1.5,2455,106.59,Sugarcane
74,35,60,5.76,55.34,1.08,2.39,29.72,75.09,1157.18,6.38,7.01,1181,319.78,Barley
119,58,54,5.28,14.37,1.4,1.01,20.52,45.26,493.65,8.91,14.51,179,339.31,Barley
155,30,103,7.6,30.57,0.76,1.21,33.27,30.09,2276.75,11.23,9.26,1787,271.77,Rice
138,10,84,7.09,33.27,0.25,2.39,38.83,87.97,2377.08,6.42,16.64,384,300.1,Rice
72,67,43,6.95,32.04,1.04,0.86,11.12,60.72,1832.88,5.78,9.74,1564,84.2,Wheat
51,88,30,7.17,41.25,0.45,1.49,35.66,34.78,1370,11.22,17.64,345,154.46,Millet
70,64,22,5.45,18.51,0.92,0.28,15.07,36.23,1899.75,10.19,8.5,2020,260.42,Barley
63,35,63,6.28,53.32,0.7,0.6,37.52,56.08,2715.47,9.62,7.86,2006,178.52,Rice
101,34,34,7.03,37.59,0.93,0.71,38.4,71.72,1201.71,8.46,5.88,637,151.18,Sugarcane
56,86,30,7.05,55.21,1.41,1.44,27.08,53.8,1135.89,7.4,9.78,1953,141.73,Potato
115,42,10,7.67,10.13,0.83,2.48,24.37,79.21,1943.64,9.1,16.79,2493,64.13,Rice
75,81,67,5.65,41.5,0.24,1.13,32.75,49.74,2114.19,5.74,14.56,228,113.21,Rice
124,78,78,7.58,30.62,0.96,1.2,37.54,32.74,1481.7,10.54,4.28,829,246.01,Sugarcane
78,15,95,6.26,35.25,0.62,0.97,16.97,30.5,2606.78,7.33,18.58,716,89.61,Wheat
150,32,80,7.18,47.19,1.21,1.03,21.47,81.57,1186.41,10.04,9.49,1523,96.85,Sugarcane
54,39,22,6.32,21.36,0.81,1.27,22.53,89.07,1994.57,10.49,5.23,1244,259.29,Rice
112,87,118,8.29,20.24,1.16,2.71,35.37,37.97,2069.83,4.6,18.84,833,99,Rice
116,63,61,5.22,45.15,1.38,0.17,14.11,33.72,1025.49,9.4,9.37,7,117.61,Sugarcane
154,20,32,7.2,36.07,0.67,1.91,28.69,84.86,252.78,6.42,4.3,1161,72.41,Millet
95,40,30,6.81,21.68,1.49,2.67,20.53,36.05,2514.51,6.87,16.64,1623,241.47,Rice
68,15,15,5.19,34.2,0.39,1.31,36.57,43.7,1550.77,9.87,10.51,505,284.94,Rice
113,20,29,4.76,32.98,1.04,1.99,20.19,78.1,467.27,11.66,4.74,504,224.36,Barley
43,86,85,7.7,44.57,0.25,1.8,39.34,89.88,2881.17,10.43,13.93,314,126.51,Rice
56,21,49,5.13,10.13,0.48,1.08,10.47,59.16,1030,6.33,19.66,1026,261.62,Sugarcane
23,75,18,5.25,39.34,1.02,0.5,17.19,42.65,1528.51,9.66,2.6,1856,205.62,Barley
127,62,59,8.41,40.28,0.26,0.74,23.72,80.86,1555.39,6.62,9.25,1759,91.51,Rice
145,45,37,7.37,47.28,0.33,0.27,17.69,53.66,1238.24,7.52,10.75,1757,105.47,Wheat
39,26,20,5.5,54.46,0.58,2.32,32.12,46.36,624.43,4.98,13.56,1661,64.49,Millet
69,37,105,6.86,32.01,0.95,1.65,34.44,59.42,2172.02,10.67,5.34,166,60.28,Rice
115,31,84,6.64,27.13,0.22,2.38,30.93,81.35,747.36,9.18,4.51,1316,100.39,Millet
124,16,97,7.88,15.12,0.83,0.94,39.11,43.98,2110.51,10.9,15.1,406,257.94,Rice
136,24,65,7.42,26.84,1.01,2.43,23.68,55.43,2445.9,5.79,13.72,713,142.31,Rice
117,20,88,7.83,13.42,0.72,1,39.39,56.65,264.77,5.03,5.67,793,170.9,Millet
85,33,114,5.35,50.14,0.29,0.45,13.74,79.97,2249,10.52,2.08,1871,276.94,Wheat
98,76,44,7.06,50.35,0.99,1.65,35.38,70.56,1986.49,11.03,16.2,1664,88.34,Rice
25,39,90,4.66,30.86,0.99,2.84,11.15,76.83,748.17,5.38,13.96,902,212.98,Maize
58,79,34,4.78,22.98,0.86,1.3,25.96,71.6,1936.54,9.14,17.72,1076,314.68,Rice
134,75,108,7.35,15.9,1.1,1.59,24.53,65.56,1378.16,5.32,2.29,1596,301.45,Sugarcane
144,70,28,4.6,52.56,0.47,1.41,35.69,37.94,436.86,4.12,10.26,1955,156.84,Millet
31,87,114,6.82,53.87,1.08,1.43,31.02,79.98,1666.33,8.34,4.03,19,166.28,Rice
150,50,40,7.86,23.31,0.41,0.72,23.23,66.44,2925.2,11.6,13.82,1683,198.4,Rice
37,60,90,6.02,41.09,0.71,1.33,36.87,72.07,2016.67,8.72,5.74,191,219.85,Rice
59,53,59,4.68,22.93,0.29,1.54,36.58,76.72,1125.53,7.43,5.99,2156,235.97,Rice
40,22,96,7.36,21.26,1.26,2.26,10.74,48.7,1777.8,6.26,14.58,1019,90.9,Wheat
118,21,72,8.22,11.06,0.9,0.51,36.13,56.24,2265.84,6.25,16.67,2036,228.76,Rice
45,18,56,7.37,38.86,1.46,1.76,25.8,62.48,637.48,6.1,18.3,1963,200.07,Millet
27,57,10,6.81,17.5,1.43,2.02,35.17,50.57,1680.72,5.67,2.48,218,54.84,Rice
119,58,67,5.42,10.62,1.5,1.21,15.44,45.51,1619.22,4.53,16.33,318,140.23,Sugarcane
106,62,19,4.56,15.24,0.33,1.69,14.53,76.61,1254.36,10.06,19.46,1568,215.98,Sugarcane
61,65,17,7.28,25.69,0.99,2.16,31.67,75.22,2291.78,6.52,2,589,296.78,Rice
33,49,115,5.42,43.46,0.73,1.45,18.26,79.91,1782.03,5.25,18.33,40,129.07,Potato
97,33,35,7.93,20.13,0.89,1.07,26.77,71.8,2156.91,8.83,19.13,2378,63.71,Rice
21,81,43,6.37,54.38,0.6,2.49,30.66,48.7,1868.69,11.47,4.65,822,253.59,Rice
138,42,28,6.62,24.42,0.26,2.97,28.31,49.62,2386.63,9.51,6.86,734,51.74,Rice
56,32,87,7.52,26.56,1.12,0.73,30.97,61.67,1975.01,5.53,6.68,2356,346.2,Rice
88,86,81,7.62,20.9,1.46,2.68,28.61,80.14,2097.68,7.31,19.04,865,92.72,Rice
60,63,10,7.07,22.69,0.89,1.68,21.37,50.78,831.39,10.6,1.32,1701,184.56,Wheat
81,62,57,8.25,13.71,0.63,1.4,12.71,75.96,2568.43,4.41,11.58,1285,96.45,Wheat
79,58,34,8.43,24.74,1.42,2.69,35.66,48.34,635.05,6.69,12.01,1324,188.79,Millet
144,87,33,8.29,52.98,0.67,2.74,35.38,50.31,1151.49,7.1,13.39,1366,238.86,Sugarcane
130,87,56,7.8,44.42,1.39,0.89,10.17,75.14,2690.34,7.62,5.26,1574,340.51,Wheat
33,89,93,7.32,53.76,1.31,1.14,35.23,70.71,504.04,8.47,10.01,1735,120.08,Millet
103,58,103,7.15,15.24,0.89,2.57,14.53,42.49,2626.7,7.95,8.84,2436,200.47,Wheat
149,69,78,4.92,32.78,1.08,1.52,19.99,79.62,1531.02,5.3,8.76,2275,126.16,Sugarcane
89,74,76,5.59,21.46,1.11,0.94,22.4,77.08,714.04,7.34,7.35,1874,90,Pulses
142,41,41,4.52,46.06,1.03,2.89,30.39,77.85,2264.14,6.95,18.92,2418,288.11,Rice
108,88,26,5.05,58.51,0.41,0.73,12.77,58.22,994.87,11.43,13.38,2148,50.54,Potato
47,30,70,6.26,50.77,1.1,1.87,34.8,49.72,2098.15,9.94,15.44,2129,134.28,Rice
85,27,115,5.09,11.76,0.2,1.34,38.28,80.99,2414.51,10.93,7.11,278,66.28,Rice
24,69,78,8.11,25.83,1.12,1.41,38.58,65.29,1794.12,9.68,1.01,934,55.11,Rice
64,22,20,7.72,11.43,0.92,0.41,12.76,85.86,2400.8,4.45,19.09,335,218.24,Wheat
66,33,47,4.79,12.01,0.54,0.85,37.58,45.23,2818.13,7.79,17.65,1601,274.54,Rice
50,39,77,5.5,13.98,1.24,0.58,27.03,88.54,1741.12,10.22,9.7,2483,211.54,Rice
158,11,112,7.78,23.82,0.73,2.27,31.81,52.75,626.63,8.73,8.33,325,264.83,Millet
29,34,28,7.71,25.21,0.83,2.12,37.92,53.07,2186.88,10.07,9.45,1049,289.53,Rice
137,59,112,8.28,30.02,0.24,2.4,29.83,44.33,1348.21,11.7,6.11,2355,192.27,Sugarcane
33,23,119,8.49,30.25,0.72,2.13,23.7,87.9,1687.65,5.98,12.68,624,188.32,Rice
99,15,96,8.41,48.57,0.42,0.47,25.75,32.38,1955.08,11.87,19.5,942,97.69,Rice
112,85,26,6.14,17.07,0.56,2.94,30.54,58.4,2208.98,4.96,2.26,1007,250.63,Rice
29,39,22,5.5,17.89,0.53,0.65,38.34,51.93,1991.42,11.36,16,889,114.36,Rice
95,39,100,7.53,41.33,0.26,1.12,36.69,39.56,852.04,5.55,2.12,384,241.14,Millet
113,47,10,5.7,38.59,0.8,2.15,27.31,72.79,2294.86,9.76,17.32,1760,286.05,Rice
124,67,11,7.73,17.7,0.88,0.51,16.33,83.9,2460.56,10.27,3.77,186,184.33,Wheat
20,50,91,6.64,52.61,0.94,0.59,20.4,44.61,305.49,10.49,10.4,319,232.52,Tomato
152,66,109,7.68,26.45,0.8,2.64,20.85,59.86,1062.8,7.5,10.66,92,117.02,Sugarcane
39,45,118,5.6,28.35,1.33,1.06,18.68,64.69,2937.84,5.35,12.98,102,310.25,Potato
27,73,106,6.53,31.02,0.25,2.03,32.4,53.43,697.64,10.37,12.5,2347,238.43,Millet
20,25,109,6.76,26.14,1,2.59,35.08,85.29,711.9,9.16,14.35,1580,206.12,Millet
76,87,75,8.27,37.87,1.33,2.92,19.59,57.69,1855.71,6.06,17.12,2188,208.18,Wheat
83,81,77,5.57,29.43,0.25,0.71,35.38,88.97,1146.85,7.14,1.69,2177,226.68,Sugarcane
137,23,25,8.25,22.97,0.85,0.46,32.03,47.71,2039.94,6.38,15.02,136,236.99,Rice
47,40,13,7.72,55.22,0.97,2.25,23.23,34.39,935.41,11.32,1.98,1089,232.82,Wheat
140,75,66,7.42,25.42,0.45,0.65,30.96,64.5,1392.8,10.43,16.08,1531,255.19,Sugarcane
126,77,82,7.65,44.92,0.53,1.78,33.08,79.4,2995.61,11.06,16.07,836,268.14,Rice
68,74,94,6.92,27.36,1.22,1.64,26.83,53.3,1245.63,4.41,4.63,2207,118.92,Rice
139,64,32,5.48,31.76,0.94,1.72,23.29,41.11,441.26,9.29,4.98,1997,290.84,Potato
63,87,11,5.26,21.8,0.61,1.98,13.05,74.29,2278.82,6.14,2.48,501,286.95,Tomato
75,49,76,7.97,47.62,1.19,2.57,10.04,46.25,1848.01,9.99,5.56,528,83.5,Wheat
130,34,96,7.4,46.86,1.17,0.89,38.12,76.18,1444.82,11.13,10.49,2249,184.28,Sugarcane
153,34,35,5.35,11.11,0.65,1.71,18.02,45.74,2744.42,10.13,8.39,353,241,Sugarcane
127,12,16,6.96,13.01,0.84,1.08,29.89,63.44,610.56,11.29,5.25,2258,66.41,Millet
133,78,109,6.29,56.12,1.06,1.02,38.3,83.26,1571.25,7.19,12.8,820,313.56,Rice
97,35,53,5.13,54.44,0.65,0.16,34.55,42.28,737,8.99,10.93,971,129.84,Millet
149,49,42,6.63,35.3,1.02,1.84,13.68,79.24,433.78,7.8,3.38,1124,138.9,Wheat
56,47,73,5.63,34.67,0.53,2.92,34.06,45.93,1438.59,10.64,7.09,117,278.83,Pulses
39,47,45,4.88,50.62,0.58,2.31,31.79,69.64,2852.57,8.5,18.88,1769,263.39,Rice
45,77,13,6.37,16.92,0.6,0.8,19.88,44.62,2221.79,9.68,13.8,1226,342.35,Wheat
48,16,32,6.86,42.68,1.42,2.18,30.69,36.87,856.63,9.05,19.07,516,166.9,Rice
20,39,34,4.69,33.8,1.28,0.96,34.78,69.84,1495.34,10.9,9.66,1755,191.8,Potato
138,28,114,6.11,47.17,0.93,2.29,18.74,65.69,2432.86,8.23,1.39,731,287.3,Wheat
54,44,99,5.53,11.51,0.93,2.58,36.07,54.09,747.16,4.87,16.05,2313,298.17,Millet
78,42,101,4.62,39.64,0.27,1.07,12.36,32.2,770.35,11.59,2.8,483,70.56,Maize
88,42,101,5,37.84,1.04,0.11,25.82,58.52,706.89,8.45,18.91,2349,91.95,Millet
31,87,94,5.06,52.04,0.63,0.98,17,38.92,1900.84,10.26,6.82,263,200.34,Barley
39,47,83,5.23,43.84,1,0.7,31.84,51.57,281.06,9.43,13.52,2288,235.18,Millet
62,19,36,7.71,54.01,1.29,1.89,15.25,65.17,1845.34,7.45,17.08,1823,334.92,Wheat
145,66,60,6.26,54.36,0.26,0.94,20.24,86.36,2511.04,11.61,9.7,1372,156.24,Rice
69,37,88,5.09,30.41,0.99,0.2,13.82,60.68,2391.43,9.86,9.17,313,221.75,Barley
48,87,90,4.9,16.87,0.93,1.64,34.36,41.69,2067.13,5.85,4.54,1990,245.01,Rice
58,47,112,5.69,41.51,0.47,2.64,13.97,86.77,814.58,11.97,14.83,550,134.53,Potato
57,25,108,7.69,53.69,1.04,1.41,31.69,31.55,2485.97,12,7.45,383,332.73,Rice
103,30,78,5.96,13.75,0.92,1.19,31.22,68.57,2880.9,6.32,12.92,2478,116.31,Rice
147,15,89,5.14,37.9,1.2,0.62,14.27,45.74,714.59,11.88,5.69,882,53.97,Barley
145,50,32,6.12,15.75,0.34,1.22,26.98,75.45,2748.92,8.94,15.04,2290,223.41,Rice
64,24,112,6.72,11.35,0.78,1.06,24.91,49.87,2588.37,5.48,14.23,418,240.15,Rice
71,12,18,4.62,43.98,1.5,2.99,27.84,55.72,2941.98,11.83,1.16,217,229.86,Rice
99,52,42,7.01,44.09,1.1,0.19,38.12,76.23,1093.97,4.82,2.94,2225,125.12,Maize
143,56,44,6.08,40.03,1.09,0.79,12.42,83.87,2815.4,9.1,2.56,1100,296.32,Wheat
138,23,113,4.54,52.96,0.61,0.3,34.62,40.95,702.65,10.7,1.66,1192,84.97,Millet
27,75,59,7.2,14.04,0.32,2.59,35.86,47.78,690.5,10.63,2.13,776,62.13,Millet
104,38,33,7.35,15.26,1.43,1.31,13.79,30.26,499.57,4.05,7.18,1136,126.46,Wheat
148,13,97,7.02,53.23,0.34,2.41,29.68,81.39,1397.76,7.4,15.55,755,192.76,Sugarcane
27,35,33,5.87,35.16,1.49,2.11,31.06,86.83,234.11,4.71,11.12,1686,307.13,Millet
115,21,28,6.62,23.65,0.36,2.79,26.46,46.77,1267.76,6.08,3.02,536,114.48,Sugarcane
121,11,48,6.05,46.91,0.42,0.17,25.09,53.07,1952.59,11.5,1.99,2202,294.46,Rice
24,26,70,7.3,54.72,0.6,0.7,19.53,55.74,419.13,11.08,2.98,519,229.37,Wheat
105,44,34,6.83,44.48,0.87,2.14,30.67,54.59,2491.73,9.27,8.1,672,277.88,Rice
53,19,104,4.83,49.6,1.23,1.8,18.57,53.57,1019.62,11.19,6.78,747,183.06,Millet
74,52,111,7.07,24.12,1.46,2.11,23.8,58.55,330.08,6.53,14.49,183,59.51,Cotton
138,30,34,7.25,24.44,0.67,1.77,35.72,39.23,1248.91,10.63,12.88,1558,117.04,Sugarcane
133,24,36,5.98,53.21,0.23,1.78,12.69,33.46,587.62,9.48,17.66,2115,140.55,Wheat
45,44,41,8,40.74,1,2.8,25.85,73.41,2426.78,9.87,19.02,1676,72.89,Rice
155,69,20,7.87,21.71,1.12,2.77,24.58,80.79,1135.22,4.69,1.03,1168,97.15,Sugarcane
66,53,78,5.2,36.21,0.72,0.21,21.35,78.61,527.64,6.79,5.33,1653,90.01,Sugarcane
132,14,117,8.12,44.29,0.44,1.3,27.93,67.6,1470.25,4.39,2.48,1867,94.23,Sugarcane
95,82,42,6.26,20.93,0.6,1.58,10.47,88.13,1465.53,5.2,6.83,607,239.35,Wheat
91,27,28,7.39,42.75,1.05,1.14,24.77,30.09,971.71,6.17,12.35,64,166.88,Wheat
108,30,116,7.76,12.11,0.84,0.24,24.57,49.17,1115.59,8.69,6.06,1774,270.74,Sugarcane
65,81,25,6.52,25.18,1.17,1.47,25.48,48.6,2352.75,10.08,4.61,992,244.04,Rice
52,83,108,6.1,43.7,0.48,2.93,16.37,50.98,1988.43,4.87,8.35,2100,90,Wheat
20,60,20,8.16,17.47,1.29,0.31,16.23,78,801.04,4.44,1.33,1929,184.95,Wheat
50,50,84,5.42,21.11,0.4,2.47,29.42,51.09,2854.92,11.07,19.49,1609,176.12,Rice
72,33,83,5.53,53.95,0.63,0.67,12.78,61.63,1053.23,5.04,19.37,583,208.74,Maize
67,33,107,5.95,43.72,0.97,1.77,19.18,66.84,1693.63,7.59,3.55,682,305.12,Potato
88,47,78,7.94,34.95,1.16,1.22,34.92,80.72,1799.14,4.9,4.6,613,136.35,Rice
124,53,96,8.26,20.54,0.55,1.11,13.11,66.95,798.27,8.28,11.74,1041,210.27,Wheat
109,66,64,5.38,27.07,1.43,2.62,24.04,52.88,1015.43,4.85,6.87,1146,163.5,Sugarcane
82,68,34,7.96,38.72,1.12,2.92,30.06,71.68,1545.94,10.1,1.23,762,317.49,Rice
92,43,102,5.53,17.77,0.48,1.22,14.25,60.93,917.7,4.68,2.03,2062,123.36,Millet
108,84,113,8.38,34.09,1.14,1.96,19.37,61.7,1055.76,7.44,13.79,1476,143.88,Wheat
32,32,86,6.89,30.45,1.11,1.71,26.76,50.11,1916.82,7.36,4.99,2107,192.72,Rice
92,52,105,4.53,33.83,1.18,0.32,19.82,30.1,2254.51,11.37,11.23,1493,149.27,Potato
96,49,43,4.64,15.28,1.39,0.22,13.3,51.35,2442.75,7.44,6.25,218,279.79,Barley
87,56,21,5.09,15.32,1.13,2.34,16.97,48.16,540.82,4.57,10.97,417,305.69,Maize
117,50,97,5.25,58.21,0.66,1.24,13.28,36.02,2263.59,8.35,19.98,956,207.2,Sugarcane
144,56,113,7.57,58.97,1.23,0.99,39.51,41.92,2821.82,9.8,14.12,58,147.34,Rice
121,29,30,5.39,31.31,1.1,2.96,17.07,88.85,1826.05,6.7,7.59,767,245.39,Sugarcane
151,86,38,8.38,49.45,0.95,0.35,25.92,46.79,1893.1,8.87,19.34,1686,178.21,Rice
121,74,60,7.04,42.79,0.66,0.88,22.86,61.09,2874.91,4.97,1.66,379,232.68,Rice
38,77,32,7.27,15.85,1.4,2.58,27.09,62.96,2634.41,7.4,4.25,2266,253.37,Rice
101,33,42,5.37,24.83,0.87,1.3,24.94,63.6,1761.47,5.33,10.47,1425,280.5,Rice
42,45,17,8.07,25.68,1.02,1.79,31.81,32.84,2344.38,6.19,6.55,2081,236.1,Rice
102,54,51,7.17,39.79,0.74,0.24,36.19,76.29,706.52,9.13,14.68,621,234.15,Millet
128,11,86,7.96,39,1.22,2.77,18.56,73.82,1356.72,10.03,1.65,485,346.59,Wheat
94,37,78,8.33,56.18,0.64,0.5,15.51,88.63,2203.15,6.49,6.21,2428,131.13,Wheat
148,35,50,5,49.5,1.25,0.72,39.53,41.08,1008.03,11.92,17.26,923,192.56,Sugarcane
107,32,83,4.89,52.84,0.34,0.55,35.98,63.23,1470.91,6.28,8.64,2126,132.44,Sugarcane
73,88,72,7.71,54.56,1.12,1.54,20.92,78.23,683.64,5.2,4.86,2046,313.09,Wheat
108,45,23,7.96,50.06,0.82,2.47,36.84,37.46,2713.85,10.94,10.85,594,309.91,Rice
84,15,97,6.84,26.64,1.11,0.87,30.12,77.37,2707.87,9.2,7.96,384,65.15,Rice
95,44,71,5.96,20.75,0.89,0.51,23.12,46.2,1539.41,9.44,6.37,2074,256.59,Rice
79,47,84,7.11,38.59,0.37,1.29,36.2,46.85,737.61,10.35,17.12,2106,329.18,Millet
112,44,55,5.72,44.48,0.82,2.95,30.26,86.74,2101.79,12,17.18,806,297.94,Rice
68,83,76,5.45,29.33,1.45,0.13,34.79,48.83,797.9,6.27,8.95,1845,247.71,Millet
54,62,102,6.45,52.42,1.18,1.56,22.53,65.05,840.06,8.38,12.47,1608,144.44,Barley
121,47,62,5.36,58.03,0.59,2.04,33.96,56.41,2921.73,9.63,14.66,469,191.81,Rice
30,68,61,6.43,38.47,1.43,2.44,21.01,34.69,478.72,5.17,14.38,77,60.98,Sugarcane
118,52,103,8.33,32.83,1.21,2.26,32.05,87.03,1261.88,6.45,7.32,2463,121.54,Sugarcane
129,13,110,7.86,52.14,0.67,0.32,23.07,42.82,1753.65,6.45,13.56,2244,332.21,Rice
93,14,16,8.27,11.21,0.98,1.44,22.16,46.06,501.81,6.62,18.45,2459,197.94,Rice
28,77,90,7.73,16.45,0.75,0.33,33.9,52.63,309.04,9.75,2.05,1756,98.06,Millet
22,54,93,5.92,52.28,0.33,1.9,13.75,59.91,1718.55,8.74,2.39,377,244.11,Potato
104,89,63,7.75,46.6,1.25,0.32,37.85,38.66,520.77,9.73,17.2,2289,90.76,Millet
45,34,20,8.19,30.81,0.45,0.24,25.26,67.8,903.27,8.1,12.45,225,196.4,Pulses
91,87,117,8.29,54.44,0.8,0.99,29.08,60.88,1592.36,11.64,1.52,1936,303.07,Rice
67,20,34,7.23,27.57,1.11,2.82,22.16,48.18,1172.99,8.17,15.55,821,250.24,Pulses
136,38,68,5.35,41.69,1.41,2.16,29.38,71.56,2189.56,8.83,3.02,653,235.11,Rice
31,43,97,4.66,41.72,0.28,0.11,31.3,60.84,2894.87,6.39,16.95,1703,279.67,Rice
152,23,75,5.09,19.22,0.71,0.93,36.05,80.44,2308.94,4.47,10.18,2255,291.13,Rice
67,33,36,8.36,24.24,1,0.15,35.63,81.32,2999.98,10.52,6.54,2445,234.97,Rice
56,68,92,6.35,55.8,1.21,0.95,20.73,88.81,1288.96,10.85,12.73,1874,267.16,Cotton
63,48,67,7.92,19.17,1.4,2.09,28.48,34.04,1054.67,10.81,4.3,401,129.58,Pulses
34,35,102,6.36,18.68,0.2,2.3,33.42,54.31,795.24,10.41,11.22,2391,260.5,Millet
62,52,110,7.14,33.98,1.02,2.43,32.95,60.09,2677.66,6.15,10.31,2439,84.65,Rice
106,45,20,4.6,14.61,0.21,2.74,36.73,44.03,1291.82,8.6,5.56,866,201.9,Sugarcane
89,48,64,5.5,54.73,1.22,1.16,34.96,85.32,2190.64,10.52,13.69,1251,305.16,Rice
65,70,28,6.25,15.01,0.39,2.6,31.54,35.29,2089.38,9,7.66,2174,184.08,Rice
127,25,101,7.02,40.83,1.36,2.21,32.47,55.71,359.81,11.67,17.16,805,136.93,Millet
142,68,48,5.19,26.99,0.4,1.66,34.22,41.11,2663.01,9.42,2.59,1609,233.77,Rice
40,15,94,7.56,50.21,1.19,2.87,35.14,70.93,1562.3,8.49,15.63,950,96.58,Rice
126,65,99,5.96,39.49,0.58,2.85,20.58,72.3,825.93,11.96,9.32,1713,120.5,Wheat
99,17,95,7.77,29.42,0.92,2.7,33.45,82.35,2941.44,8.28,6.93,1712,125.95,Rice
66,36,79,4.89,59.19,0.99,0.69,38.48,54.54,2308.84,11.74,18.84,233,160.23,Rice
136,80,20,7.22,13.31,0.47,0.7,16.99,76.51,1926.85,4.1,4.8,399,178.85,Wheat
143,36,23,5.67,38.89,0.59,2.71,11.45,62.97,2967.45,8.4,9.04,613,295.75,Sugarcane
44,55,69,7.68,59.48,0.34,1.25,12.17,78.74,2318.44,6.31,9.82,86,133.38,Wheat
55,50,45,6.11,44.55,0.21,2.41,16.5,35.12,539.2,7.17,6.65,1870,214.3,Wheat
70,88,113,7.16,46.99,0.51,2.09,37.59,57.81,2975.21,4.7,2.69,1990,127.78,Rice
34,34,50,8.24,11.6,0.87,2.31,13.8,39.03,1873.28,6.11,18.2,718,125.58,Wheat
87,27,11,4.58,11.07,1.13,0.18,32.43,77.42,1038.42,8.56,17.99,1986,164.47,Potato
40,21,66,4.54,11.81,1.23,1.35,36.01,39.16,2489.06,9.77,12.95,2356,56.59,Rice
38,60,116,7.58,59.59,0.29,2.59,36.33,30.48,334.18,11.28,7.16,431,264.11,Millet
53,48,69,7.09,58.98,0.55,1.52,22.5,85.77,2032.23,5.85,12.93,1406,52.75,Rice
97,19,29,5.67,26.73,1.2,2.1,24.86,59.08,645.96,10.36,19.32,2103,153.03,Sugarcane
144,83,31,6.48,24.55,0.83,2.29,19.7,89.11,445.12,4.2,17.78,1007,130.15,Wheat
136,86,112,4.67,17.3,0.44,0.45,14.42,57.18,1191.16,11.15,4.15,395,346.2,Sugarcane
71,63,13,5.27,26.46,0.71,0.55,16.37,65.45,1197.82,8.76,16.51,791,235.46,Wheat
46,38,65,6.2,28.51,0.55,2.2,14.04,74.65,1881.47,10.77,16.16,811,81.23,Wheat
54,50,102,7.84,47.41,0.27,0.26,22.23,46.85,1783.22,6.04,18.43,1256,333.62,Rice
155,18,119,6.42,53.31,1.19,1.09,15.11,37.97,2126.25,6.98,1.9,531,119.44,Wheat
125,72,67,6.85,47.34,0.58,2.76,22.1,69.67,687.5,4.78,15.56,930,291.57,Cotton
21,86,97,8,42.32,1.43,1.77,35.54,60.64,2638.42,4.63,11.38,1249,348.91,Rice
96,46,74,5.74,48.3,1.35,2.74,29.64,79.61,2604.29,10.61,11.23,816,344.26,Rice
151,23,97,7.3,46.92,1.13,1,29.88,32.7,805.56,6.38,7.64,132,285.87,Tomato
109,82,67,7.95,33.79,0.62,1.95,34.36,62.69,1526.01,6.82,15.93,1966,349.93,Rice
108,81,39,5.31,26.79,0.56,0.93,11.24,41.15,1566.44,8.24,9.05,849,104.86,Sugarcane
113,48,85,5.93,24.14,0.82,0.42,33.84,67.04,2779.47,9.37,7.8,1224,278.44,Rice
26,49,28,8.42,43.97,0.66,2.97,15.89,75.63,2735.73,4.37,19.25,2117,233.47,Wheat
114,63,110,8.43,57.97,1.37,0.61,20.38,45.78,388.91,8.59,9.79,256,272.92,Rice
127,12,71,5.39,39.05,0.36,0.65,19.24,58.91,2882.48,8.88,16.06,638,121.81,Sugarcane
93,64,113,4.77,55.63,1.14,2.54,13.17,55.21,391.97,10.8,3.64,989,322.4,Potato
58,42,116,5.58,10.71,0.99,2.43,15.21,75.29,1738.8,5.24,15.06,277,100.87,Wheat
90,80,77,6.09,49.72,1.25,2.94,38.69,65.99,1072.46,7.6,13.75,1955,88.26,Cotton
75,28,88,6.26,52.68,0.91,0.31,28.01,37.24,1293.3,7.79,10.71,2032,318.48,Tomato
61,43,93,6.98,41.55,1.02,0.37,24.22,88.6,1954.81,10.78,3.61,1342,272.8,Rice
55,87,53,8.1,56.7,1.45,1.4,32.73,84.74,1834.68,6.9,3.29,1838,230.54,Rice
103,59,93,5.82,39.5,0.32,1.82,34.41,64.72,668.97,4.65,13.85,2138,271.4,Millet
137,56,70,7.9,22.03,0.34,0.21,13.31,76.65,2915.39,8.81,17.26,305,52.83,Wheat
26,55,30,4.87,20.79,0.71,0.56,32.23,31.2,280.34,9.3,11.78,2487,304.5,Millet
73,65,19,4.67,37.79,0.81,2.14,37.97,42.09,1161.46,8.66,9.76,876,65.16,Wheat
148,66,39,6.52,55.32,0.46,2.04,27.56,76.07,2443.86,7.92,10.88,1491,204.66,Rice
139,60,33,4.74,13.62,0.31,0.36,28.42,36.37,2582.62,5.71,3.97,2273,59.44,Rice
125,63,57,6.07,40.22,0.23,2.8,36.11,32.56,2432.41,8.31,1.99,1038,275.97,Rice
66,37,64,8.09,48.49,1.19,0.84,30.38,66.94,1243,4.29,16.75,1745,132.39,Cotton
142,28,113,5.47,15.77,0.83,2.67,39.86,32.05,2085.52,8.53,17.08,884,183.55,Rice
138,36,61,7.32,15.84,1.3,2.78,18.48,40.99,2340.04,7.91,15.31,1365,345.52,Wheat
137,57,113,5.71,28.31,0.67,1.52,35.36,34.8,1818.27,11.62,15.66,1702,275.78,Rice
40,28,47,4.68,23.69,1.11,1.29,28.37,62.06,2101.25,6.56,5.06,1137,83.78,Rice
156,60,76,6.73,19.92,0.84,0.91,20.97,70.62,1750.15,4.17,3.07,2156,335.88,Rice
45,16,102,7.84,19.93,1,2.44,36.49,41,353.86,10.08,4.04,1039,191.77,Millet
28,38,17,6.14,16.53,0.68,0.67,39.89,58.13,965.2,5.34,13.14,309,300.73,Barley
34,52,38,6.97,40.54,0.31,1.9,11.74,31.21,2167.42,8.36,8.55,1883,88.79,Wheat
29,78,19,8.1,44.41,1.43,1.74,37.77,45.88,876.29,5.72,1.3,2205,83.32,Sugarcane
141,67,78,7.66,45.15,1.29,0.82,16.09,40.78,1475.3,8.32,19.06,1509,129.09,Wheat
140,17,84,5.28,36.62,0.61,2.95,16.16,39.96,1696.92,8.65,5.38,878,58.92,Sugarcane
144,51,77,7.43,57.65,1.45,2.55,11.25,43.5,2078.72,9.29,1.08,1865,233.94,Wheat
91,85,58,6.51,54.03,0.59,0.16,37.67,78.32,925.6,6.98,8.3,1090,103.82,Wheat
68,51,67,7.48,57.88,0.78,1.32,32.78,86.99,1866.6,4.49,5.05,296,333.98,Rice
110,22,44,6.48,29.44,1.18,1.14,11.6,72.36,1870.23,8.78,8.01,597,349.01,Wheat
56,35,59,5.01,53.89,0.6,2.66,29.01,34.34,2566.07,10.92,18.83,2110,326,Rice
87,27,49,6.78,48.14,0.62,0.87,13.6,67.69,1745.73,8.2,12.8,1436,129.63,Wheat
69,51,21,6.47,27,0.73,3,32.54,74.05,1026.21,6,13.27,199,179.97,Barley
38,60,94,6.57,15.33,0.81,0.68,22.27,36.67,1663.57,7.31,17.79,187,153.94,Rice
119,25,25,8.02,44.13,0.36,0.81,11.55,47.66,500.37,8.32,3.16,1908,168.25,Wheat
79,12,87,8.08,16.82,0.22,2.03,34.88,55.7,1901.7,4.7,2.9,1479,297.15,Rice
108,88,94,6.31,24.69,1.39,0.57,27.17,48.64,2765.17,8.54,17.25,1154,163.33,Rice
88,54,57,6.32,35.02,0.66,2.68,33.19,61.1,1683.47,4.87,4.02,1781,321.05,Rice
68,31,100,6.56,43.99,0.33,0.42,30.24,37.86,1018.07,5.42,14.95,1545,68.89,Barley
127,32,109,6.58,56.31,1.19,2.95,23.03,56.68,1335.47,7.14,4.97,711,173.28,Sugarcane
138,68,10,8.3,39.66,0.58,2.64,30.96,74,2725.2,10.39,10.02,824,52.28,Rice
56,71,74,7.1,43.57,0.44,2.54,10.44,57.66,2476.59,10.59,8.32,1933,157.44,Wheat
30,77,31,5.61,25.5,1.45,1.28,20.19,42.63,2448.89,6.26,2.97,288,145.03,Rice
157,63,24,6.63,44.36,1.4,1.59,33.34,78.13,1779.42,8.3,13.76,2495,269.98,Rice
97,66,93,7.01,31.89,0.34,1.42,32.89,53.66,1309.96,4.75,17.24,366,193.59,Pulses
96,32,76,7.06,52.85,1.37,2.96,36.62,55.51,570.82,11.98,2.89,1993,168.88,Millet
21,69,23,6.84,29.62,1.36,0.2,28.33,51.46,2931.72,9.23,7.79,1055,219.02,Rice
83,82,82,5.21,33.41,1.02,1.21,38.27,47.38,701.49,5.79,1.54,1008,58.11,Millet
54,64,28,4.63,31.63,0.89,2.91,26.73,66.12,905.93,11.2,5.48,159,282.7,Barley
26,89,49,5.85,50.56,0.48,1.17,25.01,41.27,2339.93,6.8,5.95,764,148.76,Rice
104,72,107,6.21,57.68,0.36,1.26,15.92,76.15,1182.1,6.2,16.52,1571,201.17,Wheat
86,65,13,4.75,26.36,0.99,1.93,33.37,58.9,1834.83,6.38,15.29,477,331.94,Rice
61,64,42,7.76,33.75,1.27,2.73,30.76,83.02,2332.6,7.89,16.8,801,326.94,Rice
137,34,52,5.88,45.3,1.1,0.95,23.82,86.33,1757.14,4.27,2.53,32,278.16,Rice
144,35,46,8.15,54.77,0.44,2.85,12.61,52.98,1574.01,9.21,3.53,2011,197.87,Wheat
43,58,75,5.12,34.69,0.58,0.92,13.77,39.53,341.97,11.58,6.78,2311,222.04,Millet
65,72,36,4.73,15.44,0.91,2.46,13.43,60.32,1565.44,10.52,15.14,1620,93.5,Potato
38,54,54,6.43,28.43,1.01,0.9,21.27,46.23,1474.07,10.49,1.48,1144,310.52,Wheat
87,82,90,5.26,37.52,0.29,0.31,14.77,55.59,2665.43,10.19,3.83,1231,98.32,Barley
121,88,59,8.25,30.88,1,2.46,35.83,52.65,1452.7,6.85,10.46,951,276.31,Sugarcane
61,48,104,4.54,19.33,1.16,1.41,36.98,57.03,1963.84,5.52,1.46,2011,320.69,Rice
51,74,72,6.15,11.85,0.44,1.23,35.7,59.91,2366.45,6.51,2.97,950,67.33,Rice
128,78,114,8.21,44.37,0.52,1.35,28.27,67.65,1509.6,5.38,7.06,1344,295.39,Rice
55,65,15,6.04,59.64,0.54,1.87,27.89,30.23,930.4,10.81,5.55,1636,214.77,Potato
116,18,104,4.87,55.96,1.42,0.86,36.73,45.39,2703.07,7.37,7.86,1777,237.29,Rice
150,79,76,5.71,44.16,0.73,0.79,22.19,40.22,2707.45,10.5,15.36,649,211.83,Rice
92,37,113,6.49,52.08,0.89,1.5,11.87,72.63,2719.54,6.32,5.13,2257,274.35,Wheat
155,54,76,5.24,22.79,1.14,0.2,24.11,79.94,963.77,5.15,12.89,2254,302.48,Wheat
116,35,106,6.37,41.12,0.68,1.96,26.61,73.55,1083.29,10.96,17.74,2348,57.79,Sugarcane
142,37,68,7.85,13.03,0.34,2.49,26.48,88.48,2772.63,10.39,6.79,502,191.19,Rice
89,49,22,7.99,45.36,1.05,2.21,14.77,34.63,552.19,8.45,1.94,1398,60.01,Wheat
32,24,30,4.7,58.49,1.07,1.46,33.5,57.89,2036.47,4.99,13,2291,133.49,Rice
68,15,73,5.14,53.04,0.54,1.74,31.96,83.96,1018.49,6.69,14.62,1654,307.48,Cotton
79,36,46,5.6,36.72,0.25,0.18,16.9,49.15,2219.66,4.46,10.05,1871,88.22,Potato
149,47,89,6.88,49.44,1.06,2.75,26.54,78.14,2534.26,11.19,9.13,1383,182.66,Rice
24,77,94,5.94,57.19,1.11,1.72,33.71,63.7,1342.72,5.92,15.18,1864,305.57,Wheat
46,84,57,7.88,20.8,0.23,1.02,10.23,88.71,623.24,8.19,8.91,860,315.03,Wheat
27,73,65,7.37,49.66,1.1,0.95,18.25,52.26,2250.26,11.53,1.09,335,133.07,Wheat
69,39,53,4.9,23.49,1.42,2.01,24.16,55.03,356.04,8.98,17.91,973,284.62,Barley
86,12,22,7,53.85,0.43,1.79,35.35,39.83,241.98,8.98,5.81,1317,92.16,Millet
63,71,13,4.95,14.92,0.88,0.64,33.97,39.58,2656.13,10.66,12.56,672,202.56,Rice
144,21,104,5.52,18.91,1.11,1.29,14.53,81.66,2487.06,9.55,11.54,1596,232.06,Sugarcane
77,39,82,5.21,46.03,0.5,2.06,23.88,54.44,1829.47,7.89,10.75,728,204.27,Rice
22,47,42,5.19,18.74,1.18,0.96,19.14,67.23,2063.05,4.98,5.68,726,189.69,Potato
105,69,46,6.97,17.9,1.33,1.58,22.04,75.14,2867.29,7.97,15.07,1990,242.37,Rice
89,47,62,6.75,37.77,1.26,0.84,26.22,56.29,375.75,5.46,5.68,1582,55.69,Millet
149,24,110,5.2,51.75,0.54,0.31,24.98,87.23,806.46,7.93,18.84,1798,88.31,Sugarcane
21,27,33,8.46,23.42,1.25,1.23,14.25,86.29,2241.77,4.18,11.64,1748,121.05,Wheat
121,61,98,6.19,52.06,0.74,2.22,13.65,70.81,939.3,6.82,15.63,977,275.8,Wheat
54,38,60,4.89,50.4,0.55,0.72,13.91,89.71,780.34,4.44,15.15,340,111.17,Potato
117,69,50,4.98,38.96,0.42,2.29,35.24,30.16,1438.17,5.16,19.4,2034,204,Sugarcane
49,30,38,6.84,42.33,1.38,2.04,10.6,30.56,2226.35,9.56,11.11,395,78.45,Wheat
135,26,68,8.42,12.02,0.75,1.57,16.07,34.05,789.46,11.81,2.05,1894,187.45,Wheat
27,27,49,6.79,28.36,1.33,2.92,38.68,86.61,1402.73,8.52,2.67,973,257.4,Rice
63,66,60,8.3,23.17,0.41,2.66,11.98,66.29,1652.69,5.36,7.8,1967,141.82,Wheat
55,46,59,6.28,17.5,1.2,1.73,11.09,85.66,682.23,7.01,7.85,1574,78.46,Wheat
96,69,45,6.24,29.48,0.34,1.72,21.62,37.63,1535.01,5.87,5.13,1358,214.96,Rice
50,47,88,6.5,27.75,0.22,0.91,14.54,31.92,2624.45,4.38,18.59,916,121.19,Wheat
66,21,118,7.29,46.44,1.49,2.77,26.97,62.6,2288.98,11.3,9.99,992,152.18,Rice
74,84,69,5.97,39.9,0.3,2.7,20.16,40.51,1609.65,8.34,18.15,1195,284.65,Rice
125,82,27,7.96,55.66,0.8,2.25,16.27,81.59,550.79,5.19,2.05,2425,206.36,Wheat
140,10,29,4.62,17.27,1.34,0.47,39.96,55.22,265.4,9.97,7.62,1967,86.63,Millet
74,67,14,6.26,12.99,1.27,2.14,20.23,76.23,388.28,5.37,7.83,1991,71.82,Wheat
31,12,27,6.54,36.73,0.81,0.83,29.23,60.99,2300.61,5.65,1.72,1566,139.32,Rice
159,72,49,6.93,10.05,0.99,0.65,36.22,61.72,2172.24,8.81,13.3,291,321.82,Rice
155,30,10,5.6,49.39,1.02,2.3,37.67,70.91,2288.98,7.41,3.7,1627,297.99,Rice
22,32,28,6.21,35.3,0.34,2.88,22.3,50.13,1060.19,11.16,7.59,1313,112.14,Barley
49,18,96,6.44,34.4,0.57,0.42,39.28,86.93,451.79,8.77,19.64,369,72.94,Millet
42,64,35,7.25,28.12,0.59,0.58,31.74,54.02,2200.13,5.46,18.67,727,236.21,Rice
111,28,38,7.59,28.75,0.69,0.74,27.5,53.88,2782.91,7.8,5.97,1379,322.2,Rice
134,71,68,7.45,31.56,0.56,2.89,30.8,72.45,1466.14,9.81,6.98,2007,279.62,Sugarcane
123,48,72,5.87,10.8,0.53,2.12,20.8,68.18,2340.08,8.8,11.27,240,122.47,Rice
137,85,107,8.5,14.18,0.66,2.07,22.73,89.75,2238.61,6.57,6.43,1595,230.13,Rice
24,36,92,7.89,35.25,0.69,1.56,27.59,81.01,2590.34,7.09,14.79,2066,84.27,Rice
123,55,71,5.54,17.51,0.83,1.66,19.81,47.08,279.46,9.32,11.78,149,191.66,Cotton
127,43,57,5.28,48.94,0.43,0.94,33.06,36.09,2874.85,8.15,9.98,412,247.78,Rice
84,42,71,5.76,23.72,1.22,0.55,17.53,36.4,2623,4.59,19.19,1170,230.71,Cotton
140,59,27,6.31,14.89,1.32,2.36,33.9,51.7,2654.14,8.39,5.13,1237,258.74,Rice
49,29,75,7.9,21.76,0.52,1.47,14.56,58.63,2989.79,7.64,17.31,2223,199.52,Wheat
103,49,36,7.61,27.85,0.36,0.84,16.52,68.23,1990.53,10.52,14.82,1588,147.89,Wheat
51,67,15,7.9,11.77,1.14,1.94,32.59,81.46,428.69,4.9,4.82,1315,246.7,Millet
35,40,112,5.59,17.08,1.4,0.71,17.89,89.37,2503.83,4.01,4.51,2435,142.29,Cotton
57,47,79,6.87,26.19,0.25,1.52,33.86,54.52,577.65,10.57,11.97,767,296.03,Millet
55,54,68,5.63,25.52,0.22,0.65,33.52,62.73,2266.1,5.69,2.52,1748,246.12,Rice
133,50,15,4.94,50.02,0.44,2.3,17.72,66.04,1387.27,4.25,10.14,2173,192.2,Sugarcane
85,18,40,7.24,52.16,1.09,1.03,12.19,63.51,218.52,5.77,7.41,2307,267.65,Wheat
124,18,114,5.07,19.67,1.45,1.38,14.99,35.42,1420.18,11.09,17.16,79,240.14,Sugarcane
104,72,113,7.17,16.2,1.18,2.29,32.58,36.9,2430.66,5.37,12.34,251,60.38,Rice
21,88,103,7.09,41.71,0.94,2.01,35.41,83.33,444.72,6.56,13.16,1433,221.07,Millet
94,86,65,7.74,50.23,1.11,1.26,21.49,70.54,206.19,8.88,7.21,1021,96.83,Maize
86,31,63,5.06,58.19,0.5,0.31,14.93,70.73,1467.73,5.44,5.11,1119,256.77,Barley
74,25,94,7.63,10.34,1.1,2.77,12.26,78.89,204.19,9.16,11.2,339,196.51,Wheat
25,41,50,8.5,30.68,0.62,0.12,16.47,35.05,2817.27,9.65,18.95,1088,125.36,Wheat
105,75,117,7.9,46.7,0.49,2.23,39.39,54.93,2509.61,5.85,12.31,2128,326.08,Rice
79,23,27,7.51,51.43,0.51,2.84,15.11,44.8,1964.33,4.77,1.37,1123,162.6,Wheat
120,47,96,7.15,13.11,1.07,0.99,12.59,69.65,248.49,7.22,19.31,1571,294.43,Wheat
31,17,111,6.19,44.03,1.2,0.32,33.56,42.9,1795.5,9.59,16.84,2385,302.47,Rice
68,30,32,7.42,24.45,0.96,0.82,28.46,71.53,2079.04,10.51,17.79,1283,155.25,Rice
61,65,101,7.4,13.73,0.28,1.01,26.04,53.27,1844.85,4.29,9.6,1740,68.3,Rice
101,55,45,7.03,34.46,0.25,1.41,23.44,56.36,2851.3,8.29,18.03,2028,127.17,Rice
54,52,34,7.69,17.91,0.48,1.62,31.06,79.08,2527.76,6.06,5.92,1657,279.39,Rice
153,55,16,6.3,46.85,0.57,2.2,30.95,50.89,1222.26,7.33,16.23,2329,117.76,Sugarcane
86,57,91,4.99,47.06,0.73,2.71,22.73,45.4,2145.44,8.23,12.64,307,255.49,Rice
99,79,29,6.74,52.1,0.3,1.45,17.03,81.02,1491.21,9.88,19.1,954,132.02,Wheat
26,40,14,5.56,28.88,1.14,2.26,35.24,71.12,2799.37,4.32,6.63,1213,217.64,Rice
33,42,27,6.04,10.67,1.12,0.47,14.94,54.23,1930.75,5.36,3.35,527,286.13,Wheat
92,53,115,4.57,22.99,0.65,1.05,26.02,59.91,1829.8,8.93,14.62,409,332.33,Rice
85,80,113,6.03,33.39,0.93,0.44,30.78,50.87,1601.95,7.53,19.74,37,104.9,Rice
110,17,42,7.74,44.7,0.33,2.11,29.17,63.07,1257.67,5.68,3.77,1437,182.62,Sugarcane
149,82,88,6.67,29.1,0.74,2.73,28.56,38.32,614.56,4.52,2.93,2201,228.76,Millet
39,11,44,4.54,36.8,1.31,2.68,29.88,83.31,967.01,11.32,9.18,1505,67.05,Barley
29,26,119,6.38,36.21,1.06,1.05,36.27,63.24,1131,6.9,14.69,2131,282.14,Millet
44,61,74,5.67,18.25,0.34,0.78,20.96,53.12,631.25,7.28,12.34,1147,178.4,Rice
44,54,72,6.41,41.15,1.3,0.89,28.82,64.3,2475.6,4.39,18.86,1046,187.89,Rice
73,46,94,6.12,31.96,1.08,0.93,30.91,39.67,206.21,9.91,16.38,863,349.24,Millet
52,51,81,8.23,50.4,0.79,0.34,27.71,34.71,2764.16,11.94,11.88,2461,149.44,Rice
114,53,80,4.66,44.53,1.1,0.49,37.09,62.89,559.19,11.83,7.86,1689,203.68,Millet
33,47,50,7.23,15.57,0.42,0.72,29.64,34.23,342.71,6.49,16.87,1898,347.2,Millet
84,15,59,7.9,34.44,0.92,0.12,22.73,69.65,2986.52,11.69,10.28,1020,236.69,Rice
129,77,117,8.34,45.12,1,0.24,35.37,78.01,2999.43,7.26,17.63,695,175.75,Rice
99,60,113,5.21,14.35,1.41,2.13,24.69,89.3,736.92,7.1,12.41,2027,216.09,Maize
73,44,113,6.63,49.62,0.29,1.9,25.9,76.15,574.63,10.65,14.44,66,57.36,Millet
144,67,39,4.67,21.1,0.69,2.84,27.47,88.45,753.77,10.33,1.89,1879,171.93,Millet
150,66,47,6.5,35.15,1.42,1.27,19.68,31.33,1631.71,7.8,19.82,1000,86.28,Wheat
153,82,44,5,57.03,0.48,1.39,31.68,63.53,1099.31,7.58,15.34,277,193,Sugarcane
44,15,75,7.85,38.57,1.26,0.3,12.94,39.88,1141.83,11.75,12.06,1144,147.25,Wheat
136,22,55,4.96,31.2,0.2,0.54,36.07,44.71,2466.8,7.27,11.11,854,253.64,Rice
155,68,17,6.55,10.34,0.23,2.11,32.64,74.07,2692.54,10.89,12.39,1878,328.11,Rice
44,39,111,6.58,16.67,0.63,0.78,20.61,45.17,2915.53,9.97,1.87,1306,128.08,Rice
98,11,77,8.39,38.93,1.2,2.34,16.79,40.79,1641.27,4.86,7.93,1562,326.72,Wheat
87,67,46,7.12,34.69,0.34,2.15,21.64,52.31,889.18,5.27,2.7,2108,65.9,Potato
31,45,94,5.65,28.19,0.7,2.27,34.15,35,1753.77,4.3,4.33,1820,121.23,Rice
51,81,22,5.46,56.16,0.37,2.1,10.95,38.79,2638.94,4.28,7.33,1475,94.67,Millet
147,54,82,5.01,26.62,0.49,2.15,24.04,38.79,286.55,8.84,13.78,947,265.17,Millet
115,18,54,7.53,36.86,0.85,1.69,17.62,43.56,2751.48,4.62,18.68,134,194.22,Wheat
111,74,38,7.26,38.44,0.61,2.07,36.25,82.24,834.33,5.09,19.75,2248,83.39,Sugarcane
50,86,50,6.94,36.37,0.48,1.63,22.42,47.71,1069.41,5.95,15.27,1023,317.84,Barley
97,59,65,4.66,33.88,0.71,0.7,30.94,46.43,1219.35,8.43,6.11,1391,108.35,Wheat
39,88,97,7.55,26.85,1.11,0.73,20.74,37.56,2758.53,5.83,7.12,2369,111.62,Rice
79,41,25,7.07,55.44,0.36,1.28,19.89,30.97,692.79,7.17,6.83,1431,325.75,Wheat
153,52,21,8.36,32.54,0.82,0.14,19.78,39.62,824.43,6.83,16.93,321,193.67,Wheat
112,87,75,6.85,36.42,0.56,2.68,30.35,73.38,2247.09,7.17,15.72,360,266.21,Rice
62,63,71,5.72,42.82,0.69,0.88,38.93,88.19,2817.13,11.43,2.2,510,218.45,Rice
149,56,28,6.03,13.38,1.27,0.25,16.24,74.63,493.26,11.76,10.4,1450,322.99,Wheat
79,23,39,5.2,49.06,1.41,1.33,29.32,81.19,1662.3,4.58,13.19,1031,348.5,Rice
50,57,25,7.39,35.63,0.52,2.47,17.96,77.2,2760.49,4.88,1.3,562,73.5,Wheat
24,64,97,7.33,42.86,1.02,1.25,26.48,47.76,2681.05,4.44,12.28,1875,134.16,Rice
29,38,22,5.3,48.6,1.08,0.86,26.25,73.87,2855.68,7.1,18.89,464,210.12,Rice
108,56,78,5.13,53.7,1.3,1.68,23.5,75.04,2725.89,10.81,1.9,715,271.08,Rice
149,72,32,4.81,29.61,1.37,1.77,24.96,45.51,1081.17,10.4,4.25,926,199.96,Sugarcane
145,28,71,8.15,50.57,0.81,2.3,36.41,85.24,782.43,6.84,2.96,2095,81.56,Millet
30,18,111,5.43,22.94,1.48,2.42,12.66,89.88,2724.13,10.01,8.02,2401,295.68,Millet
75,46,40,5.88,43.02,1.46,2.15,34.91,63.68,2193.47,11.83,8.02,255,91.73,Rice
102,61,62,5.62,15.14,0.86,0.11,23.87,49,1259.86,5.55,19.16,591,194.88,Sugarcane
156,66,26,6.15,11,0.9,0.11,20.01,51.46,2196.22,11.71,16.21,412,184.81,Rice
118,37,58,7.36,14.79,1.07,2.93,15.31,64.95,1060.14,10.17,13.11,723,199.5,Wheat
92,45,58,7.98,25.97,0.69,0.87,34.44,30.47,1827.76,4.92,13.2,252,91.61,Rice
134,73,76,5.23,11.55,1.06,0.92,27.76,48.5,853.33,10.36,13.66,2454,99.18,Sugarcane
26,27,35,7.25,41.52,0.87,2.22,31.85,32.94,1772.88,4.82,4.25,755,259.58,Rice
99,44,22,5.91,25.83,0.25,1.79,19.45,67.45,2784.85,4.24,7.73,928,128.86,Potato
116,77,117,8.42,46.82,1.31,1.44,21.79,66.24,2360.03,10.12,13.28,2008,126.04,Rice
23,87,47,5.7,12.3,1.42,0.44,37.41,65.46,2036.98,11.16,1.64,1027,171.69,Rice
23,48,31,4.53,20.84,0.23,0.34,38.84,39.06,888.84,7.2,10.31,2404,133.8,Maize
122,17,94,6.56,30.4,1.23,2.14,32.2,86.67,377.43,4.19,16.9,2471,341.29,Millet
59,89,38,5.1,29.13,0.7,0.46,32.48,62.05,2189.6,8.78,11.36,2310,257.23,Rice
36,24,54,4.68,16.55,0.96,1.36,30.83,63.35,1813.07,5.87,17.44,2342,272.72,Rice
120,16,55,7.29,59.71,0.85,2.23,27.62,62.66,795.29,8.35,15.18,6,322.97,Millet
122,26,48,7.43,24.22,0.92,2.78,27.85,61.46,2817.33,6.54,11.24,1098,79,Rice
143,73,78,6.34,46.05,0.84,2.63,38.91,86.31,1745.65,8.98,8.16,1529,178.09,Rice
71,21,87,7.21,21,1.31,2.61,32.53,66.12,1801.2,6.08,13.46,938,231.54,Rice
71,65,91,6.65,53.89,1.09,1.14,29.66,59.11,1036.53,5.19,10.45,1111,281.34,Millet
143,55,77,7.02,29.39,0.74,2.79,15.67,75.99,2662.28,10.02,19.89,380,339.32,Wheat
82,56,106,6.89,55.05,1.1,2.08,39.31,45.09,2695.89,8.31,12.6,1349,257.38,Rice
135,88,48,7.16,27.09,1.45,2.67,25.61,41.52,2202.41,6.54,5.78,727,325.47,Rice
81,25,29,5.3,10.43,0.3,0.36,38.31,56.35,477.97,9.02,19.3,53,344.59,Millet
26,78,86,5.57,35.85,0.7,0.21,31.41,30.94,436.28,6.3,6.45,1319,256.19,Millet
111,11,109,6.26,36.24,1.33,1.35,11.2,47.61,1514.26,6.92,17.92,526,264.4,Wheat
33,63,118,6.28,15.99,1.16,2.5,26.17,55.2,597.91,7.01,10.35,508,343.75,Millet
105,36,77,7.6,21.75,1.42,1.28,36.78,64.72,1129.38,5.81,14.39,1081,283.86,Sugarcane
152,40,44,5.97,49.17,0.25,2.67,11.55,62.59,679.76,7.53,4.83,183,292.52,Maize
149,50,17,5.15,11.84,1.32,0.78,36,52.04,1068.32,10.52,11.63,954,76.39,Sugarcane
81,45,61,5.51,34.48,1.23,0.21,28.4,50.6,2840.16,11.77,4.82,406,345.24,Rice
98,56,49,5.36,36.52,1.26,2.31,11.34,30.08,2309.42,5.76,5.51,1334,205.03,Potato
157,52,45,7.43,44.44,0.98,1.92,21.21,82.87,587.26,11.51,4.07,1523,308.67,Wheat
77,74,15,6.38,11.87,0.27,1.38,10.91,43.88,2072.96,6.22,9.54,24,301.2,Wheat
139,59,95,7.33,39.28,0.9,2.55,10.05,51.48,285.42,7.76,10.78,2144,256.93,Wheat
152,10,79,6.16,10.15,0.73,2.49,36.89,31.22,2954.15,4.81,5.99,297,243.11,Rice
84,81,115,8.06,23.26,0.89,1.04,32.46,87.41,1688.75,8.86,12.66,1784,341.37,Rice
32,66,109,8.43,34.98,1.16,2.53,18.68,59.67,1615.16,8.09,6.15,2425,51.82,Wheat
101,25,82,7.18,55.56,0.97,1.1,13.41,31.4,872.94,9.43,10.91,957,210.01,Wheat
158,37,25,7.96,16.33,0.58,1.9,11.63,45.07,1481.93,8.8,14.03,1626,261.42,Wheat
71,31,112,6.53,18.46,0.98,0.66,37.52,82.76,1673.47,11.85,2.14,620,73.38,Rice
136,50,55,8.24,43.46,0.31,0.87,28.77,52.54,2042.95,10.16,17.34,366,165.28,Rice
45,85,68,7.83,28.74,0.21,1.4,14.82,71.36,328.55,11.72,7.8,963,264.78,Wheat
53,28,47,8.47,41.17,0.72,1.01,30.44,66.83,1158.09,8.2,10.82,1123,56.68,Millet
71,59,106,6.99,59.87,1.18,0.47,39.97,58.32,1283.59,6.25,9.47,2426,324.7,Maize
131,68,27,7.62,59.34,1.27,1.5,33.64,79.99,617.62,8.26,19.04,493,190.03,Millet
101,78,21,6.67,27.69,0.91,1.58,23.4,32.42,871.4,7.73,4.61,2121,105.9,Barley
61,43,63,5.54,35.2,1.33,0.56,34.43,84.75,862.68,7.42,12.91,1975,199.06,Tomato
40,48,100,5.92,55.23,0.36,0.61,32.33,73.08,2469.05,7.21,16.74,1717,67.51,Rice
61,83,56,8.08,14.61,1.45,0.19,12.66,81.82,2124.22,10.49,9.14,1557,138.72,Wheat
132,16,10,4.72,32.62,1.4,0.19,37.77,31.02,2783.7,9.93,7.37,109,348.9,Rice
124,61,24,6.87,28.88,0.98,1.14,36.52,35.09,1067.7,9.15,3.13,2271,209.22,Sugarcane
36,69,100,5.99,24.74,0.28,0.53,27.72,42.35,2668.65,9.16,14.69,1848,74.55,Rice
139,61,89,6.05,59.71,0.79,2.77,25.24,65.61,2618.64,6.99,15.94,1807,286.03,Rice
156,88,30,8.04,46.68,0.43,0.68,16.83,35.55,1454.28,7.51,6.96,635,72.44,Wheat
148,33,10,7.92,29.44,1.02,0.29,35.03,85.89,1963.24,5.22,15.74,1499,182.5,Rice
149,35,102,6.9,51.45,0.45,1.27,22.96,74.92,1874.27,8.63,2.9,860,324.1,Rice
79,19,76,5.59,34.48,0.83,0.66,27.38,78.46,1061.92,5.12,9.18,2278,58.59,Wheat
67,26,21,6.4,53.64,0.47,0.28,15.1,65.03,933.8,11.32,6.26,932,334.54,Wheat
48,87,37,6.13,23.32,0.44,2.28,16.41,67.86,673.09,7.33,6.23,2083,157.22,Wheat
116,11,48,5.91,21.18,0.52,1.72,39.56,43.26,2545.46,4.34,18.68,2127,63.86,Rice
29,86,46,4.91,22.36,0.24,0.27,24.82,84.6,1693.88,4.01,15.75,2148,208.39,Rice
77,36,104,6.67,36.92,1.13,1.46,34.47,68.94,1147.42,9.41,15.56,289,276.16,Barley
40,82,69,5.71,24.57,0.6,0.21,34.89,55.06,1627.98,8.89,10.37,2212,132.49,Rice
47,80,40,7.14,17.36,1.11,1.13,39.45,82.9,425.65,10.16,12.81,432,170.25,Millet
53,57,67,5.78,59.73,1.05,1.15,39.49,81.83,496.75,9.99,15.93,1136,331.86,Millet
27,83,106,6.22,55.02,0.29,2.49,23.71,30.03,2326.19,4.02,6.07,2204,264.83,Rice
98,18,106,4.71,41.75,0.61,2.23,38.51,85.49,2723.48,5.34,6.54,1366,316.27,Rice
106,32,113,8.47,54.58,0.94,2.7,20.96,51.81,1096.75,6.61,17.79,180,341.23,Sugarcane
107,80,20,6.53,56.77,1.39,0.51,28.23,55.33,1345.69,4.49,5.35,1131,54.29,Sugarcane
88,82,119,4.6,43.81,0.72,1.65,34.65,35.12,1246.43,5.43,13.92,1197,202.96,Cotton
106,36,38,6.66,35.93,0.86,0.16,37.41,82.65,1541.32,8.65,18.46,726,67.4,Rice
120,80,98,7.98,54.1,1.18,2.49,25.72,62.35,1359.15,7.66,19.09,169,256.52,Sugarcane
27,52,22,7.59,38.39,1.24,1.16,22.54,84.34,1281.47,10.88,6.76,2380,67.97,Wheat
96,16,60,7.3,16.34,1.4,0.3,31.86,76.85,2047.85,5.79,19.05,2034,86.01,Rice
106,72,117,5.06,28.34,0.85,1.04,23.68,83.88,961.92,8.28,3.62,2062,239.42,Rice
62,53,63,7.13,32.3,0.45,0.93,30.15,86.9,2839.38,10.89,5.61,960,65.02,Rice
148,48,28,7.57,56.77,1.19,2.32,34.13,83.15,1063.73,4.48,8.63,448,307.26,Sugarcane
128,49,67,6.79,42.96,0.36,0.47,35.23,42.59,800.82,10.96,15.43,711,74.21,Wheat
36,16,45,8.07,53.76,0.74,1.71,17.63,34.21,2921.34,6.75,2.7,990,259.95,Wheat
152,79,37,5.61,47.88,1.02,2.4,27.14,67.22,840.65,10.88,5.23,383,333.35,Potato
40,34,77,5.47,25.49,1.1,2.24,10.75,39.3,1702.7,9.45,10.06,2282,303.13,Potato
77,68,12,7.98,45.94,1.15,2.81,33.93,81.79,1120.97,9.38,2.42,2335,216.37,Maize
129,22,111,7,19.76,0.45,0.1,13.75,86.85,416.93,4.38,7.7,621,311.29,Wheat
158,71,110,4.51,30.41,1.48,1.13,36.15,37.28,2868.16,11.53,12.68,2063,334.04,Rice
154,17,116,5.91,50.3,0.43,1.17,22.2,44.15,1247.94,7.45,15.68,498,157.64,Sugarcane
47,54,98,7.93,40.6,0.32,0.2,15.02,67.51,2005.49,4.87,10.52,2095,315.56,Wheat
70,27,50,4.61,51.27,1.06,2.47,33.87,73.52,2614.31,10.13,9.52,335,203.91,Rice
24,69,44,4.51,22.74,1.38,2.1,16.01,60.74,1748.36,10.93,7.3,480,338.73,Rice
24,69,102,5.63,47.49,0.93,1.63,21.83,52.14,2195.99,11.44,8,380,276.89,Rice
113,11,114,8.16,20.12,0.97,1.27,27.01,48.36,2396.9,8.05,11.26,876,165.94,Rice
115,75,102,8.11,37.27,0.9,2.7,20.8,69.96,1268.32,7.23,8.53,547,255.73,Sugarcane
27,23,85,6.58,31.68,0.26,0.87,15.37,74.67,1960.57,8.67,7.03,1884,169.72,Wheat
83,57,108,6.71,37.82,1.09,1.07,22.18,47.33,776.68,6.37,12.84,1589,290.02,Wheat
157,65,93,5.83,16.78,0.67,2.86,14.33,49.56,354.94,7.14,19.94,487,345.9,Tomato
57,21,90,5.47,28.06,1.42,0.29,31.57,57.6,2962.83,8.31,6.57,2282,224.56,Rice
130,64,85,7.76,43.35,0.44,2.36,15.15,57.01,459.29,10.6,3.28,2406,50.2,Wheat
131,37,59,4.93,37.93,0.59,2.18,24.47,80.56,1400.42,10.83,3.8,2127,167.82,Sugarcane
100,13,109,6.45,37.45,0.86,2.72,26.81,56.21,388.73,5.05,12.53,763,188.7,Millet
155,45,83,7.04,35.54,0.82,0.36,38.35,88.7,2783.56,5.07,11.58,2235,312.87,Rice
123,59,91,4.91,57.19,0.72,2.91,12.35,48.66,505.74,5.47,3.03,697,278.79,Potato
92,12,39,6.58,56.73,0.61,0.18,37.91,71.57,2402.22,8.77,8.79,388,84.88,Rice
68,10,81,6.81,28.01,0.39,1.08,16.25,75.54,2204.09,5.62,17.23,12,128.16,Wheat
55,26,114,7.47,27.59,1.27,0.35,35.23,67.82,326.12,8.9,10.08,325,132.93,Millet
145,80,86,5.44,37.74,0.78,0.25,12.71,52.02,2219.55,9.8,15.85,1520,171.45,Sugarcane
87,71,104,5.67,14.78,0.94,2.9,39.66,45.44,2914.07,10.87,1.88,954,254.56,Rice
97,57,79,6.78,25.15,0.91,2.19,34.23,66.26,1658.82,10.94,10.34,1018,278.24,Rice
124,71,63,8.43,21.54,0.95,1.57,11.89,69.52,1010.61,5.72,16.66,1864,180.48,Wheat
141,78,80,5.37,21.17,1.12,0.41,16.42,45.46,1725.92,6.5,12.44,513,336.45,Sugarcane
138,28,94,8.44,41.93,1.02,1.63,26.46,50.19,538.82,5.45,3.17,2185,227.96,Millet
133,43,111,7.36,29.22,0.56,1.03,25.71,81.72,2876.69,9.44,17.81,1889,178.96,Rice
29,58,116,7.8,18.56,0.92,0.89,28.88,78.63,1222.93,9.49,4.52,2307,103.18,Barley
159,89,60,4.86,54.38,0.52,1.89,23.91,41.03,1479.61,4.03,14.53,802,317.08,Sugarcane
110,56,37,5.7,53.71,0.97,2.39,32.02,86,1323.91,5.32,2.38,944,296.99,Sugarcane
21,59,73,4.73,53.12,0.76,1.39,20.45,67.68,277.99,6.68,11.23,1649,77.74,Pulses
137,35,117,5.99,29.54,0.25,1.53,15.29,59.81,296.19,5.66,6.71,914,204.57,Cotton
32,65,94,8.43,12.85,1.15,1.99,11.01,42.05,1774.64,8.41,19.55,774,254.79,Wheat
114,87,30,4.92,15.34,0.56,0.46,19.74,73.81,1606.51,4.32,18.09,1437,324.47,Sugarcane
51,23,97,6.75,23.8,1.4,2.5,22.81,85.25,2962.19,10.61,9.37,1477,80.57,Rice
51,87,36,4.52,21,0.56,2.53,29.77,33.9,937.06,7.73,17.22,1732,342.09,Millet
143,34,36,7.35,53.7,1.5,1.67,34.19,61.24,1231.74,8.75,5.55,1178,279.09,Sugarcane
30,13,86,5.29,59.32,0.8,0.64,17.2,82.63,2966.01,8.64,10.89,2444,188.69,Barley
29,88,59,5.02,50.83,0.23,1.55,24.8,87.15,334.07,7.61,16.75,1610,175.65,Cotton
34,41,38,5.85,46.49,0.3,0.41,17.01,34.33,1999.38,8.54,14.01,2079,119.8,Maize
36,87,48,7.58,39.43,0.31,2.31,38.53,77.46,484.61,4.61,9.53,686,121.31,Millet
78,74,66,4.93,48.5,0.27,1,29.43,46.88,2849.92,7.08,11.17,261,197.71,Rice
97,70,101,5.42,57.35,0.55,1,30.34,62.49,1006.65,9.68,6.52,1597,237.17,Millet
143,29,46,4.53,40.07,0.62,2.84,25.94,77.02,2479.47,6.93,11.71,1599,115.77,Rice
133,83,102,8.37,17.73,0.34,1.32,18.45,62.71,2751.52,6.03,3.58,1931,175.14,Wheat
41,19,73,6.87,18.19,0.77,2.39,16.01,36.6,2571.64,8.52,15.38,1445,153.89,Wheat
51,43,57,7.38,39.19,0.67,1.95,29.7,65.43,1759.33,7.81,19.9,1158,282.47,Rice
132,70,31,7.11,26.67,1.03,1.02,37.65,37.07,2925.57,8.27,1.99,283,223.25,Rice
139,36,109,5.08,55.51,0.45,0.46,16.39,50.85,2094.5,11.67,16.06,1306,76.18,Sugarcane
141,49,39,6.88,40.58,1.39,2.41,27.15,63.49,2401.21,5.2,16.96,1736,223.93,Rice
51,74,37,5.03,43.82,0.87,2.31,25.88,89.48,883.54,8.93,1.64,2023,345.43,Wheat
138,42,32,6.1,10.29,1.01,0.59,29.25,73.62,1371.44,4.24,12.11,2347,99.53,Sugarcane
58,77,106,6.78,34.94,0.25,0.82,27.63,48.2,1874.92,9.18,17.96,735,162.77,Rice
31,80,13,6.74,31.56,0.93,2.32,18.18,82.59,608.27,5.58,11.79,2417,117.01,Wheat
37,18,12,4.98,45.29,0.68,2.95,30.74,43.57,2904.04,10.46,12.18,1657,67.91,Rice
145,25,70,4.64,29.13,1.4,2.55,18.18,53.04,507.18,6.16,19.91,498,119.99,Potato
155,14,105,7.69,58.83,1.35,2.08,29.59,68.82,2252.01,7.21,18.06,566,254.51,Rice
65,32,13,7.4,43.51,1.03,2.75,19,54.63,362.45,8.13,13.06,2111,132.64,Wheat
123,52,74,4.83,43,1.2,0.93,12.47,73.77,487.39,8.88,10.77,1864,266.42,Cotton
154,66,21,5.01,55.97,1.04,0.13,13.82,69.04,1945.33,6.39,4.65,2354,183.78,Sugarcane
105,60,22,8.07,59.76,0.22,1.03,35.02,70.04,1466.95,5.25,17.04,2209,111.74,Sugarcane
108,22,43,7.58,19.89,1.11,2.92,13.64,55.22,210.2,9.08,6.43,1938,287.4,Wheat
41,33,68,8.48,50.53,0.43,2.66,19.92,33.31,1302.26,7.54,1.12,2,225.67,Wheat
111,20,102,5.52,18.12,1.09,0.25,18.63,82.36,900.25,4.46,2.06,487,187.11,Sugarcane
48,61,82,6.45,32.85,0.21,1.56,11.74,34.44,2640.44,8.29,4.74,997,170.32,Wheat
32,26,40,5.45,15.01,0.6,0.33,27.99,57.84,2182.65,7.74,16.46,1464,92.21,Rice
21,46,80,6.99,41.17,0.87,2.39,33.96,48.12,2265,8.1,19.52,2487,64.82,Rice
48,22,22,4.96,33.43,0.63,1.18,39.77,47.78,2862.66,4.86,14.62,2035,304.04,Rice
46,71,63,5.01,41.43,1.1,2.74,38.08,43.6,2187.61,7.78,4.16,832,154.3,Rice
69,17,11,4.79,43.9,0.88,0.26,11.48,46.3,649.6,9.96,17.44,606,198.24,Wheat
114,65,42,7.27,40.97,1.45,2.23,17.73,87.32,2824.47,5.06,16.39,1312,222.84,Wheat
107,79,59,6.48,24.7,0.67,1.26,22.36,88.32,516.7,8.99,17.13,668,112.21,Cotton
63,53,16,6.97,51.85,1.14,0.88,36.25,64.26,739.3,5.42,4.44,714,138.85,Millet
41,69,27,8.02,37.58,1.29,1.6,20.8,61.48,998.41,6.47,10.81,959,199.44,Millet
116,50,60,7.46,34.49,0.53,1.51,27.11,32.9,690.28,6.9,12.9,493,121.37,Millet
22,30,17,6.35,59.35,1.18,1.11,29.79,78.22,251.3,10.11,13.88,2196,293.73,Millet
137,51,64,8.44,24.18,0.71,1.98,18.94,40.23,1485.64,5.81,14.01,895,213.49,Wheat
38,83,85,6.33,36.4,0.37,2.02,27.46,38.56,2126.31,6.11,1.25,1640,158.57,Rice
42,83,52,4.95,44.12,0.2,0.32,11.53,55.44,1379.44,10.96,19.24,13,159.59,Pulses
49,38,68,8.47,16.26,1.17,1.83,24.41,50.85,857.37,9.95,12.01,1584,206.66,Wheat
58,89,39,4.59,27.71,0.44,2.16,21.36,35.8,2672.13,8.05,4.69,785,198.42,Rice
127,74,68,6.7,50.08,0.27,0.32,20.67,38.88,1287.24,6.53,15.56,57,147.67,Sugarcane
130,26,18,5.74,21.84,0.85,2.01,17.05,89.54,2548.87,10.33,2.03,1025,145.56,Sugarcane
44,39,101,6.51,34.66,0.65,2.43,34.53,74.09,699.8,8.5,4.14,1585,157.27,Millet
147,35,77,6.73,41.53,1.1,2.51,36.46,65.91,1133.47,6.64,8.54,532,173.49,Sugarcane
130,62,48,5.46,43.56,0.34,0.22,36.64,48.22,2449.83,6.52,11.7,541,177.91,Rice
155,28,90,6.73,46.42,0.37,2.12,21.88,55.71,285.25,7.66,8.94,214,118.88,Sugarcane
125,62,20,7.52,53.3,0.73,2.41,17.77,67.68,2777.37,11.59,6.77,440,256.4,Wheat
91,26,11,5.57,29.64,0.88,1.25,12.95,77.06,1310.36,9.15,15,1023,321.2,Millet
148,55,32,6.03,45.33,1.27,1.67,30.17,86.78,2938.35,9.43,1.13,1672,193.96,Rice
127,62,72,5.57,46.61,0.96,0.87,19.91,37.36,2163.81,7.1,13.89,1171,278.41,Sugarcane
24,73,31,7.78,25.01,1.37,1,18.3,41.5,2858.3,11.81,19.05,534,177.66,Wheat
22,54,70,7.4,58.41,0.48,1.55,21.14,64.05,385.39,7.26,3.86,1201,158.44,Pulses
151,58,35,7.98,53.26,0.98,0.54,26.64,86.31,2221.64,4.1,17.26,624,150.81,Rice
123,28,21,5.18,24.49,1.05,1.17,14.86,57.15,2651.3,10.41,4.52,1252,273.55,Sugarcane
83,80,41,4.79,43.75,1.14,0.97,38.84,68.04,2965.18,8.1,9,2006,152.42,Rice
125,74,18,4.98,45.89,1.49,0.79,31.98,47.62,293.53,5.2,19.53,502,87.95,Millet
117,46,116,5.14,31.57,0.81,1.5,11.4,78.7,432.8,4.18,15.95,1700,212.69,Tomato
29,79,78,6.63,53.19,0.68,2.53,19.2,66.32,2248.72,11.94,7.83,772,347.47,Wheat
147,35,99,8.38,44.51,1.31,0.8,11.51,52.91,308.99,9.18,7.64,753,243.04,Wheat
65,11,80,5.93,42.91,0.43,2.01,16.88,62.56,231.83,7.73,7.12,1110,287.03,Cotton
85,68,102,8.33,21.04,0.25,0.84,18.6,71.69,1726.2,6.67,7.89,1773,238.45,Wheat
131,14,42,4.65,30.39,0.78,0.51,31.54,42.81,1682.5,4.58,19.54,119,238.82,Rice
32,46,33,8.21,31.7,0.52,2.84,31.56,50.49,1917.8,9.16,7.47,250,267.97,Rice
156,40,98,5.22,46.68,0.72,1.94,11.36,45.03,239.43,6.95,9.46,1227,127.58,Sugarcane
105,85,104,8.15,40.92,1.48,0.4,27.64,87.61,1609.23,11.92,5.03,464,216.32,Rice
109,57,102,4.72,14.29,0.65,1.93,38.83,32.58,1002.71,4.87,13.14,716,251.95,Sugarcane
77,15,78,8.29,25.38,1.12,0.61,28.85,33.39,2316.97,5.97,16.82,1359,328.06,Rice
73,24,47,5.3,33.65,0.53,2.67,38.82,51.34,1174.98,7.23,6.43,2365,66.74,Tomato
31,24,118,5.71,46.84,0.59,0.82,21.42,62.28,1198.47,10.38,5.04,2394,200.41,Rice
33,70,20,6.46,47.18,0.52,2.44,23.79,49.73,2031.85,10.22,9.58,151,97.55,Rice
140,25,41,6.02,34.53,0.94,0.68,24.86,81.42,2049.86,5.95,14.01,1828,82.17,Rice
140,29,73,7.17,15.85,0.49,1.72,37.72,40.16,363.24,6.89,8.73,187,310.56,Millet
39,86,81,8.4,24.65,1.13,2.75,21.41,51.88,1952.81,4.47,3.81,2248,70.52,Rice
94,53,29,6.93,22.73,1.08,0.96,39.5,59.28,2041.99,7.03,4.43,1194,172.21,Rice
89,51,43,7.39,49.05,0.75,0.34,26.29,42.13,1481.07,5.35,6.46,2303,84.31,Barley
75,55,51,4.85,19,0.23,1.7,16.54,47.41,2518.02,11.36,16.86,1238,99,Wheat
120,43,17,7.01,33.25,0.23,0.6,13.11,86.84,225.48,10.46,10.67,395,253.06,Wheat
151,73,75,6.32,43.54,0.89,2.21,15.19,61.21,2911.45,5.32,12.17,1974,200.09,Wheat
130,38,30,8.04,58.24,1.29,1.81,11.18,82.18,1252.87,7.93,4.82,1866,177.56,Wheat
144,12,88,6.05,59.96,0.98,1.1,30.77,46.16,1867.96,11.67,13.44,1841,257.97,Rice
151,18,79,7.22,57.65,0.77,2.15,25.51,66.74,296.11,7.28,16.94,2379,106.61,Millet
39,84,14,5.41,45.91,1.35,0.79,32.14,75.79,2184.92,7.58,4.8,1701,149.85,Rice
157,84,76,5.54,47.32,0.46,2.76,33.47,55.3,1722.36,6.73,2.11,839,344.86,Rice
43,34,116,6,47.96,0.67,1.11,37.94,67.48,2889.02,7.94,13.62,80,74.82,Rice
56,51,52,5.72,53.13,0.93,2.31,13.51,81.79,1383.09,8.77,16.5,819,293.44,Pulses
73,55,25,5.52,57.59,0.58,0.85,15.58,38.45,2221.24,4.72,14,2068,313.35,Maize
122,82,108,4.7,32.29,1.5,2.17,26.45,51.28,407.84,4.74,9.14,126,319.55,Millet
57,68,82,7.85,30.83,0.79,0.19,13.89,79.43,380.69,10.15,13.42,1947,129.83,Wheat
23,30,44,4.76,33.02,0.27,0.96,12.78,43.85,2857.22,11.86,19.94,996,317.53,Barley
76,83,92,8.05,42.99,0.43,0.37,29.99,63.37,909.25,7.93,12.85,862,140.87,Wheat
39,31,52,5,48.77,0.89,1.41,31.74,56.28,2754.71,10.89,11.03,2312,137.51,Rice
36,38,119,4.76,53.53,0.92,1.36,35.3,69.89,445.35,10.95,11.26,820,269.33,Millet
138,72,107,6.75,32.81,1.48,1.14,37.47,70.08,1985.67,6.96,9.91,254,239.02,Rice
90,82,48,6.51,28.17,0.98,2.95,23.27,64.71,1744.43,6.63,14.07,44,178.94,Rice
23,70,19,6.46,59.17,1.07,0.81,39.4,86.81,2905.3,9.84,17.05,2144,199.04,Rice
33,73,83,6.8,21.59,0.48,2.39,11.14,40.52,1331.24,11.28,14.7,919,197.19,Wheat
22,78,29,5.65,21.1,0.34,1.4,36.1,80.11,335.54,10.83,5.28,439,163.15,Millet
99,49,10,7.15,45.77,0.98,1.07,19.64,59.37,1527.42,6.55,7.97,1971,195.11,Wheat
74,84,15,6.51,18.98,1.32,0.69,37.65,69.71,2507.72,6.84,12.23,376,144.09,Rice
151,10,62,5.84,29.97,0.96,1.94,16.68,46.42,346.9,9.89,19.87,703,117.27,Cotton
139,74,55,7.81,24.62,0.78,1.07,32.23,35.68,301.35,6.54,2.3,1027,298.81,Millet
43,71,75,7.41,18.44,0.95,2.46,22.76,76.66,2500.9,10.82,4.58,1992,326.93,Rice
101,63,47,6.07,38.99,0.81,2.91,21.44,45.11,2507.13,8.07,15.72,206,245.8,Rice
79,69,42,7.89,28.68,0.38,0.76,11.78,53.42,759.94,6.34,4.65,416,310.21,Wheat
68,55,76,8.18,33.11,1.16,0.47,31.18,32.85,2040.93,6.29,13.78,445,140.05,Rice
82,14,109,6.65,19.79,0.89,1.02,15.26,69.01,379.96,10.27,19.89,473,90.04,Wheat
129,31,86,5.36,48.39,0.72,1.45,23.89,71.25,2343.71,5,13.18,735,129.7,Rice
128,62,44,8.16,25.74,0.93,0.97,14.24,84.1,1054.55,11.46,10.1,2228,119.59,Wheat
95,79,88,5.26,27.14,0.51,2.91,28.13,83.46,845.43,7.31,16.82,788,125.58,Sugarcane
49,41,54,4.69,22.61,0.76,2.36,16.93,72.31,2097.4,10.75,15.66,1844,91.54,Wheat
77,20,31,5.81,31.72,1.01,2.9,27.83,49.33,2752.36,10.34,14.51,2457,244.15,Rice
136,19,116,7.41,33.18,0.49,1.18,38.4,52.48,316.21,10.23,3.23,154,311.2,Millet
119,48,77,8.19,36.48,1.17,0.98,37.63,52.9,602.46,9.4,13,2019,259.72,Millet
38,40,26,7.05,58.38,0.88,1.28,16.01,37.78,916.04,8,1.25,2080,221.74,Wheat
113,21,14,8.31,55.23,1.32,1.62,12.98,86.84,2797.83,7.12,2.07,1757,101.66,Wheat
132,89,94,4.87,40.47,1.3,2.25,11.28,79.09,2656.05,8.65,1.73,340,184.76,Sugarcane
82,47,66,4.74,11.95,0.84,2.66,34.86,38.72,2740.08,8.22,3.07,1592,164.1,Rice
135,76,97,6.92,40.61,0.45,1.44,17.48,86.79,1259.44,6.81,9.22,15,110.15,Wheat
132,75,104,8.36,14.48,1.16,0.94,18.52,80.59,848.57,7.95,18.98,804,120.39,Wheat
66,61,49,6.51,45.52,0.74,1.02,16.79,85.13,736.65,6.92,2.42,2440,187.55,Wheat
76,14,39,4.71,29.5,0.97,2.12,35.2,47.14,2669.47,9.26,14.71,1180,240.6,Rice
137,20,51,5.38,51.88,0.34,1.75,39.37,50.13,847.42,10.68,10.64,1939,80.84,Barley
64,34,16,5.48,57.13,1.02,1.51,32.66,58.2,1686.35,10.3,6.24,1741,159.18,Rice
23,44,80,5.85,30.86,0.69,0.69,34.71,43.45,1128.87,6.73,7.02,430,207.2,Pulses
66,44,100,4.67,33.03,0.63,2.64,28.62,57.93,1597.02,8.08,1.43,809,213.65,Rice
66,31,97,8.12,39.51,1.47,2.36,25.86,30.55,1168.15,4.09,14.31,1542,136.54,Rice
97,46,28,6.56,19.86,0.76,0.51,31.65,82.65,1020.26,10.96,2.91,1595,237.87,Potato
143,64,50,7.18,56.37,1.08,1.17,11.07,39.74,1396.5,5.96,1.66,2088,140.37,Wheat
94,84,43,4.77,31.65,1.02,1.67,11.84,60.05,1132.19,7.53,9.9,1225,55.9,Potato
122,81,31,4.72,18.34,0.34,1.42,30.62,85.73,2551.14,5.22,10.07,1853,277.61,Rice
156,73,61,6.85,48.14,1.17,1.25,20.05,79.26,1825.84,9.42,13.44,242,176.41,Rice
109,29,100,8.05,20.96,0.62,2.18,24.67,76.57,693.27,8.36,14.42,1399,343.36,Rice
88,13,15,6.61,17.18,1.24,0.26,33.46,66.33,860.65,6.92,10.67,1323,91.37,Barley
80,27,83,8.01,38.14,0.99,1.47,27.31,56.18,349.95,8.28,14.45,884,172.6,Millet
157,60,118,7.74,43.57,0.61,0.86,34.16,56.76,1039.13,5.35,5.75,2339,224.64,Sugarcane
69,77,104,4.8,38.48,0.66,0.35,22.57,35.22,2074.65,10.21,3.73,703,207.02,Rice
22,29,34,5.31,42.83,1.15,1.45,18.62,33.89,712.28,6.13,18.7,2033,125.11,Rice
126,18,75,7.13,15.78,0.92,0.6,17.05,80.61,477.77,8.92,8.09,1489,325.79,Wheat
132,89,19,6.27,33.8,1.07,0.85,13.95,54.52,1098.84,11.2,2.71,998,204.81,Wheat
113,35,83,5.66,27.85,0.41,1.57,11.1,33.24,1915.06,4.31,16.72,517,303.59,Sugarcane
137,34,35,6.17,58.67,1.22,2.92,11.59,69.78,1523.78,7.1,12.65,334,274.48,Wheat
100,77,14,6.28,12.48,0.62,2.08,18.13,71,1130.13,5.08,12.25,1047,172.5,Wheat
128,50,95,8.14,24.91,1.01,0.91,18.35,43.65,2672.26,11.27,3.52,758,251.73,Wheat
70,68,77,4.91,57.09,0.35,1.21,21.45,54.64,1511.96,6.88,15.39,617,85.57,Rice
54,54,107,5.62,59.17,0.62,1.28,27.75,64.41,1474.13,5.71,4.87,2284,336.46,Barley
65,50,80,6.65,51.25,1.04,0.55,32.78,65.78,288.64,9.41,1.8,1167,235.72,Millet
88,47,59,7.29,13.8,0.56,0.57,15.93,60.67,1990.16,8.35,4.06,950,83.95,Wheat
112,28,26,7.02,38.07,1.34,0.53,32.78,51.85,1486.17,10.54,14.31,2120,297.91,Sugarcane
83,23,20,8.27,30.01,1.06,1.61,14.17,34.13,606.22,10.02,16.03,453,288.67,Wheat
68,30,62,7.68,50.32,1.33,2.06,39.66,31.34,882.47,11.8,5.69,1613,169.72,Barley
93,24,59,6.73,12.75,0.71,1.81,18.55,57.57,766.62,4.72,6.99,1930,93.03,Wheat
24,12,17,5.36,19.86,0.24,2.94,35.12,42.18,541.88,4.64,4.09,1563,164.12,Millet
119,46,101,6.3,34.46,0.95,0.47,15.71,86.31,1419.52,11.26,9.6,2054,233.39,Wheat
89,55,117,7.27,17.88,0.64,2.96,38.52,68.43,1217.2,11.65,5.18,668,309.75,Rice
109,25,106,7.85,44.64,0.78,1.45,34.8,65.13,1208.34,7.25,19.7,572,127.54,Sugarcane
23,23,71,8.34,51.04,1.09,0.73,20.78,54.39,904.28,7.65,15.57,2113,166.83,Wheat
145,18,98,6.92,45.23,1.11,2.84,22.64,49.77,1421.99,6.95,12.35,499,336.7,Sugarcane
58,16,94,6.61,32.01,0.24,1.46,10.12,40.79,1733.06,10.22,14.71,1938,287.94,Wheat
148,23,85,4.57,53.92,1.2,1.11,17.54,33.61,1912.2,10.17,4.17,2475,206.42,Sugarcane
43,15,99,4.79,16.88,0.84,0.72,18.68,68.07,815.51,5.76,15.13,567,171.91,Tomato
76,24,38,5.12,23.02,0.92,0.88,23.58,76.75,2237.96,7.07,7.58,2155,253.38,Rice
119,61,111,4.72,34.48,0.59,2.94,14.17,81.47,275.68,5.7,9.92,2032,299.72,Barley
89,81,108,6.1,13.07,0.75,0.98,24.36,73.46,2301.23,4.37,17.82,2046,85.5,Rice
60,43,110,5.85,14.78,1.12,2.94,30.05,83.82,992.31,4.45,18.94,2249,328.47,Barley
79,10,119,7.05,29.87,1.21,1.06,21.14,88.97,1236,5.17,15.6,1457,105.37,Wheat
127,78,53,6.64,57.19,0.7,0.77,16.97,87.7,1825.99,4.24,15.58,1634,263.3,Wheat
76,29,118,6.88,55.42,1.1,0.63,26.43,65.53,1909.26,7.39,15.15,1616,91.65,Rice
50,89,54,6.39,33.3,0.54,1.29,10.87,43.45,1379.23,4.51,12.9,1505,82.23,Wheat
103,16,38,5.61,17.11,1.28,0.79,20.23,36.38,2826.12,10.78,4.72,2145,103.63,Rice
55,16,97,8.31,18.91,0.99,2.12,25.83,89.64,2603.31,9.7,12.18,356,60.79,Rice
127,59,68,4.85,28.88,1.21,0.8,20.08,48.5,830.1,10.27,2.08,1272,329.07,Potato
125,11,24,8.26,20.5,0.82,2.52,20.36,32.04,1848.95,8.94,1.58,695,85.57,Rice
105,56,79,5.74,14.15,0.5,2.52,35.45,53.46,2218.76,9.31,16.92,324,287.27,Rice
154,23,105,6.55,43.69,0.76,0.93,38.02,74.89,807.44,4.91,11.27,116,270.79,Sugarcane
33,40,53,4.94,39.07,0.7,2.29,34.82,83.45,251.66,4.47,1.31,1551,253.26,Millet
139,59,107,4.78,24.56,0.63,2.59,12.97,58.65,2931.69,11.91,6.18,1351,329.21,Sugarcane
157,70,45,6.22,48.95,0.48,1.81,18.69,47.64,2883.38,6.98,13.98,1726,342.58,Wheat
99,50,93,7.47,48.8,1.19,1.16,31.34,76.7,1096.97,4.41,18.85,107,67.66,Rice
125,23,66,5.58,34.55,0.31,1.38,39.23,60.23,869.52,5.28,17.04,1544,318.4,Wheat
89,14,73,6.75,14.83,1.35,2.38,17.27,35.16,632.92,10.99,9.46,1075,51.29,Wheat
63,84,85,5.61,55.92,0.43,0.95,36.95,83.26,2124.01,5.65,6.43,1473,259.31,Rice
92,14,108,6.05,43.43,1.47,1.07,32.17,69.35,2314.82,7.74,6.89,1750,173.92,Rice
64,73,47,8.13,22.35,1.49,0.57,39.5,32.21,1377.13,9.34,14.94,519,62.09,Barley
126,38,26,7.92,40.52,0.72,1.26,12.81,30.54,879.87,11.73,16.28,925,198.96,Wheat
103,84,36,6.56,30.25,1.48,0.35,21.84,35.26,1456.43,4.11,7.94,881,166.95,Sugarcane
101,14,26,5.45,41.77,1.33,1.03,24.34,79.32,1645.81,7.9,12.83,915,137.69,Rice
126,45,72,5.27,33.69,0.31,1.18,30.16,58.88,1721.53,11.97,15.17,2214,119.34,Rice
40,88,20,8.32,34.27,1.43,0.84,29.62,50.12,1441.43,4.97,17.07,735,271.59,Barley
26,28,73,5.31,46.79,0.26,0.39,37.19,44.96,210.45,4.99,13.18,1200,122.93,Millet
89,73,48,7.73,40.69,0.44,1.61,35.16,60.41,1520.98,4.7,17.42,1240,155.58,Rice
146,31,11,5.98,14,0.96,2.61,11.66,34.98,1172.36,8.06,6.35,737,281.6,Sugarcane
139,43,75,8.44,13.27,0.3,1.07,24.6,67.03,1758.37,6.79,14.28,948,210.16,Rice
147,65,63,5.97,25.25,0.41,0.79,22.21,52.83,394.26,9.73,8.64,717,308.22,Cotton
76,26,38,5.91,31.51,1.44,0.93,39.91,81.51,2661.73,8.57,18.64,1379,290.69,Rice
77,85,54,7.05,23.76,1.49,2.6,22.82,75.27,2651.23,8.65,5.16,1247,69.51,Rice
40,65,97,8.35,42.57,1.24,1.63,30.48,31.1,1779.52,8.09,15.96,1893,231.78,Rice
101,26,97,8.4,19.76,0.87,0.48,18.53,39.99,2263.94,11.94,18.7,1420,109.24,Wheat
88,83,89,7.33,45.21,1.37,2.16,28.44,58.44,1426.13,8.31,13.97,96,97.68,Sugarcane
150,27,40,7.52,48.66,0.35,0.55,16.2,69.52,1852.84,4.58,15.99,552,189.36,Wheat
106,54,58,6.75,16.22,1.43,0.27,28.11,72.91,1929.49,6.58,17.84,767,274.91,Rice
68,87,116,7.52,42.54,0.66,0.84,36.05,78.97,1190.89,10.25,6.88,868,319.18,Wheat
134,65,18,7.94,58.07,1.32,0.59,10.58,32.95,2890.44,9.03,3.37,1841,299.96,Wheat
108,89,36,6.44,19.64,1.07,1.85,25.14,31.11,1887.29,9.47,18.79,1551,344.64,Rice
104,59,65,6.98,55.47,1.45,1.51,39.47,66.03,2973.49,11.37,1.71,1022,89.09,Rice
147,67,114,6.65,40.3,1.32,2.2,14.78,73.43,1410.64,7.55,10.21,1340,152.05,Wheat
159,27,87,6.75,39.55,1.35,1.58,15.5,77.2,290.5,4.16,7.13,2221,99.84,Wheat
136,89,54,8.06,12.6,1.02,1.32,24.12,39.34,1046.82,11.92,11.54,2459,172.74,Sugarcane
146,16,98,5.92,47.42,1.28,1.63,36.13,88.12,2022.21,7.64,19.8,1668,235.56,Rice
90,85,52,5.33,33.91,1.18,1.36,26.88,43.77,2748.96,4.78,1.87,71,332.18,Rice
105,19,117,6.33,46.06,0.41,0.21,25.26,45.02,1922.46,8.39,15.62,759,55.04,Rice
52,78,31,5.33,50.46,1.04,2.07,12.6,39.26,1520.94,8.72,1.47,124,314.41,Potato
100,12,108,6.49,36.19,0.39,2.89,38.86,32.59,426.08,8.51,5.96,1457,308.18,Millet
80,53,42,8.11,23.18,1.33,1.32,20.41,78.58,605.32,11.72,14.41,1898,210.37,Wheat
80,79,36,6.97,17.08,0.29,1.33,17.55,30.34,349.71,6.56,6.22,80,141.54,Wheat
117,23,49,7.92,18.03,1.48,0.23,22.35,57.83,2191.31,4.28,12.6,104,136.14,Rice
47,13,35,5.16,53.35,0.72,2.68,22.43,35.52,2527.06,11.36,19.37,1640,305.68,Rice
62,27,92,8.1,16.18,0.42,2.79,23.76,32.69,660.43,5.53,17.62,1877,177.22,Potato
105,61,54,6.91,29.23,1.42,2.46,30.66,86.08,1110.65,10,16.89,1945,253.04,Sugarcane
36,47,112,4.63,26.71,0.26,0.41,36.04,79.52,1541.5,5.63,4.68,60,344.69,Rice
117,89,54,7.03,53.27,0.81,2.71,11.72,53.69,599.8,10.63,6.16,1598,254.84,Wheat
117,29,35,8.31,33.88,1.2,0.17,24.72,57.52,1365.34,11.25,15.96,905,148.33,Sugarcane
84,53,79,4.82,59.82,0.61,1.39,22.42,82.09,2907.13,4.84,14.88,207,312.48,Rice
93,60,76,6.83,46.85,0.89,1.55,10.33,77.81,2213.61,5.18,6.54,126,319.62,Wheat
104,28,15,8.16,52.55,1.11,2.52,34.49,71.5,667.41,11.4,9.15,1136,278.9,Millet
24,77,37,4.54,14.93,1.44,2.28,13.13,62.19,476.68,10.17,13.32,904,336.82,Cotton
21,75,76,7.02,22.66,0.33,2.41,13.44,66.47,1446.42,4.31,10.99,1821,295.02,Wheat
41,22,22,6.4,16.77,0.4,2.62,11.45,53.6,2966.26,5.46,9.67,805,120.2,Wheat
131,71,72,5.89,33.18,0.86,1.48,16.01,61.69,2421.19,7.3,2.9,1877,314.05,Sugarcane
76,70,22,7.01,45.91,0.74,2.36,15.3,62.38,1020.75,10.91,9.26,2114,134.72,Wheat
85,39,86,4.71,18.45,0.73,0.3,20.44,81.89,273.59,5.21,19.85,1617,338.5,Cotton
93,39,10,7.51,16.51,0.59,1.39,29.78,43.12,1351.61,9.79,7.5,1749,222.37,Maize
117,60,49,4.52,40.73,0.93,0.19,11.63,44.8,649.5,4.67,14.19,1464,280.23,Barley
131,57,46,5.73,21.52,1.35,2.75,35.81,42.66,704.79,7.74,10.61,2158,304.31,Millet
144,42,40,6.52,33.97,0.41,2.88,19.8,64.75,654.43,9.83,16.1,927,334.25,Wheat
105,83,26,6.01,12.56,0.48,0.34,28.2,71.71,2214.9,4.52,15.22,227,55.31,Rice
95,28,18,5.73,44.03,1.07,1.64,10.36,44.31,300.36,5.63,18.94,2295,110.6,Cotton
107,80,118,7.82,37.07,0.27,1.04,20.97,70.62,1781.25,10.33,13.36,1092,107.14,Rice
57,66,73,8.24,42.37,1.08,1.09,10.06,67.69,2307.06,5.31,19.01,64,96.35,Wheat
78,28,66,7.99,23.77,0.61,1.41,14.96,49.26,637.95,9.34,1.79,55,324.81,Wheat
157,88,22,6.59,23.93,0.67,0.46,23.44,43.79,2700.21,9.14,8.73,1711,172.34,Rice
118,50,46,8.04,50.07,0.73,0.62,26.05,82.91,418.78,8.16,13.83,1157,133.89,Millet
82,51,23,8.18,45.93,0.65,1.77,14.59,64.18,2111.58,5.61,10.13,2006,57.6,Wheat
68,61,84,6.14,38.99,1.29,0.15,32.36,72.23,681.5,7.34,18.71,430,186.8,Millet
51,13,34,5.63,41.41,1.43,1.84,15.67,85.52,2456.89,8.97,3.67,1072,239.78,Wheat
154,13,104,4.89,14.7,0.91,1.02,13.48,42.32,1799.91,11.05,10.12,8,247.24,Sugarcane
40,14,87,6.42,52.81,0.96,2.51,20,51.03,1849.78,10.38,17.27,1997,177.05,Rice
39,50,66,8.29,48.5,0.29,1.84,26.54,56.07,1168.86,8.86,15.39,571,310.86,Wheat
146,70,80,6.74,39.52,1.13,2.15,39.67,43.97,993.14,5.83,16.03,879,256.58,Potato
87,84,97,7.17,55.93,0.96,0.43,22.56,80.43,1497.3,5.73,9.79,985,60.44,Rice
129,64,109,4.95,18.43,0.27,0.87,22.78,35,2321.6,10.51,7.43,2128,178.78,Rice
135,84,51,5.07,44.33,0.46,2.99,11.78,44.35,671.02,9.32,10.62,1189,271.85,Wheat
139,22,51,6.36,58.15,0.46,1.36,32.97,41.46,2485.55,6.86,4.82,2084,345.05,Rice
98,23,56,8.31,25.5,0.42,1.14,15.45,87.2,1543.55,11.77,13.19,1001,63.25,Wheat
135,69,53,5.94,10.76,1.06,2.63,32.34,67.64,1466.2,11.12,15.94,1094,111.84,Sugarcane
111,81,50,8.01,46.74,1.41,0.2,37.32,72.97,246.48,9.37,2.36,2075,72.98,Millet
33,34,12,4.98,10.35,1.19,1.65,33.05,36.51,547.75,6.95,12.38,355,153.19,Millet
144,53,117,6.97,53.63,0.82,0.71,29.27,41.64,1409.52,6.47,11.93,1410,322.83,Sugarcane
77,19,99,6.9,12.82,0.73,1.17,28.12,78.59,2947.64,11.52,6.02,801,203.42,Rice
47,80,99,7.94,42.64,0.7,0.68,23.61,64.06,900.42,7.55,19.91,836,329.11,Rice
45,59,10,4.51,28.86,0.98,0.21,14.34,32.71,228.72,10.4,10.5,2013,105.48,Rice
132,53,88,5.26,20.17,0.67,1.31,33.37,63.94,1420.37,11.52,17.87,71,311.89,Sugarcane
85,23,20,5.38,54.91,0.49,2.39,24.32,58.52,244.67,7.94,4.62,973,81.12,Potato
150,24,110,8.3,47.31,0.98,2.86,28.77,39.22,1141.42,9.22,15.23,782,228.48,Sugarcane
63,25,16,5.11,27.02,0.71,1.91,21.22,65.58,1191.36,4.69,2.51,326,145.28,Sugarcane
116,11,21,4.65,24.21,0.22,1.23,16.02,40.43,206.59,9.22,2.29,1524,304.78,Pulses
61,39,47,6.64,46.8,0.23,2.33,34.2,78.69,2382.79,5.72,4.65,2017,134.66,Rice
25,39,63,6.61,51.83,0.56,1.57,20.27,67.11,2755.98,9.36,15.01,350,303.75,Rice
42,40,76,7.88,45.79,0.87,1.17,36,82.28,2996.53,4.81,19.94,2159,146.47,Rice
108,86,115,8.3,42,0.66,0.62,38.97,55.48,1624.59,7.96,16.41,548,82.09,Rice
142,29,62,6.65,21.4,0.23,2.41,34.9,60.72,1058.53,8.17,9.07,1750,313.08,Sugarcane
70,58,99,8.22,52.64,0.49,1.55,13.84,75.64,2208.93,7.87,13.23,1699,81.43,Wheat
30,44,103,7.4,47.48,0.33,2.9,35.65,62.78,2262.1,10.05,10.02,862,239.11,Rice
31,32,41,5.56,35.86,1.43,2.43,25.58,64.32,1261.73,10.04,5.7,787,203.07,Pulses
93,70,109,8.21,35.58,0.61,1.32,17.24,63.2,1783.64,9.65,12.7,1171,281.07,Wheat
27,64,54,7.17,38.46,0.22,2.25,12.79,59.48,2500.96,9.05,11.06,390,257.81,Wheat
60,76,60,6.16,51.41,1.06,1.41,18.36,78.34,729.69,11.24,11.22,1290,248.73,Wheat
104,17,46,7.22,47.11,0.5,0.33,14.12,59.11,257.32,8.61,2.2,2337,174.31,Wheat
91,49,68,6.11,52.81,0.94,1.6,10.77,84.05,1711.15,6.79,3.3,2496,247.07,Wheat
74,68,63,4.96,35.36,0.4,2.61,39.63,78.52,2060.3,4.47,10.49,613,164.57,Rice
156,41,27,7.38,41.23,1.48,2.58,34.95,71.55,1809.92,8.29,7.82,746,186.41,Rice
66,16,10,7.8,52.73,1.46,1.77,32.17,83.92,1869.48,5.82,9.08,1513,94.36,Rice
123,11,30,7.42,21.62,1.05,1.2,15.79,62.23,1300.66,7.1,8.41,1427,100.43,Wheat
61,15,37,5.42,32.2,1.12,0.13,10.83,79.31,2024.19,4.4,14.52,1127,341.15,Cotton
79,45,25,8.33,41.03,0.75,1,24.56,44.51,319.87,9.13,4.39,2442,300.81,Barley
31,41,57,4.6,55.76,1.45,2.97,32.25,34.38,623.32,11.09,18.9,225,295.26,Millet
149,54,37,5.83,10.79,0.75,2.21,38.89,71.1,1445.46,6.6,9.94,613,67.9,Sugarcane
26,51,31,5.54,20.63,0.51,2.18,35.32,48.1,2840.37,10.44,7.47,1813,154.07,Rice
99,62,92,4.69,21.72,0.35,2.31,36.81,68.08,2004.58,5.01,1.4,2420,95.37,Rice
150,18,10,6.12,26.33,0.47,1.9,17.16,34.64,1194.78,9.79,7.75,1037,183.94,Wheat
128,84,104,6.99,24.09,0.94,1.8,14.66,87.34,1482.29,4.64,12.89,313,265.8,Wheat
22,84,51,8.03,39.51,0.52,1.42,17.43,60.91,2567.78,6.07,16.15,852,183.58,Wheat
46,58,107,8.46,54.28,1.05,1.39,14.16,30.57,1718.92,6.88,14.91,942,309.89,Wheat
133,11,119,7.73,41.85,0.7,2.63,33.95,58.56,334.03,5.25,11.89,971,221.98,Millet
126,76,113,6.37,22.08,1.35,1.24,37.09,77.38,1367.22,5.48,9.29,954,164.61,Sugarcane
59,20,79,7.39,53.19,0.93,2.54,19.22,81.91,1286.48,9.59,10.98,1760,136.46,Wheat
148,59,101,7.87,41.6,1.01,2.53,36.31,57.68,2719.69,4.77,19.27,1931,205.69,Rice
27,44,12,6.36,20.95,0.92,2.34,11.65,37.56,1055.15,11.47,19.36,1162,303.31,Wheat
120,24,104,7.64,28.08,1.35,0.21,30.32,84.37,381.14,10.15,16.26,1614,314.53,Millet
143,84,89,6.43,49.5,0.28,0.53,25.82,88.87,1193.5,6.85,4.17,2148,67.4,Sugarcane
126,40,90,6.05,46.95,0.29,1.01,18.3,33.79,322.91,9.03,18.75,1941,152.23,Wheat
120,71,53,6.6,38.83,1.11,2.56,33.05,34.68,2530.42,9.76,13.31,1694,215.67,Rice
23,37,36,7.2,17.24,1.2,2.63,16.36,63.94,1852.58,8.76,10.08,1538,278.79,Wheat
129,34,60,7.41,50.16,0.76,0.22,22.48,62.03,1514.25,8.95,11.67,1860,110.78,Rice
38,34,33,5.93,25.38,0.66,1.04,31.3,65.32,1207.57,11.33,10.05,1184,227.46,Tomato
51,84,29,6.79,48.58,0.56,2.57,20.15,49.03,1369.44,11.05,10.09,1994,164.81,Cotton
156,10,41,8.14,42.38,0.5,0.82,35.66,33.02,2405.95,11.31,9.19,915,144.2,Rice
31,68,108,8.41,23.21,1.39,2.93,35.96,64.82,704.04,11.08,18.02,1359,239.29,Millet
158,78,22,5.41,20.62,0.58,1.52,16.08,39.09,400.03,9.48,9.66,72,79.32,Cotton
65,83,52,5.27,16.55,1.04,2.82,23.21,50.48,1772.83,7.93,5.18,2116,102.83,Rice
138,51,29,7.21,22.1,1.22,1.34,22.96,64.95,2604.94,7.9,5.35,81,138.64,Rice
35,43,11,6.16,17.89,0.23,1.04,22.3,42.51,1774.26,10.17,3.5,1912,155.08,Rice
148,75,77,4.6,40.85,0.24,1.15,25.06,62.55,2429.23,11.39,11.53,219,151.17,Rice
82,27,100,5.89,39.94,0.63,2.66,12.23,72.88,2699.73,4.7,7.17,82,320.85,Sugarcane
128,86,69,7.73,39.31,1.1,1.06,36.1,33.95,415.29,11.01,11.97,908,214.45,Millet
138,14,98,7.69,42.09,0.54,2.04,18.7,67.17,1849.7,10.8,18.69,1617,250.65,Wheat
40,29,13,6.48,50.74,0.2,1.46,10.05,60.57,2531.72,4.7,19.16,2001,342.52,Wheat
32,75,105,6.39,55.68,0.57,2.83,30.55,35.85,2001.91,9.25,6.81,908,280.1,Rice
23,84,26,6.82,21.52,0.32,0.56,29.51,72.38,1856.31,11.78,5.18,1162,158.85,Rice
121,71,10,5.38,39.39,0.49,1.34,39.49,48.65,2406.61,10.81,2.05,644,169.8,Rice
78,41,42,6.6,13.92,0.63,0.46,31.58,40.94,2180.34,4.5,6.18,1170,167.19,Rice
147,67,39,4.54,16.01,0.37,1.78,19.98,46.95,1604.54,11.4,10.62,340,159.72,Sugarcane
46,59,14,6.4,42.72,1.12,1.27,38.58,62.77,323.29,5.38,12.45,701,196.51,Millet
88,47,21,5.84,34.33,0.53,0.28,20.96,64.8,1917.34,4.58,2.87,74,78.32,Rice
44,64,111,7.2,47.92,1.06,2.56,34.64,40.18,796.89,5.82,5.66,2210,119.58,Millet
150,37,41,7.05,31.28,0.98,1.19,20.07,86.2,911.44,7.87,1.8,132,184.92,Maize
116,83,47,6.02,16.38,1.37,1.53,11.46,49.74,2102.72,10.52,15.75,2264,258.21,Wheat
44,31,26,4.53,53.6,0.31,1.28,32.01,46.1,1468.67,6.14,6.13,1109,112.45,Barley
145,52,67,5.51,14.14,0.48,1.52,20.51,41.2,2206.98,7.12,11.81,1413,120.43,Rice
152,45,118,7.03,19.45,1.32,0.15,20.17,37.23,1299.16,5.13,9.74,487,165.09,Sugarcane
28,61,49,4.79,23.85,1.27,2.46,31.48,88.92,2636.09,6.33,10.07,0,215.18,Rice
135,45,105,4.93,59.76,0.45,1.06,19.66,70.48,1395.79,11.22,13.65,429,282.43,Sugarcane
153,37,33,7.09,30.84,0.34,2.2,13.54,77.22,1582.71,9.45,8.8,2316,235.82,Wheat
79,87,21,7.52,35.09,1.31,0.29,22.14,54.09,553.56,9.39,5.75,1462,68.28,Barley
140,67,104,5.79,48.48,0.43,1.62,34.72,54.88,1609.98,6,8.78,1109,79.86,Rice
158,45,28,6.46,41.82,1.33,2.74,13.91,89.21,871.44,5.17,16.65,93,133.28,Wheat
127,79,38,8.28,52.07,1.45,1.25,26.63,42.04,2336.35,11.1,11.68,770,172.01,Rice
127,18,94,8.28,34.32,0.49,0.67,13.97,49.62,2199.32,11.55,19.56,2396,213.55,Wheat
150,30,99,5.73,58.61,1.29,0.39,11.48,41.71,244.36,4.43,15.92,2313,196.23,Rice
95,73,61,7.74,49.84,0.75,2.59,21.36,46.96,1582.67,8.24,16.69,1927,89.69,Rice
49,85,101,6.88,30.07,1.23,0.79,29.74,69.81,327.1,7.52,15.87,1093,133.8,Millet
40,70,26,8.4,29.06,0.73,2.93,18.25,48.54,1793.99,9.91,9.4,2194,314.18,Wheat
53,49,82,6.41,56.47,0.29,0.82,23.37,82.53,2724.59,6.41,16.27,1562,229.94,Rice
60,65,30,7.6,44.22,1.13,1.49,24.74,32.92,2628.07,8.96,12.99,370,309.16,Rice
70,13,69,7.57,41.07,0.4,1.43,35.24,51.28,882.68,4.66,5.29,1200,170.9,Tomato
101,40,107,6.49,47.89,1.41,0.28,34.57,81.64,592.32,10.58,2.8,2477,229.26,Millet
77,36,84,7.68,38.04,0.74,1.64,10.07,67.28,2414.98,5.91,10.48,1493,63.29,Wheat
94,67,29,5.54,17.96,0.31,2.05,22.42,76.26,1729.31,6.51,12.08,1702,184.07,Rice
42,34,62,4.99,25.96,0.5,2.25,29.68,49.42,1386.72,7.03,7.64,307,314.45,Potato
147,78,112,6.2,37.9,1.32,1.62,35.57,52.16,2469.39,5.65,12.96,1081,108.6,Rice
36,79,89,8.27,10.91,0.62,2.46,11.47,83.29,907.03,10.47,3.86,1150,105.97,Wheat
88,14,72,6.5,31.87,1.31,2.28,28.85,74.97,828.9,4.55,16.32,924,297.81,Barley
127,17,66,7.04,47.79,0.42,0.66,35.26,53.06,1913.41,11.47,8.61,1576,194.39,Rice
158,18,38,7,18.21,0.81,1.26,17.65,42.92,963.24,11.44,14.79,1878,78.07,Wheat
113,24,10,5.03,13.23,1.34,0.51,16.16,36.38,1395.01,10.62,17.21,25,277.86,Sugarcane
34,16,91,6.06,51.8,0.26,0.49,24.04,81.71,1473.48,11.62,5.54,1179,190.11,Barley
110,81,68,7.33,40.86,0.6,2.17,38.88,71.86,774.07,10.09,11.36,2122,286.08,Millet
52,24,73,8.39,18.83,1.38,1.64,30.79,66.44,372.72,8.5,3.37,714,155.06,Millet
144,46,95,5.17,50.32,0.98,1.84,22.73,76.6,2346.7,9.77,1.81,2421,323.9,Rice
35,48,81,6.14,42.91,1.13,2.22,10.63,84.9,2394.04,4.03,1.76,497,277.77,Wheat
85,15,80,4.88,26.71,1.29,0.9,26.7,75.7,1875.43,9.48,19.05,716,192.88,Rice
66,66,98,5.47,28.81,0.88,1.26,20.46,55.24,616.11,4.34,1.85,2346,341.59,Wheat
143,28,103,6.01,17.79,1.3,1.86,15.57,40.59,1533.4,11.1,12.46,655,188.23,Wheat
20,72,107,6.66,51.76,1.03,0.38,25,72.83,698.12,11.17,2.09,815,306.67,Potato
106,40,53,5.42,35.45,1.09,2.52,20.24,44.8,2667.57,4.91,14.58,1440,134.96,Rice
147,84,57,5.41,37.85,0.4,1.1,11.16,76.96,2152.41,9.44,10.3,754,297.02,Sugarcane
86,88,114,7.61,54.17,1.42,2.01,31.77,50.32,287.85,9.35,4.96,1268,232.95,Millet
23,19,84,8.35,10.79,1.23,2.99,31.98,39.41,204.66,7.98,12.46,1425,238.52,Millet
66,76,24,5.79,13.35,0.53,1.48,28.56,45.28,2954.53,4.2,7.35,2291,152.13,Rice
57,71,44,7.25,18.08,0.95,0.72,35.22,46,311.57,4.91,3.88,1694,199.47,Millet
40,12,32,5.53,11.5,0.69,0.73,16.1,52.73,2624.41,9.27,15.06,394,147.37,Potato
76,27,62,8.21,42.91,1.06,0.28,18.59,45.44,2876.28,8.24,8.25,710,195.74,Wheat
136,34,54,7.19,41.69,1.49,2.32,23.76,43.53,1062.69,4.37,9.91,2302,183.72,Sugarcane
65,29,94,7.71,20.54,0.26,0.95,11.81,53.5,1712.38,8.14,1.73,1042,340.72,Wheat
58,67,101,4.7,17.47,1.44,0.6,36.51,82.09,2012.74,10.79,11.71,848,74.11,Rice
156,59,22,6.89,17.28,0.29,2.17,24.72,34.23,1657.2,11.12,10.76,2073,308.79,Rice
118,88,43,6.61,57.66,0.8,1,19.74,47.77,797.81,9.58,15.22,746,78.48,Wheat
96,19,47,5.67,44.68,0.83,1.84,24.34,63.74,1827.46,9.3,10.08,789,184.28,Rice
134,30,79,5.55,39.27,0.55,1.31,19.75,82.47,924.28,10.15,17.04,865,105.86,Millet
153,38,117,6.82,26.12,0.94,1.07,18.59,47.05,662.06,5.07,7.61,997,255.51,Wheat
110,19,77,7.33,31.65,1.28,1.52,23.44,50.92,1615.47,5.52,15.2,1589,236.03,Rice
117,22,14,4.63,14.47,0.58,1.01,24.46,77.88,1241.6,7.89,5.59,1530,122.47,Sugarcane
139,56,49,6.77,59.91,0.29,2.62,23,52.35,276.75,7.61,17.4,55,184.41,Maize
65,32,79,5.18,47.75,1.02,0.31,26.44,81.09,2859.1,5.47,7.69,386,164.19,Rice
57,59,30,5.06,41.07,1.18,0.19,33.5,57.32,310.76,9.43,14.99,217,167.19,Millet
119,13,37,6.99,39.39,1.44,1.28,11.72,64.15,2728.28,9.93,16.28,431,74.25,Wheat
91,76,12,5.74,35.22,0.41,0.6,34.35,63.65,731.26,6.17,4.12,1972,116.67,Millet
54,62,32,6.26,22.87,1.37,2.26,16.86,37.16,597.21,6.5,16.22,1493,140.35,Wheat
49,11,81,5.94,21.32,0.83,1.12,17.56,51.3,393.66,6.06,6.5,1541,151.95,Wheat
97,77,28,7.09,37.48,0.51,0.86,27.98,44.5,1391.97,6.23,12.31,1512,146.82,Tomato
103,74,84,6.38,13.51,1.45,1.14,39.27,70.98,1843.21,6.92,10.91,927,325.13,Rice
132,88,59,8.35,13.72,0.51,0.74,10.52,86.02,2730.46,7.53,12.13,1189,51.11,Wheat
44,66,83,5.91,38.04,1.15,0.97,30.19,42.75,2394.5,7.87,15.98,132,131.47,Rice
107,79,67,7.46,55.99,1.22,1.75,30.91,35.48,646.95,7.88,16.79,849,178,Millet
33,16,101,5.53,55.71,0.76,2.61,27.21,60.4,669.63,8.94,5.76,802,226.17,Millet
121,28,29,6.54,10.54,1.1,1.18,10.29,53.45,222.85,6.75,4.6,102,348.95,Wheat
102,53,117,6.71,15.37,0.94,1.03,28.19,32.14,2125.9,8.03,2.59,1587,174.1,Rice
129,72,101,5.82,39.15,0.45,2.37,13.45,85.3,248.94,8.05,14.41,83,72.55,Potato
150,74,102,6.39,52.42,1.19,0.17,12.34,86.41,587.94,4.77,10.05,1679,162.27,Wheat
38,48,81,5.62,57.72,1.41,0.98,30.88,81.02,1976.74,9.03,3.84,13,281.64,Rice
47,35,92,4.52,53.03,0.84,1.41,31.01,46.83,620.75,6.23,10.18,1799,287.16,Millet
90,53,62,5.36,43.88,1.49,1.84,36.7,37.35,629.01,4.38,19.71,635,299.81,Millet
82,21,94,7.3,20.03,0.76,0.55,10.1,65.55,855.21,9.18,11.6,2162,205.9,Wheat
92,31,91,7.58,13.63,0.82,1.36,21.36,46.89,1278.73,4.39,17.57,1345,219.91,Wheat
143,86,18,5.62,12.38,1.08,1.74,10.37,42.1,222.03,7.54,2.68,1600,133.15,Cotton
138,23,13,6.13,40.6,0.44,1.58,20.94,68.48,2288.97,8.97,18.14,1870,160.18,Rice
140,39,50,4.65,11.81,1.37,1.77,24.75,75.02,2366.71,11.99,11.6,1137,164.61,Rice
38,53,34,5.45,46.96,1.24,2.02,25.89,61.64,1226.88,8.12,11.26,1948,211.9,Maize
139,47,43,7.62,45.62,1.33,1.2,20.68,49.2,2434.75,6.55,3.62,903,304.36,Rice
80,68,82,6.92,13.98,0.99,0.28,31.76,60.75,997.36,7.94,9.68,2155,66.39,Cotton
49,51,18,5.32,55.33,1.35,0.26,22.47,65.98,2959.94,5.57,10.21,417,327.37,Rice
28,61,91,5.53,36.1,1.08,2.59,25.51,33.11,1313.65,7.5,3.66,1335,312.71,Barley
83,72,84,7.77,55.22,0.87,2.06,34,56.63,2072.69,10.98,7.38,2073,209.22,Rice
139,70,22,5.34,55.08,1.41,2.32,15.23,65.9,1102.85,5.09,17.7,317,251.93,Sugarcane
71,43,111,5.84,19.85,0.77,2.79,19.63,37.77,1462.33,8.24,1.63,145,293.91,Potato
108,48,18,7.16,29.03,0.85,2.28,25.64,56.93,2006.24,8.97,10.95,263,288.89,Rice
72,50,89,6.74,16.73,0.42,2.11,33.03,50.8,1173.07,6.5,15.85,2296,233.48,Potato
97,46,13,6.34,48.75,1.43,2,22.76,82.07,2038.46,9.89,19.39,998,337.54,Rice
60,74,43,8.1,35.21,0.49,0.85,12.18,59.36,608.84,9.31,13.5,106,305.43,Wheat
87,88,16,5.38,56.44,0.46,2.88,39.66,55.58,1554.51,7.71,1.77,1895,58.26,Rice
27,41,24,7.47,20.41,0.33,1.67,31.24,44.63,964.01,9.12,14.66,1919,218.41,Cotton
21,17,47,5.14,44.42,0.79,0.74,31.68,87.45,2776.08,10.72,14.85,937,60.58,Rice
124,27,84,6.96,59.46,0.56,0.71,23.95,87.67,2509.17,8.8,11.21,1631,170.95,Rice
144,54,105,7.98,43.27,1.16,2.46,26.41,52.01,1564.77,8.55,8.18,1097,69.74,Rice
129,42,100,6.33,13.44,0.6,0.83,39.82,85.74,1470.5,8.97,9.35,1083,180.02,Sugarcane
105,14,103,7.4,39.42,1.14,0.22,27.85,67.12,2535.17,9.4,18.96,114,142.56,Rice
139,83,61,7.78,18.99,0.45,1.34,16.57,76.86,2133.26,7.23,17.86,370,319.8,Wheat
146,45,90,5.04,11.53,0.5,2.47,38.93,35.39,2113.3,10.69,6.4,557,311.66,Rice
35,32,109,7.32,26.75,1.25,1.3,26.13,31.28,1735.11,11.39,2.41,775,139.62,Rice
81,49,92,8.18,23.31,0.68,2.43,10.62,60.84,2614.61,8.97,15.15,1368,231.9,Wheat
132,14,16,6.81,49.44,0.35,2.5,27.2,34.55,730.6,11.09,11.13,1625,130.24,Millet
31,43,116,5.24,28.68,1.45,2.59,12.11,83.5,2613.28,9.96,13.16,1611,144.54,Cotton
54,33,54,5.01,46.65,0.43,1.81,25.83,79.21,1658.08,7.38,18.93,1532,73.35,Rice
30,26,68,5.54,10.81,0.4,2.13,34.76,72.89,1939.72,7.97,18.91,546,294.98,Rice
83,80,30,4.91,10.74,0.67,0.86,26.17,31.88,2894.78,8.56,16.77,683,60.32,Rice
69,31,37,6.55,11.47,0.32,0.39,21.2,57.5,1388.61,11.51,6.03,535,139.03,Maize
88,24,12,4.78,20.97,0.4,1.65,36.48,34.69,2070.49,9.18,16.23,952,131.76,Rice
67,24,23,5.39,28.7,1.3,0.13,37.83,85.72,1661.96,8.07,17.1,1167,208.76,Rice
39,34,11,6.26,40.39,0.42,1.45,20.42,66.76,2808.5,4.99,1.02,1579,123.99,Rice
120,62,38,6.4,59.3,0.34,0.4,24.97,39.39,1565.41,9.34,8.76,754,159.43,Rice
156,30,27,6.76,27.72,1.34,0.41,39.49,63.64,917.17,8.44,6.95,167,137.29,Rice
87,75,46,7.32,12.78,0.78,2.63,15.34,37.11,1551.65,11.52,17.03,614,90.81,Wheat
54,41,54,4.69,19.75,0.4,1.96,18.94,38.74,2766.92,6.74,3.05,1873,144.39,Wheat
84,30,54,4.82,54.89,0.96,1.97,22.85,34.86,1602,10.36,12.82,1379,275.72,Rice
27,77,33,4.74,44.97,0.25,1.27,13.03,82.3,609.2,6.26,10.67,1036,314.82,Barley
64,53,55,6.19,49.51,0.76,1.3,18.16,62.74,1716.5,5.37,18.58,2401,143.64,Wheat
106,75,21,4.67,16.21,0.97,0.98,26.34,49.67,1285.28,4.1,10.01,2227,102.66,Sugarcane
95,23,62,7.48,16.75,1.44,1.36,16.85,30.04,2019.37,11.16,2.46,757,347.42,Wheat
95,24,54,5.39,15.61,0.62,1.8,30.59,58.32,875.79,7.56,17.9,2169,256.87,Wheat
66,29,41,8.26,52.86,1.19,0.64,20.43,60.77,1102.42,6.25,12.42,2170,280.36,Maize
34,43,27,6.45,20.5,0.37,0.86,12.69,50.19,1646.41,7.23,13.7,1813,123.07,Wheat
124,45,22,6.29,42.16,0.76,1.53,32.94,59.06,531.19,9.69,14.68,252,179.51,Millet
45,18,13,7.62,35.81,0.49,1.22,27.02,36.04,789.42,7.15,16.73,474,247.23,Millet
71,80,32,7.35,37.22,0.84,2.48,34.75,85.32,2443.76,5.81,15.04,2303,119.04,Rice
112,39,71,6.93,19.77,0.74,2.48,20.8,45.5,2829.81,4.7,5.89,817,125.35,Rice
40,86,63,8.24,41.76,1.47,1.07,10.58,86.91,2914.7,8.97,19.2,2079,330.9,Wheat
70,72,83,6.19,12.16,1.39,1.41,11.4,59.57,2824.33,11.78,3.76,644,76.98,Wheat
57,44,64,7.73,59.67,0.96,2.93,33.86,81.4,2837.65,9.08,8.87,781,244.57,Rice
39,22,78,6.02,11.34,0.43,2.5,22.32,64.63,2499.06,11.58,11.12,1968,201.01,Rice
151,88,49,7.85,12.51,0.92,0.73,39.29,80.66,2259.72,11.02,2.02,513,262.5,Rice
74,55,23,5.54,26.23,1.23,0.91,34.91,30.61,849.15,5.25,3.37,1047,128.44,Sugarcane
111,65,107,5.66,51.58,0.25,0.34,10.48,41.19,1436.84,11.03,4.59,2060,51.91,Sugarcane
47,18,37,7.21,22.86,0.76,2.07,36.1,51.23,1314.3,4.01,17.53,394,52.75,Wheat
23,45,81,5.35,33.6,0.26,1.02,16.39,47.77,2244.96,8.08,12.43,232,319.94,Tomato
95,12,89,5.42,10.9,0.52,1.66,24.59,86.8,1531.08,8.18,2.91,274,291.95,Rice
86,28,104,5.72,13.94,0.32,2.33,25.18,53.68,1208.49,9.81,14.92,1707,252.47,Tomato
105,37,80,7.22,40.4,1.45,2.52,11.79,88.33,2479.41,10.05,9.67,1373,90.81,Wheat
110,32,76,8.06,19.72,0.42,1.04,13.77,69.06,2299.74,5.85,4.02,259,219.69,Wheat
124,16,38,7.2,44.71,0.4,0.79,22.69,80.13,1232.69,11.06,11.67,626,140.12,Sugarcane
20,85,109,7.81,49.27,1.46,2.56,29.28,53.63,1374.1,5.43,8.31,1716,107.21,Maize
91,23,70,6.67,52.52,0.87,1.21,17.93,41.4,2700.93,11.69,13.32,2075,122.76,Wheat
106,55,112,4.78,16.69,1.19,2.48,25.79,33.03,2251.5,11.88,19.63,970,116.96,Rice
25,24,77,4.9,32.78,0.63,0.53,21.37,69.38,2131.95,9.57,14.82,1833,243.68,Rice
80,76,18,6.72,57.35,0.89,2.74,28.91,88.31,2192.77,9.19,10.74,560,220.65,Rice
31,24,26,5.81,48.6,0.21,1.5,22.73,37.1,486.45,11.83,12.64,1807,99.55,Cotton
25,60,58,5.38,15.85,0.73,0.59,35.55,76.31,1777.8,5.94,15.7,1561,229.75,Rice
46,17,72,6.37,35.13,0.92,1.65,39.51,51.88,1014.8,9.14,5.37,1627,137.93,Pulses
155,78,93,7.17,56.12,0.87,2.62,37.39,89.61,437.53,7.25,3.57,1144,178.6,Millet
143,71,87,6.04,32,0.73,1.23,15.06,82.2,2246.99,5.34,11.94,926,106.19,Wheat
125,60,55,7.71,51.87,1.22,0.62,23.72,43.85,1052.14,5.02,15.17,2438,148.5,Sugarcane
112,72,102,7.45,34.79,0.85,1.77,23.76,75.95,1068.16,9.6,9.02,655,309.71,Sugarcane
128,77,22,7.44,15.34,1.03,2.52,35.21,74.05,1991.6,5.83,4.68,175,155.94,Rice
118,87,109,8.44,17.39,0.44,0.45,20.72,75.8,2065.54,8.79,13.12,313,293.31,Rice
54,25,54,5.68,12.33,1.32,0.22,26.49,34.97,1527.38,5.9,13.86,755,86.08,Rice
103,33,62,7.08,19.77,0.67,0.26,28.28,78.56,1758.11,7.63,15.98,1498,126.1,Rice
75,15,26,7.92,54.68,0.83,0.77,13.35,45.69,2576.88,9.94,12.14,2159,232.43,Wheat
68,66,56,6.82,42.51,0.66,0.12,26.74,65.43,499.82,8.23,7.95,268,78.68,Millet
65,40,71,7.66,46.94,1.36,1.34,17.41,36.92,382.98,10.97,5.16,1877,174.97,Wheat
132,15,59,6.16,41.08,1.37,2.12,16.2,63.49,2037.49,8.21,1.81,548,275.37,Wheat
155,88,52,6.86,29.33,0.49,2.16,17.51,84.39,1890.67,5.55,8.62,918,89.32,Wheat
62,38,77,4.72,20.84,1.18,1.95,12.98,40.63,720.59,11.18,15.63,2130,51.74,Millet
143,76,93,8.44,56.28,0.33,0.96,12.09,81.3,1661.32,7.34,15.3,51,299.55,Wheat
116,84,84,7.7,35.74,0.24,2.23,29.41,56.13,2287.87,10.94,18.9,1268,90.64,Rice
109,12,115,7.98,34.05,1.29,1.77,38.23,49.34,2248.78,5.86,1.34,651,235.69,Rice
58,37,95,7.28,59.81,0.37,2.6,30.64,33.43,1868.02,9.09,4.36,2247,238.16,Rice
104,83,118,5.24,29.2,0.4,1.49,19.36,61.71,565.25,5.32,13.56,1290,302.33,Barley
81,57,81,4.62,52.71,0.99,0.62,20.05,42,1051.22,4.64,11.29,284,186.15,Wheat
125,89,37,7.96,53.12,1.26,1.94,26.24,86.41,1336.19,11.99,14.64,846,157.92,Sugarcane
126,19,54,6.09,21.63,0.45,0.54,35.99,44.29,2407.11,4.08,8.39,124,342.09,Rice
73,42,50,5.56,14.74,0.35,2.89,16.07,65.21,1722.67,8.73,7.7,1600,63.34,Millet
145,76,103,6.75,58.78,0.3,2.14,24.06,63.51,2252.96,4.11,14.28,934,241.92,Rice
28,78,106,6.18,31.29,0.23,2.29,24.97,50.21,2785.83,8.41,8.76,556,260.6,Rice
107,21,106,7.11,10.11,0.35,2.07,37.94,81.12,1946.98,4.8,5.92,2394,82.18,Rice
56,66,45,6.44,34.95,1.43,0.38,26.08,40.99,864.01,10.3,6.73,1453,131.87,Potato
68,53,100,7.29,40.97,0.32,1.45,33.43,79.02,590.83,6.34,5.17,824,98.37,Millet
60,22,93,7.91,48.8,0.98,1.99,12.63,42.45,201.52,6.75,1.21,166,152.17,Wheat
36,33,42,5.28,57.15,1.4,0.77,19.81,32.35,691.76,6.02,14.15,17,336.37,Sugarcane
107,53,34,5.82,55.76,1.02,2.07,28.34,86.63,953.79,4.91,14.96,2445,186.7,Potato
40,66,117,6.25,57.01,0.24,2.48,30.33,68.24,955.38,8,16.04,803,226.03,Wheat
70,25,116,8.35,11.61,0.98,0.9,36.56,67.83,2067.83,7.58,4.41,109,274.49,Rice
78,30,28,5.96,45.59,1.37,0.68,27.71,45.9,620.67,8.32,18.37,412,139.63,Millet
60,85,56,6.02,21.29,0.62,2.66,18.69,38.35,1419.28,9.01,7.29,1891,294.13,Wheat
58,60,94,7.11,19.38,0.61,0.12,26.17,72.36,213.74,4.71,18,1594,348.59,Millet
30,30,115,6.18,50.02,0.52,0.84,31.35,61.12,931.25,7.31,6.17,661,212.53,Potato
158,69,42,8.3,30.86,0.86,1.28,33.53,49.07,314.95,8.74,1.8,893,239.72,Millet
96,60,76,8.08,55.83,0.51,2.05,38.34,49.01,2186.77,6.59,10.84,2389,138.11,Rice
146,30,23,6.55,12.12,1.14,2.99,15.72,83.36,1192.06,5.53,11.08,1169,94.5,Wheat
65,15,88,7.08,50.11,1.04,1.18,29.83,83.38,1544.27,8.85,18.12,785,235.95,Rice
64,82,42,4.73,16.84,0.72,2.85,16.01,46.48,2332.07,9.75,13.73,2228,122.26,Wheat
20,74,51,7.28,18.83,1.14,1.16,19.54,77.65,2616.18,10,16.7,2110,183.5,Wheat
127,85,95,7.33,33.87,0.33,2.12,14.28,43.6,1646.69,6.6,17.21,822,199.59,Wheat
38,67,74,5.94,29.78,1.17,0.58,33.19,78.48,2019.36,4.79,10.27,1921,54.04,Rice
95,87,104,5.38,34.31,0.98,1.44,37.42,37.58,2260.75,11.32,18.26,1292,170.57,Rice
91,15,56,8.16,57,1.02,2.63,10.9,75.49,998.88,9.5,14.75,1294,166.37,Wheat
128,74,44,6.21,42.87,0.28,1.03,34.41,63.34,2180.33,11.59,3.08,307,112.72,Rice
31,43,93,7.11,24.52,1,0.41,17.25,37.06,2030.3,5.16,5.74,1140,59.8,Wheat
64,65,41,4.63,18.65,0.84,1.62,24.61,66.95,1440.58,9.26,2.95,919,93.14,Wheat
109,84,64,6.16,31,0.83,1.37,32.45,41.54,1154.13,5.57,12.09,1474,302.96,Sugarcane
122,12,63,7.77,32.58,0.62,0.77,25.21,41.65,2926.25,10.93,5.24,618,97.46,Rice
27,51,85,6.05,40.06,0.21,2.73,16.94,56.84,2961.69,8.16,18.9,679,282.96,Wheat
110,71,60,6.91,23.3,0.75,1.84,37.18,87.86,2146.3,8.26,17.97,1146,106.65,Rice
106,15,89,5.34,48.38,0.72,1.11,27.81,83.53,1275.65,11.45,16.11,1764,210.37,Sugarcane
103,15,68,6.17,14.92,0.75,2.99,37.94,79.59,2304.3,6.43,17.67,1544,225.63,Rice
101,72,81,8.21,38.02,1,0.5,35.4,81.07,2101.87,8.95,17.01,1038,267.25,Rice
87,29,23,6.77,41.18,0.59,2.56,36.3,59.84,1725.96,5.15,4.33,702,78.61,Rice
146,30,27,8.11,20.34,0.55,0.77,20.85,52.48,569.14,6.91,2.73,166,232.51,Cotton
101,11,64,8.11,51.3,0.85,0.79,39.62,83.04,2850.49,5.56,14.27,2471,245.48,Rice
103,65,103,8.28,40.77,0.97,1.54,35.57,34.85,851.75,5.61,7.5,542,331.92,Millet
132,19,106,8.08,42.29,0.94,2.02,20.13,89.77,1301.12,9.29,12.9,1936,154.71,Sugarcane
95,79,107,4.51,34.89,1.35,2.1,36.89,63.18,1158.77,6.29,13.05,1113,237.13,Potato
141,32,65,8.24,55.48,1.2,0.16,32.66,62.43,630.51,6.01,17.3,1911,286.49,Millet
60,39,117,5.05,44.7,0.27,0.93,31.75,47.52,268.63,10.46,4.07,933,298.7,Millet
21,87,58,4.66,29.09,0.93,2.02,10.19,40.22,2803.45,7.79,17.82,431,140.32,Barley
48,46,107,4.72,21.93,0.74,2.68,10.68,70.82,2270.52,7.04,7.17,1246,150.32,Potato
124,64,69,5.9,13.55,0.67,2.04,30.84,51.7,258,10.52,17.93,2062,286.8,Millet
70,58,62,6.98,18.27,1.45,0.87,18.36,48.15,2125.75,7.91,4.87,1964,224.95,Wheat
94,43,80,6.11,59.63,0.79,1.57,11.76,39.74,563.17,10.52,4.04,63,77.13,Wheat
29,53,15,4.6,30.34,1.14,1.98,18.58,62.11,2227.18,6.55,12.7,329,136.66,Maize
70,31,79,6.41,54.93,1.46,0.49,35.14,65.3,1614.5,11.7,18.17,1284,246.94,Rice
137,40,95,6.27,18.53,0.4,1.68,24.12,56.58,2938,11.39,10.25,975,165.75,Rice
140,16,17,7.53,31.27,0.27,1.47,28.47,30.72,1410.59,10.59,2.57,2156,239.78,Sugarcane
58,30,110,5.62,58.03,0.61,1.08,34.02,59.5,2297.05,5.7,17.54,687,343.91,Rice
47,25,24,5.37,14.56,0.26,1.91,19.7,46.32,315.67,9.82,10.45,1774,313.43,Cotton
22,29,35,5.52,39.7,0.35,1.95,10.33,38.32,2819.56,10.54,10.6,1002,119.73,Cotton
103,52,48,5.71,55.96,1.49,2.92,19.7,64.65,1774.89,6.91,5.1,1858,84.73,Sugarcane
136,53,12,6.9,57.48,1.45,1.34,38.7,70.27,1079.81,5.12,4.77,1706,263.11,Sugarcane
21,56,66,6.39,52.3,1.1,1.64,24.47,61.13,555.3,6.16,12.59,753,59.39,Cotton
112,28,19,5.85,52.8,1.18,0.56,27.09,66.86,1994.29,8.68,9.18,1946,161.06,Rice
150,57,12,6,42.61,0.38,1.69,32.81,66.39,2289.62,6.01,3.81,766,101.76,Rice
113,88,103,5.98,21.02,0.97,0.2,13.45,37.45,438.94,9.29,19.57,540,53.23,Barley
59,78,55,8.39,46.53,0.4,0.53,32.02,42.95,661.05,7.13,1.89,1197,287.41,Millet
21,20,31,5.43,58.92,0.69,0.6,18.93,30.57,1279.2,5.8,1.82,2430,299.8,Barley
100,88,76,7.77,36.3,0.65,1.93,21.64,88.91,2584.92,8.91,19.59,603,117.96,Rice
31,38,74,7.33,23.03,1,1.75,18.08,42.67,2952.21,4.59,5.21,413,188.41,Wheat
84,54,106,4.52,38.67,0.3,2.41,14.61,78.88,2286.08,9,1.27,1621,242.3,Wheat
74,77,28,8.47,44.53,0.33,1.45,20.84,76.87,215.62,11.8,8.55,409,163.44,Cotton
64,45,109,7.53,20.41,0.99,1.48,12.84,72.3,2729.68,9.69,5.15,1990,306.44,Wheat
120,57,71,7.23,45.96,1.03,0.57,35.34,56.98,274.35,6.62,16.31,172,224.3,Millet
81,24,107,6.12,39.37,0.64,2.25,19.18,65.03,2711.95,11.21,5.82,2134,154.3,Wheat
68,53,66,6.72,40.62,0.39,0.11,29.61,41.18,1348.89,8.22,16.53,2345,295.15,Wheat
146,76,104,5.51,25.3,1.35,1.33,18.9,36.37,2277.07,8.23,11.08,629,95.69,Sugarcane
42,83,116,4.64,17.76,0.27,0.65,16.32,51.11,443.79,7.03,16.3,693,83,Cotton
57,49,97,7.84,41.17,1.13,2.34,31.41,79.54,661.8,4.42,12.66,1933,337.33,Millet
47,23,85,8.09,39.31,0.38,2.05,28.72,63.84,1462.15,6.16,15.36,360,266.63,Wheat
40,72,22,5.15,26.9,1.03,2.15,16.54,75.83,307.82,10.55,9.72,538,311.22,Millet
126,60,25,7.65,24.79,1.06,0.53,28.36,83.42,1291.32,6.08,9,122,335.37,Sugarcane
118,88,25,7.46,27.36,1.25,2.04,10.15,63.63,2305.5,7.3,9.63,1986,233.93,Wheat
138,67,61,5.21,34.49,0.71,2.1,15.31,52.04,2033.2,9.07,15.12,1663,182.24,Sugarcane
92,24,93,6.19,58.74,0.23,0.11,31.83,81.34,1184.98,6.26,9.4,231,343.24,Wheat
141,74,50,6.19,48.18,1.25,1.02,22.3,43.78,224.76,10.49,6.54,1165,230.35,Cotton
49,64,57,7.54,52.59,0.78,0.35,16.11,31.49,955.09,11.19,16.4,1171,345.67,Wheat
127,85,100,7.85,35.28,1.3,2.08,25.18,33.04,2373.44,4.49,8.88,2001,125.57,Rice
117,19,48,4.88,36.31,1.21,0.72,23.96,64.93,1153.48,8.6,9.49,661,319.4,Sugarcane
51,51,22,6.75,20.22,0.85,0.87,29.02,83.54,1256.99,6.8,2.56,2175,188.98,Millet
98,20,13,7.55,46.05,1.5,0.33,12.18,63.86,407.76,8.43,7.96,1718,118.59,Wheat
60,25,105,7.64,31.08,0.8,1.5,34.58,54.55,1884.73,8.37,16.63,313,281.1,Rice
82,82,118,5.09,47.12,1.11,0.2,11.75,64.62,1941.32,4.08,13.69,779,88.65,Wheat
42,87,113,6.6,30.45,1.07,2.55,23.62,70.27,1406.38,9.19,3.5,1977,340.9,Millet
123,28,107,7.93,15.43,0.87,0.18,31.31,75.51,2329.6,5.73,9.91,2403,345.43,Rice
94,40,112,5.77,18.65,0.96,0.28,20.34,50.84,2655.22,8.47,18.58,2043,297.19,Rice
67,82,52,6.2,50.58,1.24,1.96,37.3,53.21,2301.51,11.16,5.39,1263,124.22,Rice
76,62,90,7.72,22.93,0.94,2.76,32.66,31.42,1724.06,5.54,16.68,1980,203.48,Rice
137,17,97,4.86,23.22,0.79,2.69,22.78,68.98,2819.93,6.16,11.72,536,226.24,Rice
119,33,102,7.94,56.47,1.06,0.34,15.51,76.6,1270.17,4.51,7.78,964,266.12,Wheat
143,17,55,5.74,42.88,0.25,0.94,11.3,60.65,2033.23,7.93,19.46,474,135.59,Sugarcane
53,57,101,4.51,15.72,0.34,1.61,34.05,52.59,1810.67,10.96,14.7,932,331.05,Rice
26,39,118,5.44,17.18,0.36,0.18,15.83,49.99,2556.39,8.36,7.03,75,306.77,Wheat
75,67,56,4.86,23.62,0.75,1.63,18.09,68.7,1598.86,6.82,4.7,277,138.02,Wheat
84,64,95,4.87,39.7,1.33,1.4,10.31,49.84,1749.76,11.25,17.69,202,163.37,Potato
66,82,101,7.27,47.64,1.04,1.81,10.55,65.94,1470.68,8.26,12.24,2313,55.26,Wheat
38,71,62,5.36,23.72,1.46,2.77,16.91,85.62,593.45,11.79,1.7,1379,317.7,Wheat
145,57,34,8.24,53.53,0.25,0.9,36.19,49.84,2681.99,10,9.13,1343,314.66,Rice
158,13,50,6.57,15.46,1.14,1.95,33.42,34.1,2613.11,11.29,9.43,1272,116.18,Rice
68,46,12,6.34,20.38,0.61,1.35,33.1,82.44,2166.88,9.19,15.73,1779,339.22,Rice
132,17,86,6.24,58.52,0.23,1.36,34.81,46.41,1173.82,11.91,5.53,619,338.74,Sugarcane
57,10,104,7.27,16.74,1.27,1.98,15.6,89.31,1194.26,8.2,9.7,1018,182.37,Wheat
83,79,22,6.31,54.41,0.41,2.86,39.37,80.41,300.8,9.12,2.51,138,84.9,Millet
88,56,114,5.01,45.2,0.48,2.6,16.97,55.61,417.41,5.07,3.35,1039,292.47,Cotton
155,84,27,8.02,13.65,0.64,1.95,14.5,67.69,1638.63,11.49,16.09,2200,186.83,Wheat
135,14,46,6.21,34.19,1.22,1.44,18.84,46.65,339.48,6.68,10.95,2358,53.1,Wheat
84,59,52,4.8,35.95,1.01,1.33,25.91,35.05,477.82,9.32,8.33,2241,302.42,Millet
50,33,43,6.62,56.61,0.54,2.38,13.73,61.55,903.37,6.88,6.06,922,304.26,Wheat
151,56,90,7.09,31.06,0.42,0.73,32.16,55.48,1246.34,11.08,19.31,1691,129.97,Sugarcane
132,27,64,5.6,32.34,0.34,1.8,21.15,88.2,1570.17,4.88,9.9,1986,224.31,Rice
128,37,61,7.7,15.62,0.39,1.56,27.05,65.85,1108.66,11.21,11.71,1195,314.14,Sugarcane
88,86,94,7.18,41.96,1.33,1.98,32.03,74.83,2833.92,9.01,19.7,1477,227.71,Rice
139,14,45,7.1,20.54,1.4,0.64,37.06,38.11,2862.51,11.65,15.31,334,86.47,Rice
107,39,63,6.18,13.88,1.46,2.12,34.58,73.42,356.92,8.03,8.18,1780,116.09,Millet
86,10,68,8.35,59.85,1.29,1.92,26.12,33.38,2959.16,7.95,11.57,1808,224.09,Rice
94,55,61,5.6,23.48,1.35,0.62,39.74,66.78,684.13,6.87,8.51,2087,135.68,Millet
64,78,113,6.81,17.05,1.26,1.4,25.89,80.31,1127.85,6.63,11.52,586,151.5,Maize
23,40,28,5.74,44.97,1.45,2.07,26.08,58.98,2543.64,4.99,13.29,1700,344.56,Rice
126,79,21,7.48,51.08,1.3,2.71,14.75,42.9,2125.61,6.62,19.53,749,128.18,Wheat
70,65,101,4.69,13.2,0.8,0.45,14.46,56.62,363.08,8.87,14.9,2356,175.21,Wheat
69,37,20,4.68,15.27,0.62,0.13,15.06,80.47,2368.89,4.68,14.25,1351,182.42,Potato
25,25,57,7.74,14.51,0.96,0.58,27.75,72.86,2057.08,5.49,2.84,1744,119.93,Rice
78,63,110,6.24,12.35,0.99,2.97,22.46,66.33,2861.39,10.88,7.07,1088,275.71,Rice
144,62,101,5.86,42.97,0.95,2.33,21.58,71.63,2748.02,4.73,6.33,896,169.39,Rice
49,21,108,6.93,39.42,1.12,1.88,13.83,80.05,2930.64,5.93,2.91,934,143,Wheat
141,29,117,7.31,43.14,1.11,0.49,21.43,39.11,1473.68,4.03,17.56,1309,282.62,Sugarcane
144,43,88,5.3,35.28,0.31,1.31,21.34,80.52,2178.22,9.75,16.45,211,297.84,Rice
56,62,25,5.24,50.88,0.57,2.17,28.62,78.4,2893.34,10.81,16.01,426,199.59,Rice
143,73,118,8.33,37.33,1.36,2.7,21.65,58.65,205.93,11.04,4.35,761,302.08,Rice
120,32,80,6.86,55.94,0.97,1.21,22.56,54.17,2409.01,11.2,12.39,2027,345.35,Rice
54,36,56,6.06,34.28,0.63,3,18.18,85.95,351.07,7.23,11.02,244,180.03,Wheat
106,26,76,7.71,49.53,1.31,0.51,13.95,79.17,2996.97,8.48,12.64,491,103.41,Wheat
153,57,40,6.6,30.37,0.52,1.22,19,89.32,238.87,9.42,15.96,30,276.4,Wheat
37,30,85,5.47,31.76,0.73,2.64,11.28,68.51,1753.17,11.32,2.78,982,278.14,Tomato
132,59,17,5.33,52.45,0.56,1.98,16.11,31.89,1658.57,10.37,4.63,1732,266.54,Sugarcane
48,49,98,6.09,15.38,1.33,2.45,19.75,39.23,1053.26,7.91,6.34,1203,123.51,Wheat
96,12,70,7.94,38.25,1.15,2.73,14.37,79.22,2250.57,8.08,9.94,1846,227.45,Wheat
78,26,53,4.75,46.32,0.8,1.57,29.95,68.34,919.59,6.69,12.13,302,149.01,Potato
145,70,59,5.37,47.52,1.41,0.78,18.42,41.88,1014.2,4.09,6.8,2064,318.33,Sugarcane
128,59,44,8.07,39.57,1.41,2.11,28.47,30.72,705.01,5.15,3.08,2094,101.75,Millet
41,15,85,4.99,32.4,1.12,1.73,29.32,45.77,2199.39,6.65,10.64,2166,241.25,Rice
87,37,70,7.02,23.04,1.36,2.34,23.42,38.25,676.1,8.85,2.13,1079,296.24,Potato
88,81,94,5.35,55.47,1.14,1.58,23.47,82.57,2713.48,9.71,7.91,46,79.92,Rice
68,64,99,6.92,28.49,1.02,2.45,27.44,82.97,1005.94,11.13,1.84,1097,306.22,Barley
128,67,64,6.03,49.95,0.75,2.72,17.87,80.54,1652.14,8.44,5.16,55,203.82,Wheat
105,54,75,4.91,11.58,0.56,2.27,10.64,35.68,1530.18,7.15,3.09,762,317.17,Sugarcane
72,81,23,6.83,21.61,0.28,2.26,29.35,38.1,2166.59,9.53,9.48,2374,299.88,Rice
142,28,119,7.23,27.28,1.24,1.8,28.26,38.13,855.31,7.13,5.47,135,50.32,Cotton
106,38,13,7.22,43.58,0.36,1.47,24.29,45.5,2548.19,4.87,2.04,1827,296.64,Rice
150,32,26,7.05,25.97,0.73,2.92,36.27,34.37,2266.11,4.03,6.66,928,144.12,Rice
61,41,78,6.5,12.07,0.51,1.97,25.26,88.89,1159.32,9.67,17.96,2368,181.09,Sugarcane
117,19,33,6.58,18.69,0.79,2.54,19.1,81.31,536.81,11.19,17.01,1566,260.97,Wheat
128,58,58,7.04,22.96,0.61,1.57,31.41,34.15,1613.34,9.42,17.77,459,151.22,Rice
70,74,64,7.26,18.8,1.28,1.71,38.87,38.62,2945.47,4.22,8.44,1716,215.05,Rice
104,38,80,7.12,20.19,1.47,2.02,32.11,45.74,267.91,5.76,17.7,855,123.61,Millet
146,68,32,6.85,48.45,1.42,2.21,37.27,76.5,2565.61,11.57,19.08,2035,220.83,Rice
40,54,90,5.12,30.6,1.01,1.4,13.38,72.85,2159.34,9.68,19.2,2255,276.03,Wheat
63,76,21,5.34,30.26,1.47,1.13,13.63,67.83,712.91,9.9,3.36,2256,231.09,Wheat
158,60,20,5.54,58.33,0.72,0.79,14.64,84.73,1533.98,10.45,16.65,1517,284.12,Sugarcane
122,20,84,8.18,32.34,0.88,1.33,31.09,32.18,1957.5,11.3,7.39,1202,280.56,Rice
87,15,107,7.54,56.38,0.53,0.71,21.69,39.68,2150.72,7.51,9.55,1162,136.05,Rice
148,76,110,6.71,24.95,1.37,1.31,24.33,41.39,2779.82,7.44,13.46,1954,67.64,Rice
111,71,38,5.51,30.03,0.43,2.64,17.86,33.58,2644.61,4.18,15.4,1987,130.65,Sugarcane
43,14,71,4.94,29.81,0.99,2.93,32.08,67.1,1119.6,11.5,18.1,934,290.72,Cotton
144,18,62,8.1,37.3,1.24,1.77,35.36,42.58,536.1,5.04,19.2,1859,220.81,Millet
130,37,57,8.07,39.21,0.97,0.52,14.81,58.96,491.95,7.61,15.63,1652,339.84,Wheat
117,86,109,4.94,22.41,0.3,1.34,15.78,71.13,2912.48,8.8,5.56,3,56.51,Sugarcane
158,47,100,7.69,49.68,0.99,1.85,20.18,65.72,2876.29,11.95,10.66,519,298.29,Rice
36,52,115,6.29,34.83,1.2,1.18,18.4,47.41,2494.64,7.19,7.57,1710,160.97,Wheat
118,30,95,5.8,10.35,0.44,0.69,25.95,54.85,2945.29,9.35,17.44,59,326.69,Rice
101,71,75,7.46,39.57,1.16,0.76,32.58,50.39,967.67,11.62,10.41,2487,321.3,Barley
123,55,109,6.96,49.9,1.34,1.47,33.8,81.15,2511.58,8.57,17.27,392,332.31,Rice
38,79,57,7.62,22.52,1.48,0.73,16.25,55.2,1606.24,8.27,19.51,623,183.59,Wheat
104,47,103,4.8,11.89,0.73,0.82,15.27,33.7,2437.82,8.58,6.47,875,310.31,Sugarcane
27,58,68,5.77,50.36,0.23,2.63,20.91,67.16,1910.32,10.54,1.56,1731,113.66,Rice
47,84,80,5.78,58.81,0.74,2.36,14.43,41.86,2569.32,4.34,5.07,2211,282.92,Wheat
24,48,66,5.82,13.83,1.06,0.26,12.75,50.32,1312.57,10.08,13.16,2262,113.52,Potato
120,80,85,6.51,56.9,1.36,1.03,17.28,49.66,2969.59,5.38,16.37,1189,116.96,Wheat
137,39,12,5.63,27.96,1.42,1.64,21.82,34.35,813.85,10.14,15.22,1299,324.81,Barley
83,30,90,6.28,57.07,1.38,0.28,27.64,87.06,2083.31,10.4,16.26,349,244.98,Rice
110,10,114,5.97,42.44,1.06,2.08,31.7,62.82,2447.22,9.01,18.57,1630,302.97,Rice
136,41,41,7.44,54.51,1.09,1.21,16.68,39.37,1840.11,7.51,5.26,1665,259.49,Wheat
117,17,17,6.91,49.29,0.2,1.25,34.56,63.35,1012.83,9.86,1.95,591,65.03,Sugarcane
30,78,96,7.11,11.4,0.67,0.87,11.01,57.09,1771.64,4.15,7.24,1900,97.87,Wheat
73,39,111,5.34,13.27,1.38,1.07,23.32,50.69,1613.18,9.19,17.22,741,211.95,Rice
66,17,39,5.8,36.29,1.1,2.6,28.99,58.35,732.34,5.86,14.83,2137,128.97,Millet
159,28,24,4.58,16.48,0.81,2.39,18.74,70.18,2336.97,9.28,1.63,1365,183.77,Sugarcane
158,68,83,4.93,33.05,0.34,2.81,30.51,41.97,948.13,5.1,3.94,633,116.21,Wheat
24,64,64,5.56,57.73,0.52,2.13,36.01,62.27,2529.91,5.44,18.66,557,322.19,Rice
39,39,47,4.76,24.74,0.92,1.78,12.68,78.78,800.1,7.61,10.43,1860,235.69,Wheat
65,88,24,6.91,34.45,1.37,0.85,25.38,43.35,1606.49,8.24,13.16,377,310.38,Rice
31,45,39,8.49,29.21,0.32,2.03,10.56,60.93,2146.61,7.33,2.79,2086,210.7,Wheat
89,64,55,4.9,41.49,0.4,2.73,18.39,87.94,2988.33,8.89,11.96,775,320.96,Barley
36,53,73,7.78,19.69,1.05,0.3,14.11,78.03,958.77,4.43,17.08,1978,222.2,Wheat
134,36,35,4.98,23,0.58,1.38,28.73,65.58,1979.71,5.55,18.15,1407,76.74,Rice
67,86,118,7.18,52.94,0.42,0.53,17.46,74.95,629.4,4.03,9.56,2486,190.03,Wheat
127,87,87,7.07,50.57,0.43,2.45,18.47,61.54,2494.99,8.53,12.15,215,274.39,Wheat
71,63,76,8.11,49.46,0.84,1.88,16.17,89.19,2612.05,9.53,14.87,2492,169.79,Wheat
115,57,45,4.96,48.55,0.96,2.65,17.31,40.15,2686.28,7.87,8.58,1063,312.85,Sugarcane
89,39,99,5.76,32.97,1.38,0.28,16.75,73.17,2847.5,7.69,6.55,1342,71.55,Sugarcane
121,48,87,4.86,46.44,0.89,2.73,30.94,30.36,1195.91,7.41,2.69,250,188.22,Sugarcane
94,22,40,6.13,29.36,1.1,0.29,38.67,37.54,2066.05,6.69,4.71,1946,174.94,Rice
101,25,87,8.15,15.04,0.43,0.93,24.71,73.31,1084.08,8.71,19.67,1433,232.56,Sugarcane
111,53,49,7.63,29.67,1.13,0.55,28.01,75.56,2450.65,4.05,17.55,1590,79.29,Rice
23,80,83,7.39,17.93,1.04,0.52,34.54,32.36,1363.66,8.76,7.58,872,298.53,Barley
154,36,82,6.63,29.54,0.48,0.6,24.28,50.03,1753.75,7.92,16.78,1765,140.57,Rice
128,54,55,8.03,24.87,1.07,1.49,19.06,37.09,572.37,9,15.53,2334,306.34,Wheat
67,44,113,6.3,39.96,0.47,2.37,38.53,83.41,2581.38,10.84,19.38,2495,54.67,Rice
92,88,116,5.1,28.08,0.97,2.71,37.18,57.23,1552.24,10.63,1.75,400,165.77,Rice
91,37,51,7.85,45.28,1.07,1.74,16.61,56.55,1993.33,10.46,12,639,127.97,Wheat
135,16,27,5.62,35.61,1.1,0.56,31.09,79.43,2073.99,7.29,14.31,1727,186.47,Rice
100,71,109,4.71,55.97,1.38,0.33,29.41,71.72,967.9,7.12,16.76,1564,120.6,Cotton
100,60,45,5,14.55,1.43,1.53,29.49,85.34,2425.95,5.65,16.25,314,63.36,Rice
132,55,85,6.94,44.39,1.25,2.32,34.92,86.32,2532.48,4.25,6.26,2269,124.07,Rice
115,29,59,6.93,43.62,1.34,1.9,30.22,48.79,1644.11,8.04,14.37,1597,144.1,Rice
91,47,70,5.54,57.53,0.23,1.79,25.54,68.9,2726.75,11.8,16.38,1928,341.37,Rice
82,70,49,7.41,28.58,0.67,0.24,35.38,62.51,650.52,10.02,10.8,524,136.75,Millet
57,41,12,7.59,25.27,0.25,1.29,17.95,65.75,1360.41,8.38,10.52,1320,78.41,Wheat
86,35,91,8.18,18.62,0.49,1.7,30.38,67.52,324.1,6.38,9.38,493,182.4,Millet
88,67,16,6.84,23.26,0.7,1.84,31.05,33.6,1315.98,4.97,4.95,2453,320.84,Maize
32,48,40,7.62,35.09,1.33,0.11,36.11,83.7,2991.71,6.11,16.84,1682,240.5,Rice
50,29,74,7.51,51.89,0.87,0.68,39.95,38.42,1496.91,8.27,10.54,2263,178.66,Rice
133,59,104,5.53,24.21,1.04,2.85,26.73,55.47,1373.79,8.99,3.56,1269,326.08,Sugarcane
41,88,73,5.74,17.89,0.67,1.58,24.53,47.52,2125.9,6.93,18.37,752,168.11,Rice
112,61,86,6.41,23.61,0.98,2.14,28.02,63.22,336.1,4.84,17.05,348,316.73,Millet
86,31,102,4.58,15.05,1.26,0.99,29.76,87.69,1190.55,6.1,9.03,408,205.09,Rice
73,62,12,5.69,56.33,0.59,1.8,31.39,54.75,1692.6,6.06,15.85,573,311.64,Rice
157,75,102,6.4,53.63,1.41,1.13,18.44,66.19,1555.38,8.28,4.16,2476,265.86,Wheat
61,52,44,4.93,25.42,0.48,0.96,24.61,38.47,1998.94,4.83,19.47,521,247.39,Rice
83,32,24,5.01,22.35,1.4,1.29,21.13,57.78,589.02,6.31,2.62,269,317.63,Tomato
145,86,30,6.35,55.27,0.24,1.43,11.16,84.95,1327.32,6.75,17.75,1594,348.71,Wheat
40,73,71,7.42,10.09,0.91,1.06,28.29,85.94,1974.07,8.22,19.96,1262,319.68,Rice
54,18,92,7.83,40.03,1.48,0.85,36.24,62.79,1044.62,6.39,6.51,143,86.92,Barley
49,16,37,6.69,55.8,0.99,1.91,37.64,76.12,1916.06,5.2,16.43,490,109.66,Rice
76,50,13,6.4,35.43,0.92,1.2,25.52,30.19,2883.27,4.2,18.36,305,342.07,Rice
66,63,118,6.04,10.15,1.09,0.69,32.98,61.89,2805.08,5.38,19.1,2177,176.07,Rice
38,74,22,5.27,20.94,0.58,2.3,31.37,73.95,2231.44,10.6,14.69,1441,108.83,Rice
133,11,88,5.09,56.12,0.27,2.2,16.87,49.79,697.36,6.8,12.78,1642,90.67,Potato
27,13,60,7.67,10.85,0.53,2.67,11.89,84.07,2395.88,8.31,2.99,1571,63.31,Wheat
45,87,57,6.36,29.74,0.43,1.71,32.44,76.78,1450.77,7.92,9.92,12,153.66,Potato
132,41,48,7.66,49.49,1.4,0.91,18.48,76.18,2864.85,6.21,8.49,1796,50.9,Wheat
90,11,105,7.32,51.9,1.31,2.6,26.48,31.27,1911.98,10.75,1.42,2288,136.91,Rice
49,73,76,5.28,33.88,0.61,0.91,25.72,41.03,809.34,11.51,6.43,170,233.06,Millet
154,23,103,6.54,21.62,1.29,2,34.54,72.82,1074.8,5.7,15.12,1018,68.32,Sugarcane
86,29,67,6.28,39.99,0.48,0.65,29.34,63.7,1093.36,10.46,6.78,1402,106.96,Potato
84,58,93,6.2,23.19,0.46,1.92,35.41,64.71,973.6,10.05,1.64,587,315.58,Potato
55,17,11,6.67,22.76,1.2,2.54,32.57,30.89,2361.1,10.71,15.64,2318,129.77,Rice
44,72,34,8.43,50.38,0.63,1.67,39.99,56.52,1142.89,7.27,16.36,1597,200.32,Rice
56,55,20,7.75,17.71,0.28,1.47,35.92,77.19,747.74,9.49,1.52,1190,74.5,Millet
20,30,10,8.11,10.28,1.14,2.98,16.33,69.81,1869.07,5.52,16.88,2176,232.9,Wheat
56,41,57,4.62,26.84,1.49,0.17,38.84,64.35,1501.38,11.74,16.14,605,197.94,Rice
155,17,57,5.06,34.55,0.94,1.06,20.2,71.8,262.07,9.78,12.8,1513,238.32,Tomato
152,25,19,4.84,45.25,0.54,2.76,28.24,81.06,981.53,4.61,1.85,246,150.91,Wheat
147,49,90,5.55,49.06,0.68,1.96,38.24,80.97,306.94,11.02,18.94,2199,148.33,Millet
146,36,39,6.27,43.18,1.04,1.67,16.42,57.36,2347.71,11.67,2.91,284,252.68,Wheat
20,27,44,7.07,41.33,1.11,1.95,35.72,48.47,2862.87,6.67,14.67,1085,164.66,Rice
54,44,28,6.5,43.29,1.35,1.03,38.59,51.98,1600.48,8.31,15.51,2266,296.91,Rice
123,61,119,8.11,23.58,1.38,0.31,35.61,61.28,1762.86,11.94,18.99,1898,237.69,Rice
42,24,62,8.26,29.12,1.32,0.9,34.58,35.36,2566.24,7.61,19,1034,223.88,Rice
28,72,43,5.15,40.82,1.04,1.08,17.94,65.46,253.1,9.33,6.3,2308,131.04,Maize
53,62,41,7.91,13.28,0.78,1.49,22.21,57.2,654.51,7.62,5.41,1453,131.22,Maize
147,75,85,6.43,24.77,1.08,1.24,32.81,75.54,2032.2,4.61,8.81,1810,245.39,Rice
23,40,116,6.31,30.32,1.07,1.61,13.54,46.44,2276.87,8.08,18.77,887,195.83,Wheat
121,70,90,7.64,36.67,0.48,0.67,36.65,33.98,1953.35,10.61,14.76,1655,222.25,Rice
94,73,15,4.87,34.32,0.86,0.63,16.31,83.67,2829.89,4.33,18.33,2161,254.17,Cotton
118,43,22,8.03,45.91,0.47,1.12,26.94,34.08,1298.63,7.53,5.14,1774,182.63,Sugarcane
91,64,112,7.18,33.67,1.37,1.47,13.15,85.64,1754.23,10.58,2.29,731,141.87,Wheat
22,68,95,8,55.21,0.62,1.09,15.56,59.85,2877.93,6.83,1.47,1657,222.17,Wheat
53,12,84,8.48,29.02,1.25,1.77,27.57,33.38,2718.99,11.82,2.35,1905,214.94,Rice
64,26,73,6.57,36.27,0.69,1,29.04,37.55,286.25,7.07,16.98,950,51.15,Millet
80,87,16,4.87,10.16,1.19,0.61,18.09,61.98,1185.99,10.27,17.57,1211,200.1,Cotton
102,87,54,5.17,25.52,0.49,2.6,13.57,30.95,2269.19,5.96,18.43,91,280.76,Sugarcane
142,55,54,5.79,53.33,1.19,0.68,26.49,84.91,202.46,6.66,8.76,902,231.77,Millet
121,47,94,4.91,26.68,0.43,2.9,35.22,77.78,2616.36,9.77,9.85,1328,60.89,Rice
35,44,74,7.76,22.66,0.84,2.96,16.04,60.27,1605.91,4.46,4.62,341,328.81,Wheat
85,10,103,5.69,37.18,0.35,2.12,30.75,85.57,442.48,4.75,9.38,814,286.35,Millet
138,38,28,8.4,13.94,0.89,1.56,21.58,45.58,1438.9,6.13,3.97,565,121.06,Sugarcane
143,13,56,7.31,36.58,1.27,2.41,38.29,81.2,1579.34,6.01,12.74,1481,207.3,Rice
121,70,55,5.19,25.18,1.18,2.63,12.48,78.31,1227.4,4.53,1.31,1191,84.43,Sugarcane
85,26,38,6.4,29.16,0.27,2.16,11.2,64.91,1472.07,11.78,9.14,1943,152.99,Wheat
32,37,108,6.37,49.57,0.84,0.4,13.73,49.13,2695.91,6.35,19.71,1700,62.55,Wheat
130,59,93,6.47,43.1,1.31,0.11,33.47,63.5,1107.38,9.78,19.89,1239,220.2,Sugarcane
53,17,109,6.64,32.31,1.05,0.66,37.68,87.43,2890.57,7.14,15.7,1292,74.21,Rice
58,43,70,4.62,38.88,0.28,0.65,34.67,35.07,2123.66,11.93,6.68,484,319.36,Rice
155,68,112,7.25,48.34,0.62,0.63,31.53,42.06,2708.84,5.12,4.78,1305,169.08,Rice
139,27,74,6.45,47.29,0.92,1.58,11.73,68.63,785.14,6.99,1.69,1129,308.72,Wheat
145,68,32,7.66,19.27,0.42,1.61,16.41,70.71,1577.17,7.45,8.95,471,196.87,Wheat
74,36,104,7.76,25.05,1.09,2.2,38.06,39.87,1783.18,9.74,9.75,1783,102.2,Rice
46,25,60,5.42,27.41,1.03,0.68,28.68,78.38,438.8,7.97,2.53,55,128.3,Millet
137,19,72,4.69,19.38,0.46,0.37,24.05,85.71,1582.19,10,17.49,95,216.11,Rice
72,85,108,7.31,10.61,0.92,2.03,29.57,34.78,2610.67,10.73,13.36,1575,83.92,Rice
58,31,118,8.41,18.7,1.26,1.5,15.36,88.45,346.14,6.31,8.22,1650,103.85,Wheat
84,25,31,6.29,50.41,0.69,2.03,36.79,46.87,1998.46,10.43,17.25,959,326.63,Rice
32,21,119,5.54,37.3,0.52,1.2,29.69,48.53,2968.52,7.93,8.83,894,104.58,Rice
40,84,80,5.13,27.08,1.11,2.28,24.14,32.69,1676.8,4.61,17.11,1184,214.2,Rice
72,60,42,5.65,40.42,0.29,2.08,23.72,59.84,1049.43,6.38,10.42,2103,198.9,Barley
38,10,118,5.81,46.99,1.28,1.99,34.67,87.29,1837.85,10.42,13.07,1254,50.28,Rice
76,36,109,6.2,27.72,1.43,0.18,19.24,39.66,1716.02,7.11,3.07,1198,244.37,Wheat
44,76,53,7.12,33.3,1.45,2.59,14.11,64.61,494.45,4.75,5.9,403,254.26,Wheat
50,21,16,5.59,13.21,0.76,1.19,15.57,46.47,800.02,9.11,13.39,1962,106.45,Wheat
100,39,100,4.7,39.85,1.01,0.49,12.43,31.12,2074.33,10.8,8.8,453,189.62,Sugarcane
42,18,11,5.99,27.82,1.31,2.29,25.24,89.23,1859.17,5.06,3.53,651,325.71,Rice
51,62,26,7.92,31.68,0.49,1.51,30.32,72.97,1164.1,8.34,3.93,1382,348.1,Potato
93,70,74,6.49,31.13,0.24,0.19,38.02,74.13,2939.88,5.66,14.45,445,317.5,Rice
29,63,67,8.36,41.62,0.7,2.37,32.52,69.78,2005.35,6.7,14.01,967,71.55,Rice
73,46,119,6.51,38.62,1.35,1.36,27.49,38.62,846.26,7.31,14.7,710,336.41,Potato
71,74,39,5.6,31.11,0.86,2.29,35.92,42.4,1519.31,4.04,14.71,2362,329,Rice
133,51,95,5.27,10.85,0.89,2.29,36.77,53.14,2192.46,6.85,19.26,841,147.13,Rice
33,58,101,7.28,41.05,1.1,0.39,31.37,89.73,2081.56,6.48,19.44,2434,167.83,Rice
129,13,106,6.65,53.98,0.95,1.88,11.69,70.35,889.72,9.35,9.24,2427,169.96,Wheat
72,73,35,6.92,48.48,0.27,1.14,18.75,56.54,2013.97,11.04,15.77,1569,288.89,Wheat
98,88,44,7.52,59.08,0.93,1.68,20.09,59.08,1132.05,4.84,15.01,1250,339.38,Maize
41,60,72,7.4,16.95,1.04,0.36,39.92,85.33,1481.01,7.86,4.29,398,136.83,Barley
49,81,84,4.67,21.13,1.03,1.81,23.92,41.79,2073.62,6.21,15.85,2112,345.98,Rice
23,69,80,7.71,36.96,1.15,2.35,32.86,49.25,1826.78,11.9,17.03,949,347.07,Rice
78,88,37,6.63,21.79,0.88,2.96,34.41,52.25,2195.65,10.24,1.72,1087,197.49,Rice
27,40,34,6.07,11.73,1.37,1.03,29.6,83.86,1269.15,4.94,10.96,1288,295.37,Pulses
31,81,70,6.65,30.11,0.8,0.55,10.55,76.61,2305.6,6.95,5.73,1331,174.77,Wheat
138,67,114,6.95,24.38,0.87,1.16,10.58,65.45,243.87,4.89,18.73,479,270.46,Wheat
53,13,40,5.1,23.19,1.21,0.16,34.56,48.88,726.31,10.3,2.6,815,206.09,Millet
101,31,63,6.17,57.66,1.28,1.29,32.18,42.13,2925.03,7.9,13.52,1810,265.78,Rice
117,12,76,5.84,21.92,1.04,2.75,26.08,49.85,442.84,9.18,13.33,1591,77.96,Millet
146,88,106,5.9,16.47,0.36,0.66,17.47,85.77,2053.33,8.6,3.29,1237,91.52,Sugarcane
94,56,60,4.87,16.27,0.63,1.49,12.6,84.61,2766.92,5.46,15.54,589,98.69,Cotton
124,47,67,5.14,50.32,0.23,1.76,14.93,55.32,2606.73,4.1,6.15,405,322.68,Sugarcane
68,42,43,5.15,45.74,0.58,0.62,27.41,49.53,2755.72,10.96,14.15,261,252.44,Rice
98,87,68,5.99,16.47,0.94,1.06,26.37,83.08,2954.94,4.74,5.75,1218,199.72,Rice
112,57,30,8.08,20.99,1.25,2.74,38.24,56.77,1200.37,10.33,8.45,769,73.36,Sugarcane
37,74,65,5.32,47.37,0.96,0.96,38.72,32.32,1124.44,5.53,7.26,2277,215.9,Wheat
115,35,46,6.16,23.73,0.25,1.94,27.28,50.74,538.41,10.82,12.47,2135,102.63,Millet
57,17,73,5.75,59.08,0.54,0.5,35.24,66.44,764.17,8.75,12.82,1995,122.3,Millet
106,59,28,7.65,37.03,0.95,2.04,34.37,86.68,2028.06,7.19,10.91,643,340.54,Rice
107,89,110,4.7,19.6,1.12,0.91,32.57,55.48,1127.21,9.27,3.83,605,267.93,Sugarcane
69,47,94,5.29,52.94,1.33,0.77,23.12,44.41,1155.21,6.19,13.26,2142,81.86,Wheat
27,19,87,5.34,25.97,1.46,0.46,21.68,53.07,2008.59,7.35,5.54,525,286.42,Rice
153,51,83,8.47,24.44,1.36,0.24,17.92,33.42,492.94,10.59,9.13,1503,234.72,Wheat
88,46,62,6.78,26.37,0.81,2.91,38.11,83.93,356.65,4.07,19.71,1264,142.22,Millet
140,35,80,5.06,48.41,1.17,1.3,35.03,32.01,2447.95,5.87,17.06,1856,175.54,Rice
83,21,102,5.59,18.66,0.51,2.36,15.31,30.06,2411.57,9.93,6.23,1252,142.89,Barley
158,58,72,5.17,29.09,0.28,2.77,17.57,66.85,1278.25,9.76,5.15,966,235.78,Sugarcane
140,23,113,5,11.54,0.27,0.69,27.44,39.24,1860.59,5.31,11.79,2447,168.91,Rice
84,55,71,7.69,51.33,0.51,2.62,22.41,47.76,866.62,11.86,2.66,1617,162.18,Wheat
126,44,81,6.48,27.04,0.25,2.15,16.42,59.46,1229.39,9.41,10.12,340,315.55,Wheat
156,38,112,7.02,22.41,1.31,1.78,33.73,77.53,301.93,6.97,9.65,749,82.24,Millet
119,21,86,5.83,38.99,0.84,2.45,10.05,53.25,966.1,6.81,19.89,839,200.69,Wheat
101,53,119,6.71,45.25,1.25,0.42,20.3,87.43,245.86,8.18,1.6,1977,149.74,Pulses
70,75,28,5.53,50.64,1.42,0.86,37.88,57.19,1387.41,4.29,17.65,457,55.64,Wheat
102,11,84,5.73,27.39,1.49,0.48,32.82,85.2,1655.23,9.72,18.75,247,121.37,Rice
131,68,11,7.11,50.62,1.42,2.7,22.04,57.14,1586.93,4.55,13.3,2103,196.4,Rice
75,26,15,5.1,33.24,1.13,0.39,37.86,60.97,1153.99,9.22,11.27,2041,241.95,Potato
79,19,38,6.97,15.06,0.77,2.94,37.02,87.48,779.45,10.41,3.73,1349,292.81,Millet
139,27,50,7.91,52.32,0.98,0.42,11.58,70.49,1472.16,11.24,13.98,2275,300.51,Wheat
157,31,60,4.98,37.38,1.26,2.02,13.84,38.96,2635.8,5.18,15.14,1137,256.06,Sugarcane
42,67,14,8.09,40.12,1.37,2.02,21.62,65.91,2953.04,9.96,14.11,2176,200.21,Rice
32,62,50,4.82,56.87,1.44,2.8,37.88,43.51,1075.63,11.87,2.52,1582,190.84,Tomato
120,10,71,5.9,37.96,1.15,1.04,35.33,48.58,2928.4,4.54,15.94,910,313.97,Rice
43,70,39,6.94,10.28,0.9,1.06,11.43,80.29,1416.74,4.23,5.34,995,319.1,Wheat
127,40,112,6.74,53.53,1.46,2.55,25.37,70.93,1917.16,5.7,5.99,1867,102.66,Rice
30,40,71,4.89,24.24,1.45,2.94,31.61,47.21,2450.4,5.64,8.44,520,182.5,Rice
36,75,109,7.7,35.09,0.82,0.19,18.28,30.28,1206.38,6.56,13.58,2124,290.23,Wheat
44,28,36,8.39,20.24,1.04,1.94,31.68,61.87,783.19,11.39,11.74,681,243.98,Millet
113,62,59,5.22,24.85,1.25,0.81,21.09,45.01,964.61,9.46,14.38,261,153.9,Barley
40,85,91,8.08,44.33,0.76,2.21,18.22,31.7,2548.13,4.09,13.51,679,178.06,Wheat
103,83,61,6.73,31.48,1.28,2.34,21.78,33.8,2816.53,7.96,14.32,1863,338.52,Rice
159,31,58,8.24,41.36,0.34,2.31,38.52,70.4,559.76,11.01,6.66,1664,282.18,Millet
56,32,71,5.2,51.18,0.83,1.36,37.16,54.86,2144.63,8.27,14.01,1037,233.09,Rice
61,24,109,7.67,27.04,0.83,0.56,37.42,45.75,297.73,5.55,16.13,1144,345.48,Millet
120,35,69,4.74,38.42,1.09,1.8,37.52,82.78,2649.87,11.63,2.05,1714,284.25,Rice
67,12,89,8.03,48.88,0.35,2.39,15.35,79.51,2599.12,6.46,18.89,1334,115.08,Wheat
122,29,63,7.2,45.76,0.33,2.75,36.88,57.97,2368.89,6.8,1.91,1133,124.12,Rice
47,49,14,5.98,36.99,1.37,1.41,16.37,46.54,2508.27,6.85,15.34,2321,280.77,Barley
60,48,18,5.26,29.17,0.59,0.81,35.14,60.43,1892.18,7.16,13.26,1867,71.08,Rice
118,81,43,7.77,30.38,0.62,0.44,26.26,75.18,612.46,9.67,7.04,2146,344.63,Millet
66,27,107,6.91,31.66,1.21,2.41,17.2,30.64,2760.76,6.52,10.08,1957,259.98,Wheat
124,50,45,5.94,27.44,0.74,1.65,21.96,66.75,594.86,7.72,18.44,2431,95.02,Cotton
143,79,104,6.28,44.95,1.28,2.06,23,72.61,830.56,6.11,17.22,1443,336.46,Sugarcane
32,36,29,7.81,16.27,0.72,0.56,32,79.01,1411.32,8.06,7.95,1791,333.6,Rice
119,24,90,5.86,58.37,1.19,0.12,28.18,43,1594.3,11.58,8.38,494,55.47,Rice
50,46,93,4.86,48.95,0.88,2.91,34.5,42.21,469.69,6.32,5.09,2306,152.95,Millet
149,67,101,8.15,24.91,1.42,2.45,21.9,42.94,2332.7,10.53,9.02,1831,78.38,Rice
35,14,94,6.05,12.13,0.63,1.26,32.31,85.89,584.46,5.75,13.45,39,91.97,Millet
156,82,92,5.89,45.57,0.67,1.43,33.78,38.46,2033.33,5.16,9.58,1578,275.62,Rice
92,16,72,5.32,46.72,1.46,2.79,11.89,75.88,1465.55,4.73,14.77,1371,113.6,Wheat
73,50,76,8.09,58.18,1.16,0.7,21.27,89.21,2470.62,11.84,16.33,1026,125.92,Rice
119,19,39,5.37,22.69,1.2,2.43,36.58,86.78,1027.69,8.56,7.08,1106,70.77,Sugarcane
128,71,78,7.05,14.14,0.58,0.15,31.15,54.59,2542.28,8.11,13.51,1170,218.81,Rice
106,35,115,8.02,55.76,0.89,2.64,22.55,80.36,906.33,4.06,11.33,1476,179.55,Barley
156,77,79,4.64,22.93,0.61,1.81,15.49,70.21,1808.16,7.87,2.96,875,302.17,Sugarcane
27,33,12,7.82,46.08,0.54,1.48,12.9,82.11,1561.11,9.3,6.5,1304,328.66,Wheat
26,87,58,6.14,13.03,0.9,2.15,16.88,39.67,1187.21,7.28,3.33,1756,89.91,Wheat
55,50,51,7.13,48.03,1.48,0.3,17.34,75.9,232.98,5.03,16.27,1428,286.03,Wheat
37,74,33,5.99,16.35,0.48,0.67,21.12,65.19,1313.98,6.14,14.3,449,59.43,Barley
22,26,53,7.28,44.78,0.52,1.28,15.31,62.41,531.41,9.71,16.26,1579,274.47,Wheat
47,33,10,5.52,36.62,0.52,1.89,14.38,73.73,830.44,7.8,13.19,907,136.57,Barley
89,36,63,4.59,57.77,1.23,0.52,35.32,46.38,2127.24,7.83,10.85,2229,271.35,Rice
47,16,61,8.29,11.85,0.86,1.2,17.49,34.48,1799.61,4.31,10.03,1282,307.08,Wheat
73,82,45,4.57,24.6,0.7,0.86,26.85,60.13,1675.82,8.23,7.39,876,280.21,Rice
84,21,88,7.8,13.48,1.3,1.97,15.98,48.13,1779.25,7.4,17.64,1338,110.61,Wheat
119,12,114,5.18,53.96,0.59,2.77,24.75,45.38,536.15,11.04,9.85,319,140.72,Cotton
40,88,47,6.07,39.7,0.71,0.58,18.3,89.91,660.99,7.05,5.07,2140,160.74,Wheat
32,19,53,7.79,36.75,0.3,0.65,12.6,41.87,1719.84,8.87,15.19,1779,132.97,Wheat
76,42,91,5.32,16.57,0.35,1.84,39.47,44.13,1339.12,11.49,7.41,885,185.98,Potato
68,55,96,7.96,34.45,0.38,1.42,23.73,50.03,1496.97,8.53,5.25,1844,211.93,Barley
137,68,56,6.49,29.94,0.65,2.18,21.79,59.82,2661.63,4.24,16.03,1785,90.4,Rice
73,61,38,5.96,25.79,0.88,0.93,15.97,82.15,718.46,4.81,9.5,878,55.54,Potato
157,15,60,7.15,48.61,0.2,1.68,24.86,40.58,2749.96,11.73,4.86,750,169.64,Rice
72,11,50,5.87,13.06,0.45,1.22,29.06,66.96,2600.96,8.42,13.78,1039,318.11,Rice
63,38,95,5.89,42.33,0.43,0.92,19.14,52.11,2725.01,5.51,16.52,1993,295.97,Barley
66,49,73,7.43,51.15,0.53,2.21,24.41,77.81,1995.81,8.54,8.6,529,323.26,Rice
72,70,97,5.74,55.37,0.42,2.41,17.11,66.11,2619.02,11.66,5.42,784,225.32,Rice
93,77,118,5.3,47.3,0.45,1.05,25.83,77.71,2975.33,4.36,1.46,2306,267.12,Rice
65,77,57,7.73,24.12,1.48,1.91,33.62,81.31,1519.96,8.22,17.5,1064,245.28,Rice
32,38,86,7.72,40.03,0.97,0.62,11.81,84.73,2613.06,5.09,9.51,1527,193.93,Wheat
121,71,106,6.49,17.07,1.19,2.39,25.54,89.74,2730.34,7.57,17.87,637,120.38,Rice
43,69,31,6.61,15.85,1.27,0.92,21.98,67.13,1067.34,9.24,14.39,956,77.4,Maize
21,50,108,7.28,41.93,1.07,0.6,12.22,68.25,1439.58,7.67,10.39,1942,278.66,Wheat
100,74,26,6.54,52.56,1.12,2.83,38.22,38.43,1806.29,11.7,14.28,1411,309.51,Rice
119,73,95,6.17,13.36,1.02,1.33,17.8,36.31,1177.64,8.68,6.91,541,138.54,Wheat
157,88,14,8.48,15.3,1.04,1.97,26.94,59.26,1102.01,11.71,4.75,821,277.76,Sugarcane
150,72,70,5.09,38.28,1.41,2.45,21.18,71.62,1266.01,6.52,3.86,1866,308.3,Sugarcane
130,57,98,6.87,20.91,0.44,2.09,18.13,44.89,1386.94,4.17,18.43,2072,332.67,Wheat
121,29,15,8.04,40.59,0.56,1.74,25.82,49.63,906.36,5.24,15.14,2314,100.54,Tomato
36,46,62,7.25,20.73,0.32,1.18,30.67,72.01,1525.27,4.57,18.79,1347,136.39,Rice
31,73,90,8.02,15.82,1.29,2.76,33.57,42.7,2380.5,9.91,15.51,1541,177.12,Rice
135,14,104,5.85,37.28,0.78,0.49,29.02,61.28,1948.56,5.52,8.34,635,82.95,Rice
43,43,26,5.59,53.11,1.38,2.66,25.79,62.32,1263.34,10.06,18.82,2307,113.49,Potato
48,48,68,7.91,44.26,0.74,2.16,33.32,85.02,637.35,8.3,12.17,1160,64.95,Millet
141,76,106,6.08,50.94,0.78,1.76,25.52,54.14,2507.32,5.73,18.77,2159,268.03,Rice
109,71,48,7.34,23.32,0.78,1.04,39.23,42.63,1631.73,8.91,5.02,1417,219.18,Rice
84,33,63,5.09,54.3,1,0.52,25.8,40.43,2919.47,4.09,8.08,319,227.91,Rice
103,12,57,7.52,28.85,1.2,1.39,19.52,47.59,907.54,6.68,8.13,176,279.69,Wheat
138,80,46,6.7,52.62,0.66,2.37,23.39,46.74,691.44,10.28,1.11,369,74.84,Pulses
35,76,57,5.57,33.56,1.02,2.26,24.7,75.01,222.42,9.99,14.15,12,82.65,Barley
123,88,77,6.48,23.39,0.47,1.97,18.5,65.62,431.35,10.33,18.06,820,57.64,Wheat
111,59,116,7.29,23.01,0.92,2.98,14.76,70.95,1279.13,8.7,18.44,1589,93.57,Wheat
46,38,87,4.55,38.38,0.91,2.92,22.94,67.82,755.07,8.59,16.14,1990,182.85,Sugarcane
153,83,86,7.05,13.95,1.36,1.26,36.91,58.87,306.07,7.26,5.83,1293,108.33,Millet
154,41,36,6.67,56.5,1.36,0.66,17.67,85.7,831.03,11.59,8.32,1375,276.3,Wheat
52,48,97,5.38,23.57,0.83,1.45,20.85,79.05,2240.51,11.6,7.29,1210,213.99,Rice
74,18,36,7.51,26.78,0.23,2.55,32.73,42.65,2259.94,4.07,9.54,2483,316.61,Rice
26,23,81,5.71,21.67,1.3,1.43,12.47,55.42,618.98,11.7,9.66,986,215.92,Cotton
76,77,72,5.61,10.15,0.2,1.07,34.75,47.27,2822.17,10.96,17.92,1471,291.18,Rice
145,73,61,6.38,44.63,0.82,2.25,31.61,74.74,645.3,8.85,2.99,2024,312.74,Millet
31,29,56,7.2,39.53,0.23,1.99,26.49,50.67,450.16,6.6,15.39,2088,266.16,Millet
35,37,112,8.22,50.48,0.66,2.91,16.28,68.41,656.22,7.37,11.91,2240,260.32,Wheat
62,23,30,5.07,12.05,1.03,1.69,12.78,47.53,593.46,10.79,14.07,433,119.39,Rice
136,53,66,6.09,56.43,0.68,2.91,16.95,40.3,1968.78,5.18,17.98,2473,189.04,Wheat
154,86,114,4.77,26.54,1.4,0.94,32.84,30.55,637.52,8.97,18.88,1086,101.91,Millet
130,48,84,7.53,55.65,1.03,2.61,38,89.68,1976.12,5.85,1.2,1871,96.65,Rice
70,37,104,6.29,15.36,1.04,1.12,32.14,43.17,974.48,7.03,17.22,138,113.46,Barley
94,73,100,7.33,47.2,0.69,2.45,25.83,79.93,895.53,4.04,4.45,43,128.42,Barley
27,41,51,5.79,38.97,0.25,2.79,38.52,79.33,2712.3,11.76,3.95,1234,280.83,Rice
64,18,119,7.88,27.91,1.16,1.91,34.86,44.16,800.13,4.87,18.27,229,328.78,Wheat
78,37,57,6.64,13.96,1.13,2.21,29.68,54.94,2620.84,10.11,18.88,1886,74.9,Rice
151,26,36,8.27,40.24,0.89,2.88,11.14,80.17,1049.88,8.49,8.52,302,191.2,Wheat
123,86,81,4.82,11.32,0.74,1.19,18.63,71.39,2975.44,10.62,2.16,2366,314.36,Sugarcane
117,64,42,6.56,35.06,0.9,1.58,19.25,52.19,2946.6,8.13,16.46,293,171,Wheat
98,19,85,7.57,40.21,1.17,2.71,20.42,86.95,2517.31,11.88,17.08,323,316.94,Rice
143,89,44,6.9,46.63,1.13,2.05,21.68,50.54,2630.64,8.86,4.98,408,182,Rice
23,15,107,4.59,59.57,1.06,2.63,38.18,42.72,2505.13,8.93,19.67,703,247.96,Rice
109,57,25,8.39,23,1.37,1.89,32.26,38.8,1963.01,11.37,15.92,1705,295.02,Rice
123,84,45,5.69,26.12,0.99,2.25,30.76,72.08,2465.26,6.06,9.49,173,293.4,Rice
156,76,75,5.5,27.06,0.22,0.14,22.8,31.74,1959.19,6.9,9.61,1059,199.12,Rice
138,50,85,6.44,46.58,1,1.09,20.13,80.75,2558.06,9.32,7.45,1096,83.93,Rice
152,88,100,6.67,56.59,1,2.33,13.59,48.25,2819.55,5.13,15.12,974,207.75,Wheat
75,69,65,7.57,58.72,0.29,1.27,23.6,52.19,2309.3,10.48,12.76,1553,176.07,Rice
115,86,26,6.07,57.29,0.76,1.15,16.16,78.11,2901.12,8.73,15.83,1918,240.53,Wheat
94,51,29,6.26,53.97,1.05,2.86,21.73,78.85,1455.04,10.04,11.2,216,170.24,Barley
51,80,94,6.64,59.55,1.12,1.7,14.69,54,2791.08,11.92,1.99,1398,347.92,Wheat
47,37,103,6.08,28.8,1.36,0.66,20.32,63.23,833.45,11.81,17.64,937,164.22,Wheat
41,22,115,8.16,57.42,1.29,1.47,11.29,70.75,287.83,7.58,9.6,1613,59.87,Wheat
36,24,93,7.91,48.05,0.35,1.6,10.18,71.32,558.67,6.25,14.83,2246,294.26,Wheat
78,45,17,6.32,18.42,0.99,2.97,36.1,62.04,648.69,9.07,5.78,1564,341.29,Millet
109,24,27,4.5,12.27,0.98,2.18,29.24,80.65,2508.39,9.69,5.89,1667,200.73,Rice
125,84,27,8.1,20.72,0.59,1.61,27.63,80.49,1322.83,6.36,7.94,1031,127.57,Sugarcane
45,65,27,5,48.94,0.44,1.35,25.41,80.93,852.9,6.25,7.53,504,83.52,Cotton
44,13,11,5.48,41.58,0.46,2.75,31.8,46.09,2474.36,5.72,6.31,2134,334.63,Rice
157,61,85,5.11,21.22,0.43,1.97,32.08,45.41,765.95,11.28,7.09,283,144.31,Millet
64,19,105,5.22,47.1,1.25,1.13,38.06,38.39,418.05,4.81,3.65,737,118.48,Millet
102,54,115,7.71,17.07,0.39,1.45,17.33,79.58,1505.33,5.97,1.25,1206,320.87,Wheat
30,38,81,6.82,51.09,0.54,0.91,33.56,33.64,394.34,9,19.55,515,200.12,Millet
123,62,60,8.32,49.71,0.48,2.89,39.73,38.12,981.03,7.74,2.42,2199,266.81,Wheat
87,38,19,5.43,58.63,1.13,2.14,10.87,85.57,2160.94,4.97,7.73,1415,82.4,Pulses
114,32,84,6.44,17.51,0.41,1.24,21.22,37.51,1248.69,6.32,16.87,1984,131.68,Sugarcane
84,66,23,8.41,55.33,0.23,0.63,23.08,37.28,444.94,7.27,1.08,79,57.96,Tomato
68,59,35,7.81,27.06,0.69,0.61,34.65,84.55,1328.38,11.67,15.82,828,237.16,Potato
71,30,56,7.41,30.8,0.6,1.49,10.41,48.61,1636.8,7.17,8.98,25,317.89,Wheat
121,52,39,5.26,33.42,0.72,1.46,27.96,82.89,900.64,4.93,5.06,1611,318.98,Wheat
76,19,65,7.58,41.35,1.18,1.31,36.78,52.66,678.49,11.78,3.86,1899,315.92,Millet
66,85,51,5.89,59.74,0.22,2.57,14.43,52.42,2332.69,7.47,16.86,1854,164.71,Wheat
45,39,13,6.62,40,0.25,2.94,13.47,38.11,389.94,5.12,6.46,435,160.88,Wheat
133,60,112,6.94,56.34,0.53,1.13,39.99,85.12,2879.23,8.89,10.02,1580,348.72,Rice
24,42,20,6.94,22.75,1.36,0.95,34.78,75.7,221.28,10.47,7.8,2321,270.02,Millet
103,27,33,7.41,29.92,0.42,2.33,30.92,43.54,2023.48,9.68,17.48,1145,90.24,Rice
71,87,95,7.15,35.22,1.5,1.4,21.97,73.67,574.09,6.49,3.73,2211,85.25,Wheat
124,31,76,4.77,26.15,1.25,0.73,35.62,36.22,1731.87,5.91,19.69,1205,259.64,Rice
73,73,46,6.33,58.84,0.79,0.62,37.68,61.43,724.47,11.06,1.36,1431,332.59,Millet
34,30,11,7.16,46.28,1.17,0.91,31.97,45.26,296.1,5.55,4.78,710,298.15,Millet
80,10,21,5.68,33.94,0.87,0.1,21.94,81.04,2607.35,10.05,9.99,172,227.25,Rice
141,24,30,5.75,47.57,0.94,2.83,27.51,60.67,1387.02,4.18,4.31,1413,96.31,Sugarcane
40,45,78,5,33.37,0.96,1.35,12.96,85.27,970.62,7.36,5.72,1390,80.25,Barley
65,56,80,6.17,10.86,1.04,0.34,14.74,65.11,2852.36,11.88,19.76,2221,320.59,Wheat
153,63,73,8.45,37.16,0.28,0.58,33.49,60.24,429.57,9.07,12.63,949,310.53,Millet
57,41,77,5.64,41.26,1,1.04,10.88,71.64,1175.83,6.49,1.86,2336,104.73,Millet
81,67,52,6.63,59.06,1.13,1.7,11.48,77.04,696.62,9.6,10.05,2452,307.88,Wheat
105,55,63,7.47,12.04,0.6,2.14,25.24,30.92,2975.35,6.83,12.05,1983,260.11,Rice
97,63,114,4.55,35.6,1.47,0.99,15.12,61.34,1728.85,11.51,7.26,1329,324.78,Potato
65,42,109,8.1,14.91,0.39,2.88,18.81,76.54,2474.22,5.88,17.87,2364,253.14,Wheat
22,48,71,6.05,17.45,1.38,2.3,21.96,54.45,657.9,6.56,16.39,2461,309.29,Rice
25,32,95,7.98,40.52,1.08,2.49,25.67,32.71,1052.42,9.51,8.67,1073,296.06,Barley
112,52,102,4.66,21.58,1.06,1.04,18.51,31.05,1934.89,10.36,15.39,27,117.25,Sugarcane
27,64,82,5.08,47.46,1.34,1.2,24.51,77.63,698.48,8.61,11.05,751,95.94,Cotton
127,11,99,5.79,35.71,1.28,1.66,21.12,41.88,1600.17,6.31,16.45,1620,186.15,Rice
94,75,21,5.88,20.91,0.65,1.41,12.43,40.5,2808.52,8.58,10.28,1097,113.87,Barley
96,47,10,7.89,34.69,1.12,0.85,36.01,47.37,2804.71,5.75,3.12,150,123.5,Rice
69,38,81,4.54,10.04,0.27,2.99,18.44,36.13,1193.67,4.46,6.89,636,244.31,Cotton
30,76,42,7.06,53.14,0.8,2.56,28.28,33.2,1645.2,11.36,12.85,1550,113.47,Rice
114,80,73,5.03,10.63,1.42,0.79,27.09,82.34,755.54,7.85,19.21,602,239.72,Millet
89,45,77,7.79,10.35,0.56,2.69,15.98,48.17,2939.85,7.84,17.75,1425,157.62,Wheat
35,38,23,7.61,40.58,0.26,1.8,10.9,64.94,1655.64,9.96,16.95,1151,100.01,Wheat
87,46,102,6.5,58.68,0.96,0.14,35.71,81.47,777.68,8.48,11.39,856,309.54,Millet
118,54,23,5.35,52.8,0.66,1.1,24.93,88.65,2565.33,7.63,4.55,334,179,Rice
67,25,18,7.04,22.6,0.69,0.17,22.43,71.31,1377.05,10.36,1.34,462,94.61,Potato
83,40,82,5.13,19.83,0.96,0.35,32.89,87.01,1981.18,7.8,7.68,151,61.75,Rice
109,43,35,5.26,41.31,1.01,0.62,10.99,55.41,2561.99,11.3,15.59,1828,311.52,Sugarcane
95,59,58,7.01,51.13,0.77,1.5,32.96,77.37,1065.77,6.45,5.76,1613,81.43,Wheat
158,74,115,8.46,28.1,0.86,1.21,22.27,86.26,1818.13,4.27,6.54,1822,161.71,Rice
120,71,26,8.06,31.62,1.49,0.53,26.55,33.19,357.14,5.19,3.28,2475,316.77,Millet
108,52,114,6.87,15.77,1.44,1.24,32.57,49.05,856.72,10.55,14.47,788,267.99,Maize
37,65,77,6.65,17.64,1.12,0.98,26.4,74.42,588.52,11.41,6.45,1429,285.66,Millet
38,24,69,8.49,38.42,0.41,1.29,11.85,48.92,2003.73,4.6,12.94,1196,217.73,Wheat
74,57,119,6.69,15.13,0.67,0.6,31.86,31.02,913.03,11.27,10.96,800,114.51,Millet
121,58,12,6.18,20.1,1.35,1.87,33.59,78.42,2327.96,11.55,19.86,224,325.42,Rice
137,53,102,8.14,21.73,0.75,0.23,23.86,39.88,2331.18,10.03,18.98,2141,121.42,Rice
153,19,34,5.44,32.2,1.44,1.22,23.17,49.25,2395.88,10.09,8.49,655,117.61,Rice
23,29,30,4.89,12.28,0.83,2.7,17.56,84.63,571.36,4.01,16.24,1162,305.42,Cotton
127,79,21,7.04,34.99,1.32,1.32,29.32,42.53,1672.94,5.78,8.73,1398,124.69,Rice
134,17,63,4.88,56.43,0.25,1.38,36.46,83.69,2101.48,5.72,6.13,312,340.9,Rice
48,54,10,5.99,11.22,0.76,0.3,29.68,55.35,1103.77,8.65,1.28,2467,257.47,Tomato
78,43,10,6.19,41.55,1.11,1.86,33.14,85.09,928.18,9.26,14.66,244,157.66,Potato
144,60,54,6.69,51.79,1.32,2.82,35.12,82.61,2210.28,11.21,6.32,420,53.53,Rice
117,13,55,8.47,25.62,0.99,0.95,16.78,54.91,1183.63,7.9,10.14,267,123.63,Wheat
36,48,57,5.38,16.58,0.43,1.24,22.06,85.31,896.86,8.01,4.14,555,216.53,Barley
126,33,16,6,12.17,1.35,1.81,23.08,67.96,1776.14,4.43,2.24,2299,133.93,Rice
62,64,19,5.03,42.2,0.95,0.37,26.77,58.54,1937.08,11.98,15.2,1779,60.23,Rice
99,35,24,6.93,37.61,0.34,2.86,11.48,61.84,2375.05,11.56,6.57,534,113.34,Wheat
27,34,49,7.41,21.46,0.8,1.46,27.65,33.8,314.6,4.58,5.84,1759,214.67,Millet
125,45,20,6.43,51.58,1.11,0.43,12.66,78.46,688.57,8.46,5.93,530,282.76,Wheat
27,80,65,5.48,46.78,0.79,1.07,34.2,47.55,2376.3,6.78,2.98,124,265.45,Rice
115,83,55,6.98,23.82,1.33,1.18,38.89,46.21,1689.24,7.43,1.6,1713,143.75,Rice
113,67,54,6.66,47.67,0.75,1.1,18.69,72.92,2457.01,9.21,4.54,1747,113.13,Wheat
84,21,96,5.18,22.25,0.96,2.11,25.2,52.25,1455.87,7.36,16.21,518,265.44,Barley
58,10,22,6.12,43.76,0.47,1.1,34.7,60.85,1486.28,7.96,19.64,1646,154.6,Millet
100,59,36,6.24,15.93,0.87,1.04,19.44,55.29,1257.19,6.18,10.78,2079,281.73,Wheat
103,34,114,8.43,44.61,0.49,1.03,14.73,60.28,2135.35,4.66,16.3,1990,123.33,Wheat
107,89,90,7.9,21.94,0.49,2.36,32.17,43.33,1852.58,10.04,5.85,2343,297.3,Rice
105,14,59,7.44,38.62,0.56,0.99,30.95,83.1,1299.65,7.03,14,1541,290.57,Sugarcane
112,77,70,8.06,18.62,0.26,0.14,27.1,66.61,725.14,11.09,17.93,1951,130.26,Millet
105,15,22,7.44,46.3,0.41,1.16,38.33,44.02,206.71,11.56,12.72,299,180.61,Millet
63,35,21,8.11,13.04,0.75,0.91,38.65,35.49,455.78,4.71,14.32,730,64.3,Millet
156,64,38,4.72,18.27,0.37,2.74,35.85,62.13,501.95,9.47,2.9,2257,105.72,Millet
93,48,94,6.32,19.21,0.37,1.49,18.79,58.09,1794.28,10.56,7.79,2099,189.49,Wheat
55,18,93,7.49,12.07,1.46,0.78,16.76,85.95,2325.75,9.18,1.59,2391,138.36,Wheat
120,54,29,6.83,47.25,0.76,2.95,35.07,43.84,1479.26,6.63,4.16,1058,154.79,Sugarcane
123,23,40,5.2,59.05,0.72,0.82,29.54,82.9,1359.93,6.28,6.65,983,141.32,Sugarcane
85,64,17,5.86,48.92,0.55,2.31,21.88,75.99,569.91,7.7,19.11,1427,92.95,Cotton
74,18,33,5.77,53.03,0.87,1.98,22.29,58.59,2722.84,6.07,1.77,1170,56.3,Rice
110,24,84,5.55,10.3,0.97,1.44,35.6,82.43,2258.56,11.17,9.58,1639,152.58,Rice
41,46,48,5.87,15.89,0.74,1.28,14.9,81.71,1367.35,4.39,15.66,81,74.76,Pulses
120,59,42,6.56,37.95,0.71,2.63,38.32,72.87,471.64,4.9,10.64,1034,232.2,Millet
140,81,51,7.92,58.89,1.11,1.48,29,36.09,2569.04,8.85,12.14,247,100.09,Rice
112,30,24,7.47,43.04,1.43,1.19,33.74,39.61,674.97,9.27,18.74,1129,72.04,Millet
127,66,77,7.84,28.71,1.34,1.13,21.13,65.5,2085.47,9.89,13.37,885,96.01,Rice
29,28,74,8.03,17.31,0.35,0.9,27.61,44.73,1150.9,6.2,15.39,1946,54.53,Tomato
28,67,41,6.16,17.64,1.05,1.29,32.5,63.07,2606.75,6.36,1.75,1603,158.63,Rice
53,15,20,5.88,28.14,0.21,0.45,23.05,63.65,1843.45,7.31,16.12,1836,304.16,Rice
148,13,103,4.73,45.69,1.02,0.29,24.64,65.23,836.7,5.88,9.02,1777,150.75,Barley
108,52,46,8.22,11.59,0.8,1.67,27.46,64.19,235.46,7.02,1.38,2082,318.95,Millet
112,51,28,4.76,52.61,0.84,1.42,11.9,52.76,794.6,9.58,17.14,1665,255.13,Millet
90,12,60,7.46,57.08,0.96,0.6,35.9,42.61,1222.94,7.99,19.18,1417,219.54,Potato
86,10,109,6.01,54.44,1.17,0.41,36,61.11,2183.48,11.73,12.46,382,163.11,Rice
136,64,43,8.3,55.65,1.15,0.52,18.44,59.71,805.11,8.64,17.89,1268,314.33,Wheat
113,24,80,6.18,10.77,0.26,1.01,36.39,46.51,932.21,6.63,4.7,2270,55.8,Wheat
118,56,69,7.77,58.89,1.16,1.41,32.36,33.07,1418.28,5.45,12.47,619,249.19,Sugarcane
132,55,118,5.63,28.32,1.28,0.66,24.5,42.33,320.18,5.76,9.54,356,224.92,Cotton
122,67,93,5.7,53.46,0.29,2.29,20.43,63.05,2351.52,4.13,1.7,2416,137.39,Rice
110,80,62,6.88,19.34,0.62,0.66,21.98,62.14,420.51,7.54,12.92,1272,70.12,Pulses
109,48,21,8.49,32.33,1.23,0.46,26.03,38.02,2263.65,11.68,11.95,2138,125.75,Rice
36,12,71,6.57,12.21,0.84,2.98,22.38,66.36,950.29,10.22,1.85,836,72.44,Tomato
37,39,105,8.25,12,1.1,1.4,22.61,55.36,1487.81,6.41,4.95,339,329.6,Potato
135,44,75,7.64,57.16,0.85,0.59,16.09,69.22,1349.11,10.39,6.5,1512,52.83,Wheat
112,66,95,7.68,50.53,1.47,2.69,31.23,83.28,909.13,11.45,4.7,1138,176.18,Wheat
110,38,114,6.24,36.49,1.42,0.77,28.29,48.51,916,9.38,13.35,2193,269.83,Potato
101,59,57,6.05,36.27,0.57,2.78,39.76,50.84,2857.34,8.09,11.1,1700,143,Rice
87,71,49,5.27,47.44,0.7,0.44,14.24,70.61,1055.32,5.09,7.98,1148,132.36,Tomato
133,61,33,8.36,27.08,0.76,2.54,13.41,86.95,712.66,4.64,9.22,1599,346.17,Wheat
20,23,59,8.34,48.09,0.34,0.63,25.48,59.17,901.38,5.75,19.36,1590,70.6,Millet
77,44,104,7.49,34.25,0.73,2.82,14.56,40.16,2146.56,9.31,3.13,111,238.01,Wheat
128,37,77,5.69,41.9,1.21,1.77,28.32,86.1,1064.86,5.24,4.56,66,231.11,Sugarcane
135,67,97,5.48,58.24,1.3,0.65,15.88,58.19,680.5,8.27,11.22,248,119.04,Wheat
106,39,52,8.45,33.57,1.35,2.55,24.49,57.64,1360.56,7.49,19.58,475,293.15,Sugarcane
29,16,26,4.77,30.92,0.22,1.23,28.34,62.39,529.13,9.03,15.04,496,184.08,Millet
78,48,113,7.87,55.29,1.23,2.23,23.74,45.15,1316.26,4.42,16.59,2178,242.56,Barley
60,78,92,5.92,55.13,0.85,1.97,19.6,77.08,2614.22,11.84,14.92,1099,110.66,Potato
124,44,113,6.18,59.62,0.47,2.17,33.47,68.46,1244.15,9.52,2.49,1645,57.49,Sugarcane
152,61,111,7.83,37.54,0.85,1.1,35.64,87.29,1639.59,9.77,6.58,1284,93.63,Rice
141,23,64,4.86,27.21,1.3,2.82,18.34,42.23,2409.59,4.13,11.26,207,116.66,Sugarcane
41,72,43,5.92,22.02,0.76,1.72,34.4,67.15,1644.73,4.64,2.18,618,270.25,Rice
117,45,106,8.31,11.7,1.49,0.32,21.75,61,332.69,9.5,8.58,786,204.38,Cotton
87,33,79,7.3,46.34,1,0.29,24.63,83.69,801.64,4.88,4.99,1992,165.48,Sugarcane
158,49,69,7.52,21.67,0.84,2.24,16.95,31.82,2703.94,11.16,13.39,1725,276.67,Wheat
75,38,60,7.53,40.33,0.58,2.56,28.77,75.65,2446.12,8.97,2.87,1818,70.99,Rice
118,62,109,4.74,55.83,0.21,2.12,13.03,67.38,2329.87,4.57,15.94,920,89.29,Sugarcane
95,31,86,5.31,57.51,0.99,0.9,27.75,66.45,1732.92,8.91,11.85,1803,310.82,Rice
45,81,82,6.47,10.22,0.95,0.76,39.69,82.52,1189.13,10.42,8.09,565,158.7,Barley
134,24,44,5.97,25.85,0.87,1.74,32.6,65.39,2144.28,10.41,3.66,1125,130.73,Rice
128,78,43,6.14,51.87,0.9,0.67,36.85,72.96,2057.38,7.21,13.76,1689,148.34,Rice
66,73,25,7.63,36.82,1.3,1.2,23.93,68.74,1999.73,7.68,16.94,656,95.72,Rice
90,13,91,4.56,50.38,0.61,1.92,14.26,34.17,1610.29,9.89,17.11,2044,172.5,Potato
59,84,27,7.14,52.67,0.92,0.93,18.65,36.77,926.29,10.99,3.46,18,302.14,Wheat
152,27,47,4.5,32.13,1.08,1.19,11.47,50.31,1419.21,10.35,19.62,856,246.25,Sugarcane
151,51,52,4.75,27.95,0.47,1.15,25.05,70.54,1633.93,8.77,7.1,2343,236.09,Rice
42,39,41,6.13,32.77,1.4,1.44,29.49,31.59,804.82,9.8,5.58,2345,64.71,Wheat
125,24,16,7.86,42.64,1.16,2.06,22.73,76.36,844.16,9.22,8.04,1651,321.46,Rice
103,79,96,5.08,28.36,0.27,2.37,26.9,42.18,2417.16,8.62,9.1,1174,315.08,Rice
135,64,96,6.72,48.75,1.32,2.03,19.62,63.57,1095.37,11.36,12.12,786,309.37,Wheat
128,62,55,7.21,55.2,1.41,0.18,12.58,42.07,2926.29,9.18,11.45,824,196.39,Wheat
155,25,70,5.42,24.12,1.23,2.7,22.96,40.56,1421.91,7.06,4.19,2164,120.26,Sugarcane
60,82,27,6.55,58.25,0.75,1.79,26.43,50.05,1904.5,11.79,6.31,2383,168.61,Rice
131,43,80,8.15,41.14,1.49,2.77,39.48,85.29,1611.04,11.6,15.1,1048,165.36,Rice
131,36,115,6.55,53.91,0.36,2.9,20.42,44.27,1580.75,10.24,5.07,1616,271.84,Rice
122,22,49,5.13,15.2,0.9,1.46,30.33,32.91,2692.02,4.26,14.17,1992,253.88,Rice
65,36,97,7.01,22.57,0.42,2.76,34.68,82.93,460.45,9.83,15.39,1054,303.13,Millet
87,82,87,6.87,26.05,0.77,1.16,20.06,56.34,1168.06,4.24,15.31,749,180.54,Wheat
141,78,59,4.61,25.14,1.41,0.86,37.9,67.26,1000.83,4.59,15.07,2194,324.5,Sugarcane
34,40,14,4.86,18.59,1.23,0.31,20.16,83.15,1112.81,6.82,5.93,2123,273.82,Tomato
148,12,119,5.13,53.41,1.22,1.41,39.09,75.34,2755.25,6.53,9.01,2019,297.53,Rice
130,39,63,5.05,30.93,0.66,2.1,10.06,77.79,395.69,8.51,9.91,1946,121.57,Pulses
43,30,95,5.54,58.16,1.41,2.93,29.03,58.81,993.48,5.95,19,929,337.79,Barley
46,15,67,6.32,39.17,0.68,1.61,33.7,71.24,2265.51,5.59,7.25,383,278.62,Rice
59,41,31,5.99,16.92,0.25,2.23,18.4,87.83,868.5,9.33,18.83,895,141.15,Barley
43,51,83,8.06,37.3,1.03,2.7,13.51,83.39,2532.72,7.55,17.6,1941,164.09,Wheat
43,71,99,6.95,59.68,0.67,1.68,10.73,66.75,1123.77,4.42,15.54,2388,231.78,Wheat
23,41,88,8,38.26,0.4,0.58,12.23,35.12,516.94,7.54,14.06,70,80.19,Wheat
86,48,47,6.61,10.09,1.42,2.56,26.29,88.78,1653.8,10.07,10.42,253,285.45,Rice
53,73,114,4.86,56.65,1.03,1.77,35.18,43.53,1631.74,4.53,3.25,582,188.63,Rice
135,39,115,6.35,21.74,1.42,2.3,11.89,51.65,309.57,11.33,10.24,2468,278.33,Wheat
42,72,58,7.79,44.43,0.96,2.01,13.4,38.42,2210.15,7.81,1.46,235,141.65,Wheat
128,40,10,5.28,35.75,0.28,0.28,10.15,40,596.88,8.1,10.29,845,310.2,Cotton
88,49,87,4.86,26.27,0.24,0.59,18.47,77.75,797.61,6.4,13,1082,245.1,Millet
114,42,45,5.82,24.13,1.37,0.93,37.64,37.7,1774.95,9.18,8.65,2335,183.49,Rice
81,72,104,6.06,56.44,0.25,0.93,18.29,41.36,2694.19,4.17,3.39,1786,176.65,Wheat
76,34,37,5.73,55.6,1,2.53,23.22,40.29,257.75,9.91,14.23,1113,97.76,Cotton
73,45,107,5.04,35.66,0.59,1.83,15.37,52.21,2503.69,4.79,17,967,86.48,Maize
89,33,44,5.5,22.92,1.09,0.34,13.49,71.68,2311.61,7.56,13.19,1485,51.99,Wheat
120,67,69,7.23,15.12,0.57,1.22,15.47,68.63,652.74,5.18,12.01,144,196.42,Wheat
76,48,112,6.04,17.83,0.25,1.71,16.31,73.48,1244.53,5.36,9.05,1336,337.6,Wheat
157,55,71,7.03,36.11,1.15,0.83,13.91,73.61,2736.72,7.72,13.77,2449,65.64,Wheat
154,86,96,6.65,25.39,0.6,0.22,33.75,30.18,609.88,4.52,6.97,2110,348.57,Millet
122,19,55,6.7,12.1,0.92,1.2,24.32,71.07,511.81,5.2,12.01,1369,335.57,Sugarcane
104,41,117,5.49,32.76,1.21,1.44,26.19,71.07,2258.6,8.35,7.34,613,340.73,Rice
80,45,92,6.59,47.31,1.11,2.72,21.24,33.73,1518.56,9.57,12.73,2488,185.84,Rice
22,37,91,4.59,54.58,0.65,2.73,16.32,55.63,995.54,6.88,9.87,1124,191.96,Millet
147,25,88,6.23,39.26,1.17,1.55,12.82,34.72,681.22,10.93,5.35,2215,268.98,Wheat
105,25,70,6.79,46.16,1.4,1.47,12.28,41.45,2222.22,5.29,6.14,974,168.33,Wheat
66,27,74,5.23,28.2,0.99,1.96,15.55,59.39,1430.61,8.48,14.82,601,62.2,Millet
95,17,98,5.53,34.81,1.11,0.85,35.51,30.72,870.33,4.71,4.22,1154,198.07,Rice
57,89,35,5.38,46.48,1.33,0.93,16.5,35.7,2841.48,5.34,6.52,2417,243.04,Rice
106,84,44,4.78,46.38,1.3,0.11,20.64,35.1,1770.98,11.27,14.75,2384,203.28,Rice
77,79,66,5.89,31.23,0.66,0.33,27.18,37.47,1189.04,11.94,1.52,841,158.35,Millet
69,10,88,8.42,37.18,1.49,0.62,25.34,32.99,2215.04,11.98,1.05,1934,333.38,Rice
49,71,72,5.92,56.19,0.24,1.96,29.97,66.72,1590,10.4,8.5,1317,340.33,Rice
120,85,13,6.34,41.6,1.48,0.72,15.83,40.72,226.37,5.6,19.03,1666,108.39,Wheat
44,47,88,7.11,42.13,0.52,0.46,25.72,81.76,2553.77,6.29,1.9,772,331.74,Rice
131,54,51,7.09,49.23,0.77,1.89,33.03,83.09,385.77,4.71,18.04,252,70.69,Millet
145,67,111,8.3,15.76,1.35,1.99,21.63,71.46,2970.19,4.43,11.71,944,335.53,Rice
142,10,54,7.93,36.14,0.52,0.27,39.16,33.9,1179.26,9.86,2.88,2269,322.73,Sugarcane
66,41,48,7.68,57.97,0.49,2.34,27.34,83.5,1669.55,8.32,16.78,1836,308.25,Rice
137,17,74,8.31,28.08,1.04,1.86,30.24,55.12,2998.72,9.28,1.88,59,203.18,Rice
58,49,31,5.42,24.75,1.12,1.25,23.77,40.87,953.77,8.64,10.74,120,168.73,Wheat
35,65,20,6.97,40.06,0.21,2.95,35.74,76.73,1495.48,4.09,12.75,1412,117.83,Barley
41,72,119,8.05,21.06,0.79,0.13,23.54,50.8,2313.7,6.56,13.89,1278,58.19,Rice
73,83,111,7,37.8,0.84,1.68,38.27,60.36,1507.56,9.53,5.48,1605,241.08,Rice
35,83,46,8.41,17.78,0.55,0.56,19.22,74.58,1134.7,10.89,6.1,790,83.73,Wheat
78,45,99,4.9,38.99,0.91,1.06,35.97,36.07,537.76,5.24,17.12,2398,311.34,Millet
50,66,60,6.26,40.12,0.4,0.49,29.18,40.17,1636.55,4.94,7.76,912,289.15,Rice
51,83,100,8.41,30.92,0.62,2.04,33.97,88.11,1744.89,11.67,11.02,2478,248.38,Rice
28,54,67,6.02,29.14,1.13,1.26,11.13,72.81,851.9,11.74,9.47,1925,246.55,Wheat
158,88,86,7.46,22.27,1.34,2.96,18.32,43.87,1134.9,10,4.43,870,288.16,Wheat
29,89,16,4.62,26.55,0.97,2,35.41,64.43,1036.14,4.47,8.72,384,146.82,Pulses
36,11,17,7.28,34.92,0.3,2.76,19.55,41.28,1396.63,9.04,1.82,619,125.6,Wheat
87,77,119,8.24,22.38,1.08,0.8,31.38,81.93,2435.07,5.03,3.86,450,140.5,Rice
67,59,60,6.03,49.14,1.37,1.02,39.77,56.92,1131.21,10.76,16.82,2,314.66,Potato
130,38,32,4.59,45.45,0.86,1.15,15.32,78.41,962.86,6.43,18.57,2051,83.86,Barley
142,19,99,4.61,23.47,0.84,2.53,22.53,88.31,2551.58,7.8,1.4,1668,248.71,Rice
120,36,117,8.07,14.87,1.49,0.71,14.95,88.85,2471.04,5.49,7.1,617,338.63,Wheat
121,24,100,7.39,10.01,1.03,2.85,14.63,38.26,2421.23,9.8,18.77,35,309.97,Wheat
84,69,18,4.93,39.84,1.25,0.23,28.99,86.69,2279.74,8.02,14.67,520,120.42,Rice
70,40,55,4.72,20.57,1.04,2.68,15.74,46.22,2688.41,9.65,1.24,235,256.74,Tomato
55,30,47,7.72,10.63,0.49,1.41,24.48,51.58,2197.03,6.56,3.05,376,190.14,Rice
100,69,22,7.74,27.95,0.57,1.63,39.34,33.78,674.32,7.01,15.01,591,220.21,Millet
146,67,16,4.98,58.1,1.07,2.99,19.99,68.74,292.33,11.17,13.92,2142,244.43,Potato
107,50,20,5.71,44.5,0.79,2.62,36.21,68.65,709.22,6.03,17.64,1820,255.98,Millet
123,55,83,7.62,52.89,0.73,2.72,21.89,76.62,1220.99,11.22,15.38,361,131.39,Sugarcane
34,54,106,6.6,17.24,0.23,1.8,17.89,86.78,348.22,4.61,18.96,248,275.12,Wheat
115,35,112,8.33,13.66,1.35,2.87,20.09,55.69,2319.6,5.27,11.32,368,321.02,Rice
142,60,59,6.42,10.58,1.35,2.09,13.83,54.45,1995.67,9.31,6,164,152.21,Wheat
20,45,76,7.21,57.78,0.8,2.48,30.37,68.35,2210.39,11.95,3.49,2111,159.67,Rice
141,61,50,6.54,25.01,1.11,2.19,25.27,70.04,468.21,11.47,1.09,1044,73.56,Millet
145,60,38,8.27,32.98,0.43,2.36,28.41,56.71,1120.56,8.07,3.37,1327,272.95,Sugarcane
76,12,46,6.09,29.73,0.85,1.95,19.09,85.16,1486.35,8.22,12.39,779,152.09,Wheat
100,23,65,5.42,46.52,0.77,2.21,29.6,33.13,1887.26,8.59,8.71,397,224.78,Rice
92,58,118,5.81,25.5,1.05,1.36,14.94,75.38,2447.76,10.34,16.05,1568,164.48,Wheat
89,86,89,7.91,36.77,0.81,2.15,29.57,42.48,2935.42,8.41,7.24,1654,208.34,Rice
25,10,25,6.49,59.78,0.85,0.9,12.43,59.72,430.17,4.94,7.77,1059,282.73,Wheat
103,66,53,5.92,32.2,0.58,1.94,22.01,81.09,1996.6,10.71,12.72,2496,109.53,Rice
71,26,59,6.68,37.56,0.26,1.62,28.29,49.78,577.6,11.08,18.81,179,55.14,Millet
22,59,116,5.03,35.13,1.39,2.71,35.66,83.98,1039.64,11.34,12.23,346,228.77,Millet
100,23,80,4.52,50.16,0.22,2.05,34.37,57.04,2361.73,7.36,5.38,117,161.05,Rice
82,68,88,5.62,23.34,0.57,1.83,25.81,72.17,2983.48,5.77,8.44,1023,223.36,Rice
68,12,111,6.92,18.52,0.78,1.01,36.5,73.36,1674.14,4.96,18.54,378,316.36,Rice
95,49,15,7.35,47.7,0.61,2.6,25.18,45.65,1188.73,8.2,16.25,1674,141.29,Potato
131,75,27,7.81,30.78,0.92,0.26,25.52,84.04,799.47,6.22,1.65,2424,341.09,Millet
128,43,28,8.21,55.69,0.8,2.71,31.62,37.48,2391.09,7.42,5.82,247,205.71,Rice
84,18,60,6.15,42.21,0.53,1.99,36.33,65.4,2730.41,4.79,12.48,1495,269.64,Rice
100,30,75,7.46,38.22,0.31,0.65,28.08,85.74,2576.02,5.59,15.02,1256,303.76,Rice
34,34,12,4.8,13.52,0.38,2.72,38.33,31.86,1627.14,7.51,3.28,1299,148.31,Rice
119,53,119,4.73,46.52,0.83,1.05,16.98,61.88,1849.66,5.43,10.79,1238,54.52,Sugarcane
51,34,98,5,44.3,1.3,0.59,37.73,44.79,2542.54,5.8,11.69,68,136.1,Rice
115,18,109,6.29,42,0.33,1.03,16.65,41.55,2800.79,4.16,3.3,1904,173.04,Wheat
147,71,63,5.35,23.4,1.08,2.89,25.79,44.03,2829.22,4.58,9.35,242,293.24,Rice
132,35,58,5.65,57.34,1.23,2.28,33.88,84.16,2131.38,4.93,1.06,66,193.71,Rice
102,66,37,7.09,26.08,0.56,2.76,34.05,55.53,736.71,9.25,14.29,1310,178.57,Millet
62,46,47,5.93,17.61,1.07,0.97,18.34,44.15,1076.37,5.2,2.46,1342,295.29,Barley
135,25,37,6.73,59.36,1.09,0.34,39.58,85.65,945.43,11.04,3.78,1628,297.71,Wheat
97,46,41,6.15,47.31,1.12,1.73,12.42,49.3,685.73,10.28,16.06,1697,292.06,Wheat
77,85,50,5.18,30.74,1.36,1.5,11.04,73.41,902.13,10.54,8.86,862,251.65,Barley
52,33,45,4.8,56.8,0.72,2.19,35.25,62.23,2635.64,6.82,14.17,1356,58.87,Rice
33,35,112,5.44,14.56,0.52,1.67,34.57,70.75,2356.94,4.46,13.44,299,155.98,Rice
151,29,45,4.73,14.38,0.91,1.25,31.38,40.96,322.46,4.61,3.86,878,214.33,Millet
78,18,116,6.97,44.12,0.28,0.11,35.52,70.71,613.57,9.52,4.21,2175,138.51,Millet
102,38,96,7.68,18.9,0.63,1.46,14.13,84.35,2957.51,11.39,13.52,123,176.55,Wheat
153,40,75,5.86,55.86,1.35,0.45,12.87,36.05,832.72,5.4,5.53,2165,82.41,Pulses
140,28,19,6.05,52.02,0.89,2.77,39.08,49.59,1976.3,10.91,9.39,621,58.77,Rice
102,29,79,7.76,25.32,0.77,2.77,28.73,88.36,775.57,9.22,16.61,1174,219.42,Millet
46,36,81,5.39,54.44,0.55,2.43,37.6,43.51,854.28,9.41,6.2,1610,268.1,Pulses
99,53,88,4.98,12.14,0.53,0.56,37.19,33.57,1595.86,9.58,7.51,1688,211.69,Rice
153,44,118,6.5,37.43,0.51,0.53,29.59,33.3,1565.46,4.5,6.95,1245,154.09,Rice
32,80,102,7.08,56.78,1.28,1.73,28.85,46.52,2009.28,8.83,15.17,2421,335.26,Rice
83,31,72,6.9,52.77,1.48,2.21,20.8,59.69,670.97,7.87,7.1,1473,116.39,Potato
99,83,101,7.36,27.8,0.9,2.72,14.47,46.13,935.6,10.69,8.28,1359,205.64,Wheat
142,24,31,4.73,19.14,0.3,2.69,30.6,46.85,1947.61,7.43,11.56,2175,128.91,Rice
62,22,107,6.21,20.53,1.18,0.55,34.54,79.89,472.73,8.08,10.71,1488,333.97,Millet
108,13,29,5.45,35.73,1.34,2.99,26.34,76.02,2746.11,8.64,6.24,808,54.05,Rice
114,65,42,7.54,39.84,1.41,0.55,11.53,48.65,700.64,8.69,12.58,98,313.92,Wheat
21,32,24,7.99,11.64,1.02,2.54,14.35,50.69,1427.51,7.2,7.73,537,217.29,Wheat
139,43,16,5.63,30.68,0.86,1.8,13.06,88.18,504.22,5.33,9.7,1131,330.47,Wheat
41,26,97,4.88,51.52,1.01,2.07,29.73,87.01,2117.54,6.01,8.17,827,283.94,Rice
134,37,99,5.51,32.22,0.22,1.85,26.94,88.39,1115.38,7.3,15.91,160,249.56,Sugarcane
76,23,59,4.92,18.46,1.05,2.62,24,86.35,406.19,8.96,11.26,1393,275.14,Cotton
91,43,19,5.79,57.74,1.12,1.95,26.3,67.69,1859.38,7.64,19.76,1400,298.95,Rice
26,84,88,6.65,23.31,1.14,2.56,18.28,48.5,2945.87,10.33,10.38,496,139.96,Wheat
138,66,46,8.39,49.92,0.93,0.55,34.14,88.17,2638.49,8.6,17.92,13,264.27,Rice
133,86,68,6.1,19.69,1.11,2.61,19.86,74.57,2168.1,6.74,11.9,791,89.38,Wheat
35,64,97,5.38,31.16,1.03,2.98,29.33,72.67,235.42,7.98,17.97,1706,293.54,Millet
102,75,84,5.17,34.52,0.35,2.02,21.73,77.86,2607.62,6.87,13.62,359,333.5,Rice
91,46,113,5.19,35.03,1.37,2.93,12.16,65.91,2710.85,4.24,3.29,2116,233.48,Tomato
143,77,72,5.27,35.82,1.01,0.74,17.71,65,306.39,6.25,2.79,184,311.91,Cotton
132,85,30,7.55,21.25,1.15,2.5,38.95,51.68,542.68,7.61,15.52,1753,347.58,Millet
31,35,113,4.74,35.8,0.65,0.59,15.72,39.04,1464.1,6.04,13.99,1675,98.45,Cotton
145,70,111,8.49,34.09,1.4,1.6,13.15,56.31,1325.78,9.76,9.56,1720,127.86,Wheat
72,76,88,6.59,20.44,0.85,2.03,18.73,61.04,1024.38,10.9,9.16,2402,195.73,Wheat
94,83,88,6.68,59.41,1.08,2.01,36.34,82.67,754.17,6.38,13.55,1322,296,Millet
152,61,46,5.93,53.28,1.44,2.05,19.18,54.1,1737.5,4.19,11.55,2424,296.39,Sugarcane
46,27,54,7.26,54.38,1.39,1.03,22.52,82.98,2359.7,11,4.85,413,287.82,Rice
159,62,23,6.39,44.28,1.04,2.92,19.3,49.05,2823.71,8.62,17.63,2383,330.1,Wheat
153,72,52,5.82,17.99,0.42,0.12,39.67,86.68,1043.08,4.05,14.36,549,321.74,Sugarcane
116,62,94,5.56,38.4,1.44,1.9,40,32.34,2169.05,8,13.38,1588,189.02,Rice
24,36,117,8.2,51.07,1.48,2.61,24.48,61.52,2406.93,4.77,10.05,1109,307.43,Rice
76,40,93,5.66,11.94,0.33,2.68,33.54,49.3,1538.29,9.39,18.97,2388,148.87,Rice
97,10,42,6.25,34.79,0.79,2.19,16.6,47.66,2779.07,8.27,1.21,2294,298.11,Wheat
88,15,12,5.9,29.81,0.91,1.77,21.23,34.76,264.34,11.31,14.27,1907,329.93,Cotton
137,20,113,4.84,20.61,0.32,1.43,30.38,70.88,2721.35,7.16,19.67,2155,204.28,Rice
139,43,96,5.24,28.91,0.45,1.4,18.59,53.55,2699.01,11.39,12.23,382,71.82,Sugarcane
78,72,53,5.26,59.17,0.9,1.33,16.74,86.94,583.6,10.69,12.27,1417,194.93,Barley
52,62,96,7.27,46.16,1.45,2.13,37.67,72.75,1430.38,10.02,16.08,2363,129.59,Pulses
81,27,100,6.13,24.98,0.24,2.22,17.33,56.57,1644.41,7.5,1.45,1216,217.22,Wheat
69,30,44,7.63,40.27,1.39,1.59,11.78,67.64,1325.53,7.31,3.2,886,222.84,Wheat
131,28,34,7.34,22.33,1.37,2.25,32.53,33.96,2707.56,7.16,17.07,2146,177.94,Rice
38,13,105,5.27,40.54,1.31,1.63,17.3,65.35,2196.36,4.41,13.48,1349,258.44,Potato
142,86,95,6.75,54.81,0.69,0.38,23.51,69.97,545.8,8.85,19.67,342,196.06,Potato
66,38,17,7.47,37.84,0.84,2.57,13.35,36.37,2794.22,10.38,8.74,2201,279.68,Wheat
52,34,71,7.03,46.67,0.72,2.62,12.06,70.95,329.28,9.95,9.49,2052,85.61,Wheat
103,65,111,6.9,32.67,1.43,0.87,23.81,58.44,1867.87,8.66,13.61,663,279.67,Rice
154,86,27,7.46,36.21,0.88,2.38,20.11,58.78,1663.53,6.86,4.43,973,221.63,Rice
98,72,101,4.73,44.75,0.3,1.58,25.18,73.41,402.74,9.56,6.47,1618,75.13,Millet
33,36,37,7.43,50.62,0.56,0.46,38.97,56.99,2148.36,8.23,17.35,1025,124.41,Rice
147,69,84,5.59,42.97,0.8,1.25,22.22,44.06,2895.18,10.72,16.26,1919,98.83,Rice
73,58,21,6.79,58.87,1.44,0.32,28.08,47.9,1483.65,6.19,11.85,1264,306.91,Millet
48,74,73,5.47,50.99,0.94,2.38,12.93,74.3,1638.92,4.82,7.82,1130,275.13,Sugarcane
43,47,11,7.86,48.86,1.1,0.67,36.58,34.26,1274.87,4.03,13.09,1438,150.81,Wheat
101,61,68,6.42,52.26,0.32,0.58,34.18,80.45,2650.6,9.94,4.28,915,318.06,Rice
82,10,46,7.07,24.06,1.34,0.7,25.67,64.93,2797.83,8.79,9.23,1213,287.26,Rice
124,49,13,7.68,31.6,0.9,0.76,15.5,73.62,1311.84,4.48,10.56,1908,72.35,Wheat
76,30,50,8.08,38.22,1.4,2.05,22.78,50.62,2694.45,10.72,9.77,874,339.84,Rice
155,24,54,7.43,33.12,0.78,1.95,18.92,43.36,772.24,7.82,8.96,1079,331,Wheat
81,59,118,5.1,52.37,1.09,0.48,39.84,78.27,1482.06,7.69,8.14,1277,212.22,Pulses
36,57,43,7.92,11.35,0.81,2.2,24.73,36.13,905.37,9.48,11.99,1421,252.38,Cotton
85,41,96,6.97,20.46,0.39,1.11,22.67,39.95,826.93,9.08,7.79,837,208.76,Potato
25,58,22,6.94,54.09,0.55,1.43,15.07,47.1,2599.6,5.91,12.2,971,179.48,Wheat
77,77,16,8.19,12.96,0.29,0.46,17.17,51.07,2199.84,9.16,10.88,902,107.7,Wheat
88,54,41,5.5,21.35,0.77,2.16,31.35,42.22,387.35,10.87,7.71,1487,272.43,Millet
81,41,32,5.46,27.56,1.04,1.19,26.05,84.76,2320.76,7.13,15.91,248,85.11,Rice
101,13,58,6.55,47.54,0.52,1.93,20.74,31.63,1804.2,6.32,1.81,1977,263.61,Rice
90,74,81,7.5,38.01,0.84,1.34,18.91,78.21,2403.52,4.48,6.12,674,252.14,Wheat
150,80,56,6.29,57.73,0.8,0.24,16.02,54.66,1861.33,8.84,10.41,506,345.78,Wheat
29,82,46,7.04,21.39,0.89,2.14,11.02,80.17,1256.73,10.04,18.34,414,118.49,Wheat
117,74,107,6.31,53.61,0.44,1.7,39.31,77.76,1585.94,11.74,2.37,839,231.59,Rice
108,89,57,6.94,24.15,0.89,1.36,32.59,37.26,596.55,8.9,12.09,813,106.42,Millet
54,27,38,7.79,22.27,0.67,0.68,37.84,69.98,1069.7,7.58,4.23,969,249.24,Maize
21,63,46,5.22,34.92,0.57,1.91,22.38,52.71,262.53,11.48,1.23,566,204.62,Potato
143,56,32,7.28,13.56,0.96,0.9,36.08,79.26,1337.44,5.43,17.47,2213,152.63,Sugarcane
43,15,47,7.65,29.22,0.39,1.34,17.69,81.06,455.47,9.67,17.65,2042,244.56,Wheat
93,75,102,6.29,27.78,1.37,0.26,25.3,41.34,2049.73,6.62,6.22,1316,220.55,Rice
41,18,53,5.79,18.01,1.42,2.35,16.07,58.72,2755.12,10.89,17.35,1306,275.35,Cotton
58,77,14,4.55,53.04,1.06,0.36,33.11,65.66,2273.89,9.96,8.17,237,60.13,Rice
39,32,61,7.69,29.29,0.59,2.68,24.93,62.64,780.81,6.67,1.9,513,301.33,Sugarcane
60,52,49,5.81,59.1,1.01,2.62,26.09,45.11,1619.83,10.2,5.26,2487,334.5,Rice
127,60,20,5.93,54.99,0.98,2.92,35.78,46.35,2193.51,11.12,13.36,2327,99.48,Rice
103,81,87,5.84,19.74,0.71,2.73,32.18,81.49,2455.95,6.02,4.92,750,117.28,Rice
130,34,115,6.49,35.26,0.57,2.92,38.99,31.96,992.43,8.57,11.96,2106,201.95,Barley
85,89,11,7.31,40.09,0.42,2.67,22.16,45.74,1535.82,7.36,4.47,1694,261.52,Rice
72,44,44,7.59,50.95,0.48,0.43,23.84,43.38,492.15,11.41,4.96,1793,188.65,Wheat
53,26,54,6.07,54.28,1.05,1.37,28.46,52.24,2233.81,11.78,13.83,1371,188.48,Rice
86,27,58,7.15,41.2,1.35,0.32,23.6,71.17,1417.27,4.83,17.53,2340,349.45,Wheat
153,36,44,7.38,11.76,0.7,1.68,22.59,61.94,316.74,8.39,15.22,1084,156.27,Cotton
46,24,115,5.69,34.06,0.36,1.64,20.22,62.44,1682.38,8.25,2.1,1183,228.93,Rice
29,78,101,4.89,54.24,0.22,2.77,34.96,73.88,2415.89,10.95,18.54,1086,296.55,Rice
92,89,81,8.08,45.7,0.73,2.91,26,78.73,324.42,10.23,4.05,137,105.87,Millet
115,24,41,7.21,53.51,0.5,0.85,28.22,39.59,1329.31,6.3,14.82,2425,336.54,Sugarcane
67,51,77,7.09,43.7,0.62,1.79,16.12,36.48,1549.23,8.18,14.83,251,106.08,Wheat
89,43,118,4.74,12.2,0.51,1.45,17.55,48.07,2998.74,7.03,9.58,972,206.96,Potato
119,57,80,7.77,58.4,1.06,1.69,20.19,79.65,812.4,6.83,11.72,2270,220.61,Millet
78,17,48,6.76,55.9,1.03,1.64,23.96,62.5,2493.64,9.85,2.82,1187,232.99,Rice
21,19,57,7.89,16.33,1.39,2.75,11.32,38.57,608.58,8.8,19.48,342,87.39,Wheat
84,14,100,8.4,15.63,1.11,2.7,36.65,39.82,2899.21,5.59,2.23,957,78.41,Rice
102,57,46,8.33,36.95,0.41,0.46,37.11,83.9,1058.77,8.97,18.29,636,115.93,Sugarcane
29,35,69,7.92,47.85,1.18,1.1,29.85,52.02,607.58,7.71,5.73,8,249.22,Millet
72,32,90,4.54,29.11,0.44,2.28,19.48,45.32,1268.91,6.73,8.44,2260,59.73,Wheat
98,71,83,8.04,16.82,0.93,2.08,21.56,71.62,242.6,4.53,15.4,377,245.34,Barley
78,22,13,4.8,35.53,0.3,1.93,32.02,81.65,504.83,11.43,17.7,689,127.47,Millet
67,18,32,7.9,26.88,0.26,2.98,18.59,56.54,1589.22,10.89,14.21,1024,81.87,Wheat
142,29,23,5.62,27.59,0.8,1.08,28.27,77.47,2833.75,6.43,3.31,2093,163.5,Rice
41,66,14,6.94,42.25,0.34,1.59,37.19,55.8,1445.79,8.45,7.69,1670,189.52,Barley
119,33,75,4.65,54.28,0.6,2.94,22.31,71.49,2048.64,10.92,12.59,813,127.89,Rice
117,42,119,7.58,37.93,0.64,2.12,27.61,64.49,2179.81,8.16,19.74,1306,293.2,Rice
44,29,33,4.95,44.38,1.2,1.98,37.86,83.67,302.37,5.13,8.7,2144,187.42,Millet
47,69,27,6.14,43,0.63,0.55,20.22,49.5,1101.83,7.8,6.75,1425,153.85,Potato
132,57,36,7.77,37.56,0.84,0.82,32.79,76.23,2991.73,6.51,6.33,1687,332.5,Rice
64,73,33,7.28,25.54,1.2,1.19,32.65,71.04,219.62,7.66,17.23,1561,122.02,Millet
87,39,38,4.52,28.89,0.47,1.45,37.85,80.33,1516.48,10.78,4.24,39,122.35,Rice
26,82,20,6.11,25.79,1.25,1.54,35.76,66.45,2544.85,7.27,13.25,1222,334.91,Rice
68,26,27,4.67,55.87,1.28,2.72,32.46,57.61,1007.55,10.4,17.12,1313,270.56,Wheat
156,23,13,7.19,51.33,1.49,0.41,29.1,32.97,2990.56,5.86,17.21,1373,76.03,Rice
102,28,42,8.38,38.97,0.78,0.82,17.24,80.38,1561.1,8.75,3.48,2290,224.5,Wheat
148,80,87,7.12,55.61,0.68,0.52,30.12,84.6,2759.19,7.41,16.07,2234,207.88,Rice
157,68,117,5.4,54.32,1.11,2.23,18.29,56.98,1679.32,11.78,18.47,1995,131.09,Sugarcane
92,76,51,5.92,56.38,0.28,2.91,23.2,43.34,1313.4,4.01,15.87,2446,327.24,Wheat
65,53,41,8.41,21.09,0.25,2.69,31.29,68.83,2188.28,6.91,14.33,1363,238.7,Rice
125,41,60,5.4,45.88,0.64,2.2,30.25,37.3,2883.16,10.51,10.82,1131,235.74,Rice
51,20,13,6.75,40.46,1.15,0.16,22.04,32.45,1253.06,7.13,15.59,40,345.47,Wheat
25,11,29,6.1,46.69,0.35,1.11,15.48,47.41,2621.84,5.74,11.95,1890,281.24,Wheat
93,77,94,7.57,23.17,1.03,2.6,24.52,70.79,2046.91,10.83,8.74,923,185.12,Rice
133,26,76,7.97,44.74,0.55,1.99,18.1,78.85,1260.09,8.73,10.38,900,208.09,Wheat
46,49,98,5.86,30.49,1.05,0.71,17.66,39.41,355.36,8.45,13.43,151,181.38,Potato
73,55,77,7.14,51.7,0.79,1.45,19.8,86.77,1071.93,7.21,11.62,540,327.77,Wheat
104,13,71,6.7,49.77,0.35,0.35,31.19,63.12,2527.6,5.26,13.71,2059,338.54,Rice
146,47,67,5.61,20.57,0.52,1.61,24.92,85.52,466.42,8.6,19.65,519,316.43,Potato
130,72,56,5.59,19.19,0.49,2.71,21.2,38.99,1802.1,8.04,5.96,946,50.52,Rice
34,38,84,6.65,45.89,0.41,0.21,37.02,57.48,1633.15,7.22,19.92,1070,320.39,Rice
151,28,89,5.12,37.52,0.81,1.88,31.2,55.85,2052.6,4.62,2.03,1581,85.28,Rice
112,38,68,7.74,37.86,1.44,0.78,24.84,54.7,2829.21,9.21,12.55,1153,205.08,Rice
142,44,109,4.78,47.63,1.06,2.97,22.64,85.85,2304.93,9.05,18.75,117,71.98,Rice
92,79,15,4.88,52.75,1.29,0.29,34.57,80.96,1629.74,8.47,2.95,2497,163.97,Rice
111,32,104,5.87,21.95,1.48,1.89,15.19,77.66,2525,5.05,19.81,2352,59.38,Sugarcane
36,55,49,4.97,37.78,0.9,0.84,29.92,47.17,2164.67,6.42,18.45,84,291.36,Rice
62,53,86,6.4,51.45,0.51,2.66,10.63,50.34,2707.53,7.76,17.23,2165,233.51,Wheat
140,57,32,6.1,53.64,1.41,0.45,10.21,45.56,2228.18,9.88,11.01,1262,69,Wheat
60,61,61,7.39,24.37,1.11,1.34,37.95,77.61,2308.45,5.78,5.06,1525,171.71,Rice
58,17,13,8.31,15.21,1.45,0.64,25.42,53.57,435.2,10.41,2.69,1127,300.02,Millet
132,64,46,7.51,21.64,1.05,2.42,19.45,88.72,210.7,6.55,2.23,2178,229.87,Wheat
130,75,51,5.22,57.27,1.21,1.12,33.84,51.86,2875.73,9.33,12.17,66,224.46,Rice
66,86,110,8.24,33.12,1.36,0.64,39.54,40.19,905.68,11.5,14.34,2172,188.25,Potato
82,49,53,6.07,30.93,1.19,2.21,11.03,85.79,662.28,9.71,5.19,551,192.49,Wheat
129,40,106,6.4,10.65,0.93,2.47,11.14,76.96,644.41,4.55,10.3,1822,318.5,Wheat
88,57,51,6.19,12.55,0.81,1.44,35.64,64.99,2266.09,7.01,11.04,777,229.52,Rice
62,70,38,5.62,43.43,1.27,1.2,26.7,81.51,329.92,8.63,18.04,1115,322.01,Millet
53,61,110,8.08,39.49,1.2,1.93,36.48,86.97,2050.87,9.39,3.39,1504,286.86,Rice
59,47,28,5.83,38.78,0.68,1.99,30.84,81.68,1800.09,6.76,16.16,637,282.37,Rice
80,45,93,6.81,15.52,0.85,2.02,24.12,84.27,612.44,7.43,15.65,1680,292.85,Cotton
81,64,41,5.46,27.6,1.03,0.9,14.84,46.27,579.25,7.01,13.94,168,310.55,Tomato
77,22,53,7.69,50.62,0.24,2.83,21.7,60.65,571.45,9.58,5.71,307,79.82,Barley
94,46,64,7.6,18.75,0.52,0.72,33.61,77.72,926.65,11.31,1.98,2424,113.91,Sugarcane
35,56,89,5.69,54.13,0.53,1.19,17.02,61.56,1997.01,10.23,15.87,1587,167.36,Pulses
101,80,14,7.23,16.07,1.35,0.92,31.37,68.51,779.29,6.11,11.64,2193,182.65,Millet
113,31,55,7.32,18.46,0.63,2.8,17.42,85.37,2048.21,8.32,12.93,2261,66.45,Wheat
67,48,85,6.75,33.89,0.91,2.5,23.91,47.72,2920.77,7.83,17.19,1999,165.44,Rice
157,67,54,6.9,57.26,1.28,2.45,12.56,62.36,2613.87,4.12,3.51,75,211.08,Wheat
101,39,30,6.8,26.48,0.54,0.11,23.65,63.81,2434.62,11.51,4.92,1833,319.96,Rice
57,27,87,4.83,42.91,0.36,2.09,28.38,51.57,2857.58,7.73,9,1569,148.87,Rice
146,27,110,7.18,39.43,1.43,0.77,26.9,52.1,1914.92,11.55,7.72,324,276.79,Rice
38,83,31,6.38,17.48,1.12,2.91,22.19,76.14,2352.82,9.31,19.05,1323,316.99,Rice
82,48,39,6.25,22.41,0.43,1.64,21.09,85.77,2367,9.67,7.04,2235,135.38,Rice
96,35,32,7.94,56.51,1.27,1.74,18.26,68.02,2928.71,7.42,18.09,576,210.59,Wheat
150,80,14,4.59,19.24,1.22,1.13,33.01,59.28,2012.09,10.86,11.11,129,249.19,Rice
121,16,72,5.51,44.75,1.29,1.66,33.48,75.02,964.56,5.48,2.83,1580,215.58,Potato
84,78,102,4.99,58.23,0.56,2.27,24.49,89.87,747.89,11.67,13.78,1250,132.22,Barley
139,74,68,4.64,15.98,0.78,1.73,21.48,34.94,1058.74,8.93,15.2,7,184.5,Sugarcane
110,55,103,5.6,29.96,1.1,1.96,29.12,69.09,2332.91,6.66,4.1,2105,54.49,Rice
27,27,91,8.45,21.2,0.71,1.47,26.73,63.37,2038.35,9.91,8.97,562,317.91,Rice
92,22,119,5.58,21.08,0.29,2.18,30.02,66.61,813.91,9.96,3.82,951,197.06,Wheat
153,34,61,7.15,15.95,0.38,2.71,19.18,31.37,2607.53,10.2,4.36,100,210.61,Wheat
126,17,74,4.97,42.48,0.98,0.25,33.65,87.34,2947.74,6.35,14.06,2455,335.3,Rice
108,83,48,6.91,47.32,0.69,0.41,19.5,35.12,2320.19,4.21,10.41,1174,290.74,Wheat
58,41,90,8.44,43.84,0.21,2.09,22.56,48.45,373.89,11.11,1.61,406,181.5,Cotton
132,26,12,5.67,56.23,1.2,1.2,13.97,47.9,1957.12,10.38,18.76,280,105.54,Sugarcane
47,88,51,7.89,17.28,0.74,0.92,35.66,73.99,2825.54,7.22,14.12,981,226.08,Rice
116,88,80,8.49,25.99,0.61,0.62,29.33,70.26,1076.3,5.33,2.01,1384,276.9,Sugarcane
56,57,36,6.85,27.23,1.13,1.76,17.06,33.7,1839.21,7.75,14.69,1121,187.69,Wheat
156,72,37,5.74,21.6,0.79,1.11,35.55,38.98,835.56,6.45,16.92,723,154.57,Pulses
101,49,117,7.19,17.11,1.1,1.57,31.14,49.13,2665.92,5.55,8.71,2344,288.8,Rice
75,24,63,7.88,34.34,0.22,2.88,23.27,72.25,2635.95,7.89,15.34,2471,53.24,Rice
104,15,104,5.19,51.72,0.21,2.3,39.7,85.75,1220.47,10.64,6.51,1021,72.22,Sugarcane
21,72,24,6.31,57.73,0.93,2.41,20.12,48.93,1179.14,8.65,3.3,552,251.03,Pulses
77,17,62,5.78,16.47,1.48,0.46,12.99,61.53,200.28,7.9,19.44,2381,77.49,Sugarcane
126,41,81,5.63,51.16,0.55,1.04,32,52.36,1088.85,11.95,1.08,584,242.58,Sugarcane
142,54,79,7.94,51.23,1.09,0.41,32.71,64.64,2387.98,10.08,10.95,1029,92.42,Rice
133,61,101,6.19,29.45,0.42,2.91,11.77,67.68,280.11,5.06,2.87,917,278.71,Wheat
126,88,13,5.86,15.5,0.61,2.08,34.58,61.1,767.69,7.33,12.33,1024,143.62,Millet
56,22,103,6.91,59.5,0.3,0.16,33.28,53.34,2244.75,7.72,1.09,1791,153.48,Rice
98,33,116,5.38,42.78,1.35,1.48,37.89,82.79,2014.38,8.88,2.19,1067,74.34,Rice
111,49,26,5.42,59.11,0.6,0.86,13.56,78.12,2962.63,9.45,14.4,926,65.2,Sugarcane
37,23,43,6.58,34.18,0.5,1.67,28.02,89.9,1293.73,6.6,16.38,619,222.31,Barley
117,84,15,6.14,29.76,1.15,0.62,16.58,54.76,573.19,6.94,16.09,1760,121.95,Wheat
82,79,45,5.68,22.36,0.46,0.26,21.98,32.32,2061.19,4.83,4.3,1067,65.29,Rice
158,71,108,4.72,59.18,0.51,1.04,17.95,69.08,421.27,4.71,1.1,1960,138.75,Sugarcane
23,70,112,6.58,22.66,0.33,0.96,23.48,77.01,526.91,10.06,15.23,1486,342.73,Cotton
154,10,48,7.77,11.19,1.45,2.18,13.39,86.21,1790.17,11.41,4.48,702,55.11,Wheat
80,75,89,7.91,35.62,0.52,1.48,19.11,30.62,1521.53,5.57,7.06,924,307.9,Wheat
126,41,75,5.44,28.85,1.49,0.94,12.13,82.77,938.1,11.38,6.22,355,317.97,Rice
73,22,17,6.9,23.07,0.43,1.75,24.75,61,1538.31,6.75,18.7,269,146.33,Rice
107,42,24,7.92,41.73,0.23,0.31,18.9,52.49,2631.3,11.05,17.66,1747,219.42,Wheat
87,41,72,6.13,28.21,1.36,2.02,27.71,43.32,2229.99,4.21,9.62,774,92.54,Rice
148,65,100,8.23,30.11,0.95,0.53,23.69,78.85,1473.44,4.72,16.05,258,242.47,Sugarcane
74,33,89,8.11,11.15,0.66,0.91,17.32,51.82,1071.75,7.48,15.16,1865,337.26,Wheat
22,13,74,5.33,39.45,0.87,0.92,13.09,66.27,1830.12,10.78,9.93,692,153.18,Potato
140,32,68,5.54,16.1,0.54,1.45,32.6,60.7,208.02,7.59,2.83,2046,208.24,Millet
148,38,19,5.22,20.69,1.03,2.86,28.99,45.79,2252.61,10.72,15.7,1944,141.63,Rice
121,30,16,5.28,45.86,1,1.04,10.99,77.27,2446.85,6.73,13.88,31,185.72,Sugarcane
57,39,83,8.13,25.66,0.3,0.92,39.68,47.89,540.89,5.06,3.97,505,181.44,Millet
104,29,85,8.22,18.16,1.38,0.59,29.27,77.24,1327.35,11.4,10.24,364,265.91,Sugarcane
152,25,90,4.71,38.87,0.8,1.24,16.22,54.57,606.2,4.61,16.11,822,291.4,Cotton
111,76,118,6.87,20.75,0.45,0.63,35.21,31.81,2856.65,9.66,15.6,271,307.58,Rice
40,58,21,6.76,23.55,0.6,0.5,36.46,76.05,2512.77,11.06,19.45,1995,119.75,Rice
128,67,88,6.06,41.07,1.33,2.59,27.21,83.96,256.2,4.96,9.8,553,124.31,Millet
66,53,55,7.03,46.99,0.7,0.25,36.57,37.19,2917.07,8.15,16.7,1665,346.14,Rice
103,34,41,8.29,46.98,0.93,2.16,10.88,65.11,597.11,4.42,1.14,1541,307.91,Wheat
102,32,41,5.18,34.11,1.43,0.69,38.36,34.31,435.22,7.67,13.21,1140,199.03,Millet
54,68,99,4.98,32.71,1.05,0.13,11.72,79.79,291.3,10.3,6.3,2029,345.71,Barley
88,10,87,4.63,49.38,1.08,2.41,29.27,89.28,2413.85,6.43,3.97,297,92.58,Rice
148,24,99,5.96,19.65,0.52,2.14,20.38,59.7,2790.73,5.87,15.03,817,346.15,Rice
159,61,70,5.85,17.61,1.07,1.07,11.18,48.8,467.75,6.01,8.05,1953,126.05,Cotton
46,67,78,6.22,43.23,0.71,0.33,37.88,80.74,2953.27,10.33,12.66,1144,329.12,Rice
75,50,70,6.51,30.48,1.38,1.15,14.06,61.25,1084.41,11.79,16.78,1882,189.47,Wheat
42,53,111,7.53,45.5,0.37,0.63,35.61,56.94,2100.77,5.83,11.21,1539,190.51,Rice
40,13,55,6.07,22.83,0.57,2.8,19.91,43.67,2961.54,4.55,9.35,2336,83.46,Wheat
80,86,77,5.82,26.24,0.29,1.64,32.23,66.96,223.79,5.01,12.8,1977,320.06,Millet
82,77,101,7.81,54.83,0.7,2.9,17.63,66.38,1731,9.03,19.93,1077,304.19,Wheat
141,16,64,7.9,31.08,0.39,1.12,27.5,45.77,2036.76,9.41,3.41,1817,221.72,Rice
71,55,10,5.43,39.55,1.3,1.71,33.99,42.68,1239.81,7.59,6.15,1645,132.68,Wheat
107,18,86,5.76,15.33,1.4,0.65,26.99,56.31,507.92,4.63,18.75,1864,222.72,Millet
74,42,116,7.8,18.94,1.07,2.44,19.2,57.05,1939.14,11.42,19.9,1370,221.13,Wheat
65,42,76,4.82,11.79,0.33,0.22,17,37.7,331.6,11.44,11.6,198,178.1,Cotton
51,13,58,5.8,31.22,0.64,2.12,15.24,46.56,2785.63,7.15,1.33,1089,95.96,Rice
74,74,34,6.29,59.45,1.45,1.24,35.16,39.62,1493.78,10.57,16.77,1473,60.97,Millet
115,43,115,5.25,53.69,0.38,1.78,28.33,84.09,2748.77,11.19,12.98,283,142.11,Rice
152,88,25,5.22,41.65,0.92,1.82,25.26,34.46,2542.34,8.06,10.98,482,248.87,Rice
55,73,94,6.2,53.05,0.66,2.16,17.49,82.73,210.2,8.81,19.34,466,292.23,Wheat
129,34,22,7.52,39.71,1.5,0.69,23.01,61.67,1485.81,9.86,3.53,2163,239.21,Sugarcane
125,64,61,7.86,28.44,0.57,1.64,28.6,69.92,2685.85,11.13,7.55,899,213.27,Rice
77,18,117,8.42,18.68,0.26,1.34,12.16,85.39,1242.14,4.71,12.9,217,303.63,Wheat
58,26,45,4.8,42.65,1.11,0.92,20.82,51.92,1105.01,4.42,1.09,1450,188.94,Barley
99,30,81,5.37,19.65,0.62,1.54,17.19,72.16,2119.64,9.4,17.44,904,181.36,Barley
116,69,53,7.53,30.87,1.05,2.86,29.4,70.3,2174.14,4.38,15.48,2145,251.69,Rice
132,22,92,6.66,51.29,0.34,2.85,28.19,89.3,2000.85,4.84,5.46,800,161.6,Rice
80,12,56,5.81,16.46,0.88,0.91,18.98,32.76,1217.48,7.38,6.85,2246,162.35,Tomato
156,77,89,5.32,16.45,0.69,2.66,11.25,57.33,378.15,5.46,6.81,2438,327.91,Wheat
25,13,85,5.62,21.22,0.9,2.64,15.48,89.37,2784.41,11.19,17.36,551,66.25,Wheat
128,16,29,6.22,37.6,1.31,0.82,14.8,49.67,1088.2,6.65,7.1,948,231.24,Wheat
54,35,27,5.21,22.59,1.46,1.84,27.05,87.94,2427.78,8.62,6.31,933,230.35,Rice
58,84,63,8.36,35.16,1.18,2.62,15.08,79,1184.69,4.08,15.05,1826,278.86,Wheat
137,33,21,4.93,25.1,1.2,1.59,24.47,50.36,1585.28,8.11,12,570,235.4,Rice
24,19,34,8.44,35.31,0.89,1.17,28.44,31.75,1246.28,10.48,7.83,1201,132.01,Potato
106,22,69,7.87,23.88,0.33,1.99,36.39,46.82,427.71,11.75,11.95,447,182.11,Millet
95,53,84,6.19,59,1.07,0.6,17.35,37.42,1122.45,9.43,18.47,2023,173.91,Wheat
76,48,95,7.46,34.64,0.39,0.57,15.58,55.71,2875.9,5.62,9.56,863,292.96,Wheat
146,28,119,7.19,47.18,0.52,2.51,15.2,86.37,508.94,6.9,1.09,659,112.04,Wheat
48,60,43,5.35,45.03,1.12,0.22,20.81,60.76,1756.36,5.25,14.94,2311,159.05,Rice
106,28,22,5.86,34.53,1.05,2.43,29.48,56.85,2911.54,6.7,19.97,629,125.07,Rice
65,85,119,6.55,21.94,0.61,0.94,30.16,42.95,257.43,8.49,2,194,207.42,Millet
135,61,47,7.05,35.54,1.2,1.5,16.33,67.29,393.73,7.9,12.62,2119,92.17,Wheat
131,56,21,6.67,44.05,1.42,1.68,13.94,57.32,2745.53,10.99,8.57,225,154.73,Wheat
64,39,112,6.39,33,0.91,2.32,23.46,76.36,2259.57,5.63,11.73,1428,312.62,Rice
123,55,45,6.27,14.1,1.08,2.66,14.24,60.97,1726.9,7.47,6.85,932,296.43,Wheat
104,85,37,6.49,10.9,0.55,2.43,34.39,83.19,1702.6,9.06,15.31,2242,329.09,Rice
153,30,100,6.24,26.39,1.46,1.76,12.52,76.98,2929.68,11.85,2.77,153,149.49,Wheat
127,84,48,6.67,17.51,0.56,1.11,32.56,38.7,258.67,5.71,2.71,2162,326.58,Millet
37,57,86,8.05,55.31,1.35,1.63,11.28,38.16,957.33,10.66,11.26,2,183.78,Wheat
113,71,52,7.03,18.79,1.41,0.19,34.21,31.46,1087.11,8.94,7.1,75,238.2,Sugarcane
52,67,113,7.39,29.71,1.14,0.81,28.81,52.14,534.58,5.07,18.54,827,170.7,Millet
145,27,100,6.89,45.6,1.26,1.16,19.67,33.28,1200.23,10.27,4.66,1935,91.95,Wheat
141,68,40,7.07,50.77,0.8,1.03,22.17,57,1237.15,5.4,15.74,716,142.04,Sugarcane
157,57,11,6.81,33.89,1.4,0.38,30.21,44.48,2884.64,9.6,19.52,733,324.56,Rice
134,72,91,4.61,19.06,1.17,0.25,15.57,59.89,1437.66,5.92,7.21,959,165.16,Sugarcane
47,21,99,8.5,23.54,0.62,1.32,36.71,39.5,2817.36,7.75,18.43,479,147.32,Rice
30,43,51,4.63,30.95,0.25,0.32,24.49,62.95,2468.1,10.27,7.02,2223,345.55,Rice
66,70,40,6.08,28.23,0.9,0.93,32.8,87.99,2263.15,9.07,11.53,579,157.95,Rice
146,62,70,4.92,27.43,1.29,1.48,25.2,68.23,1125.47,9.92,1.01,47,271.15,Sugarcane
137,34,111,4.89,16.59,1.32,0.71,23.57,63.86,1395.54,10.43,6.02,741,322.43,Sugarcane
145,71,65,7.67,55.67,1.29,0.33,24.09,77.28,324.77,4.28,2,2420,236.34,Millet
91,13,95,6.2,11.49,0.48,1.35,20.89,30.33,1256.57,7.84,1.57,1097,88.49,Sugarcane
126,22,109,7.7,32,0.75,1.4,31.98,46.95,2637.14,11.89,19.92,956,337.55,Rice
156,51,92,5.59,59.02,1,2.76,35.38,89.22,2387.86,10.36,15.53,2131,52.2,Rice
52,58,23,5.53,42.99,1.07,0.47,35.63,76.96,2463.42,6.93,7.39,2038,172.28,Rice
38,87,23,5.5,27.77,0.63,1.88,13.63,35.42,820.48,6.28,13.94,1511,307.97,Sugarcane
93,65,38,6.96,17.3,1.1,1.03,32.84,49.59,788.1,9.64,11.01,359,76.7,Millet
117,56,90,7.76,58.19,0.97,0.46,16,56.39,2057.36,5.1,18.44,1411,284.99,Wheat
148,17,59,6.31,10.7,0.94,1.24,10.37,86.08,2023.55,11.06,5.73,2496,172.48,Wheat
112,64,59,6.02,44.07,1.06,1.34,18.26,65.17,746.87,4.65,10.74,1858,248.8,Wheat
67,27,72,8.39,54.01,0.98,1.15,18.79,34.63,2215.01,8.47,1.12,468,340.25,Wheat
83,44,110,4.97,11.26,0.42,2.32,34.29,60.54,1253.22,10.77,14.82,353,333.23,Potato
80,41,82,6.45,46.26,1.34,2.53,32.27,47.36,2683.05,9.76,11.98,275,72.76,Rice
58,33,74,6.13,59.94,0.51,0.53,12.54,50.32,1220.54,7.88,12.84,613,288.96,Wheat
147,16,77,4.89,41.98,1.17,0.59,19.78,36.86,843.89,5.84,14.79,935,241.69,Maize
107,22,80,5.57,30.73,0.43,1.32,17.54,57.53,748.42,8.8,8.25,929,217.6,Wheat
45,78,20,4.61,53.72,1.06,1.03,27.86,70.17,2714.96,11.73,3.97,6,173.77,Rice
36,51,23,8.01,37.71,1.36,2.48,26.25,75.57,2608.08,4.76,4.5,1710,232.36,Rice
90,40,115,6.93,47.47,0.21,2.99,30.37,71.72,1392.43,4.25,14.91,303,190.95,Tomato
32,83,92,7.76,39.39,1.47,0.63,37.32,69.63,874.02,7.36,19.89,28,291.06,Rice
88,35,113,6.59,11.91,0.24,2.31,22.63,82.15,996.72,8.73,9.54,46,257.58,Potato
45,85,12,6.9,20.66,0.21,1.86,29.68,49.94,1277.87,6.86,4.26,1,301,Maize
68,41,17,7.3,13.94,1.31,1.97,37.55,42.88,324.17,9.74,2.33,1667,114.17,Millet
26,61,102,8.13,15.33,1.12,0.87,26.25,35.37,388.42,8.18,10.15,182,260.04,Millet
77,29,110,4.87,10.77,0.34,0.38,19.25,39.94,2796.89,6.78,14.61,2114,182.97,Tomato
68,49,52,5.82,31.06,1.42,1.68,22.09,38.96,2345.13,10.35,12.44,1832,327.54,Rice
122,68,18,7.34,18.93,1.07,1.88,32.64,84.75,2479.15,4.8,6.54,2201,139.65,Rice
72,86,28,8.33,52.78,0.34,2.89,31.6,40.83,1540.2,4.32,12.29,1258,99.42,Rice
81,23,21,8.42,47.5,1.32,2.06,32.45,35.64,1221.94,4.45,11.32,1300,329.36,Barley
36,53,36,7.05,38.66,0.83,1.39,32.3,54.02,457.52,10.51,5.12,1299,320.73,Millet
44,57,110,5.27,34.45,0.56,2.98,37.61,40.18,1762.64,10.39,8.77,1582,56.04,Rice
150,52,67,4.98,22.79,1.27,1.18,32.92,37.83,2281.4,10.65,17.63,1243,338.33,Rice
48,25,34,8.28,33.75,1.16,0.57,35.66,51.74,748.55,6.27,15.3,1808,225.44,Millet
136,44,54,6.24,42.06,1.01,1.89,27.21,85.16,1289.65,7.93,18.66,1438,340.04,Sugarcane
45,62,111,5.28,49.11,1.37,0.87,29.33,31.83,2796.48,6.56,17.95,1863,189.88,Rice
143,43,57,8.24,14.08,1.32,2.77,39.03,42.46,2562.5,8.7,5.7,680,323.73,Rice
44,12,59,4.92,45.42,0.49,1.34,36.11,79.45,2435.22,10.76,17.38,740,304.09,Rice
73,77,90,7.42,47.14,1.34,0.53,33.32,44.71,310.42,4.16,12.69,391,78.47,Millet
92,14,53,7,37.95,0.69,0.51,30.57,56.47,663.62,8.56,19.28,638,119.45,Millet
139,19,68,4.85,20.72,0.76,1.98,20.76,35.91,1056.91,5.61,4.72,716,101.19,Sugarcane
75,61,42,5.85,36.96,1.46,1.16,26.44,77.71,1050.2,10.96,7.53,1614,180.36,Sugarcane
84,38,112,5.1,35.14,1.19,1.15,11.65,74.19,561.09,11.66,8.61,1399,176.11,Barley
112,40,87,6.92,33.79,0.62,1.88,22.49,37.68,1010.45,10.62,1.45,1620,178.99,Sugarcane
105,75,37,6.41,33.03,1.04,0.74,13.36,86.88,1398.8,4.27,10.11,1947,274.47,Wheat
99,85,27,4.52,15.54,0.9,0.52,31.86,65.44,338.05,6.42,18.93,582,251.43,Millet
127,78,64,8.4,19.14,0.35,2.01,36.77,77.89,1328.9,5.84,16.49,1202,223.46,Sugarcane
137,46,42,5.9,14.87,1.35,0.12,15.22,75.83,1590.29,10.61,4.79,1624,177.98,Sugarcane
102,36,115,5.53,22.12,1.27,2.73,17.37,61.14,314.62,4.14,6.37,1865,112.51,Cotton
34,42,24,5.39,23.17,1.21,0.63,35.71,74.85,2087.76,11.38,19.55,381,143.16,Rice
150,77,70,5.14,22.25,0.93,1.4,27.57,44.27,423.39,8.7,2.14,1704,109.43,Millet
158,68,20,8.5,20.55,0.49,0.71,27.65,31.28,2014.19,9.95,9.63,2202,303.84,Rice
49,73,45,5.68,46.77,1.35,0.73,26.89,50.52,2983.43,7.65,17.85,1105,88.66,Rice
76,53,24,6.12,50.93,0.66,2.52,16.55,39.15,369.75,9.66,14.25,1454,106.61,Wheat
147,58,62,7.99,26.36,0.23,1.8,17.3,88.86,962.1,6.68,19.66,239,195.55,Wheat
67,62,71,7.07,25.26,1.48,1,38.49,85.42,562.13,9.28,19.53,2159,293.8,Millet
155,83,57,5.97,52.2,1.32,0.83,31.7,38.65,1233.85,7.45,15.29,2211,321.3,Sugarcane
41,58,103,8.09,41.2,1.01,0.72,12.71,50.64,2538.73,11.46,10.24,2142,217.81,Wheat
25,75,24,7.5,24.67,0.22,1.71,16.69,60.56,2802.45,11.44,12.86,1561,132.38,Wheat
123,72,72,5.41,45.68,0.5,2.22,28.81,53.92,2551.22,8.56,16.08,10,338.89,Rice
55,34,96,7.07,27.23,0.79,0.84,18.5,72,2134.99,10.19,6.56,980,229.76,Wheat
98,13,52,8.19,39.33,1.02,1.06,17.55,60.21,2208.21,9.94,9.71,1606,90.26,Wheat
135,60,59,6.49,59.63,1.12,2.19,16.07,63.92,537.33,9.65,13.68,988,254.76,Wheat
76,20,69,7.43,25.08,1.22,2.24,15.57,70.66,896.37,11.79,6.16,1240,120.77,Wheat
68,26,68,8.38,56.53,0.92,0.7,28.4,31.42,1218.91,11.02,13.49,1776,171.02,Cotton
101,75,24,7.26,26.03,1.05,1.21,37.18,30.75,340.39,9.96,3.77,1893,112.39,Millet
85,79,38,4.91,37.01,1.25,2.62,20.83,40.69,2500.61,4.63,8.97,1423,57.67,Rice
96,82,84,5.48,33,1.14,2.25,13.65,73.1,915.9,6.84,2.94,2477,302.18,Barley
64,78,118,6.88,49.16,1.44,0.57,13.73,44.43,346.41,6.75,17.03,130,55.03,Wheat
98,38,91,5.6,13.05,1.34,1.22,38.01,85.21,404.64,8.1,6.75,2118,244.22,Millet
39,82,49,8.33,41.36,0.42,2.92,25.86,34.71,2914.58,10.85,18.6,1265,118.88,Rice
142,81,40,6.12,48.03,1.43,1.62,23.99,64.79,2753.56,9.38,15.97,619,208.42,Rice
86,29,82,6.33,33.61,0.47,2.19,36.72,31.53,2884.48,10.17,6.99,1146,319.89,Rice
102,36,95,7.31,15.26,1.49,0.37,25.21,88.32,2878.78,4.33,12.47,1479,293.25,Rice
22,17,20,6.6,22.24,1.11,2.51,24.42,42.82,2438.42,4.43,9.37,2328,96.75,Rice
83,70,90,6.03,43.98,1.02,1.85,37.8,65.26,972.71,11.43,16.31,2048,98.07,Wheat
59,37,106,4.81,54.77,0.62,0.61,24.23,87.18,1109.35,5.68,14.04,191,262.85,Millet
78,79,71,6.89,31.08,0.37,1.2,21.73,31.82,1325.6,10.36,13.42,2285,227.94,Wheat
81,12,84,7.97,38.02,0.36,0.34,27.45,60.76,2398.01,8.39,14.8,527,75.19,Rice
151,78,112,7.24,21.42,1.33,2.35,39.32,61.6,2794.97,6.8,9,183,215.08,Rice
79,82,17,6.03,30.61,0.76,2.26,38.91,51.09,1432.87,10.11,8.86,344,137.37,Pulses
135,16,60,5.01,26.84,0.93,1.52,33.27,69.27,1044.14,11.72,7.67,845,88.48,Sugarcane
94,69,66,7.77,42.78,1.41,1.41,24.98,62.55,879.97,6.07,4.05,135,319.17,Barley
141,13,13,8.27,59.23,0.53,1.44,36.44,44.95,918.11,6.82,7.89,89,283.98,Wheat
126,14,45,6.05,50.67,1.19,0.21,22.58,72.32,219.28,6.35,13,2497,120.81,Sugarcane
115,20,28,7.41,19.61,0.81,1.17,29.2,57.97,855.57,9.16,6.97,2027,271.85,Wheat
110,24,33,6.14,38.88,0.48,0.47,15.38,58.22,1025.77,9.79,4.68,2344,162.5,Wheat
149,73,50,6.51,13.32,1.31,0.64,29.84,87.12,2371.65,7.83,19.19,699,182.48,Rice
81,22,58,7.85,22.35,1.08,2.89,18.28,62.1,1735.88,5.72,12.06,1555,276.49,Wheat
68,16,91,4.83,18.61,0.32,0.86,33.15,77.08,1127.07,6.57,1.61,1908,71.29,Potato
156,15,106,6.62,26.78,0.9,1.5,22.42,82.04,1871.81,9.98,15.85,825,146.73,Rice
111,65,55,5.36,43.94,1.31,2.67,21.95,64.84,2407.28,11.07,13.82,229,281.95,Rice
143,73,45,5.86,34.97,0.29,1.3,32.4,77.18,1908.13,8.06,8.39,110,231.34,Rice
80,59,19,7.08,56.65,0.74,1.63,22.76,48.57,396.68,5.99,14.25,987,137.5,Barley
67,39,87,4.61,20.64,1.25,0.59,31.42,40.92,874.81,9.33,18.37,379,146.08,Millet
155,31,16,6.88,28.21,1.32,0.93,35.65,71.73,1000.42,9.12,5.1,1459,316.46,Sugarcane
77,34,21,5.63,26.49,1.21,1.57,14.11,85.57,1216.21,11.27,11.04,1886,322.53,Wheat
120,37,95,7.18,21.8,0.6,1.16,24.37,32.55,268.95,6.28,15.66,1969,83.4,Cotton
131,48,100,5.07,59.66,0.86,0.21,38.35,75.78,2284.05,10.54,2.58,667,76.66,Rice
81,76,57,7.44,29.36,1.16,1.26,34.37,31.7,1517.02,9.37,15.28,2241,280.73,Rice
58,14,46,7.08,57.03,0.4,2.46,39.21,57.52,2710.43,10.72,15.51,2111,259.56,Rice
77,74,84,8.38,29.52,0.97,0.44,35.81,70.63,1649.51,4.82,11.5,463,266.26,Rice
118,24,45,8.14,20.2,1.14,0.15,19.31,54.32,2966.86,10.62,15.91,156,193.47,Wheat
63,76,69,5.63,15.96,1.3,0.44,15.37,48.06,2161.94,7.82,13.74,1516,102.45,Wheat
48,49,86,4.61,52.78,0.35,2.09,16.32,41.21,2683.23,10.2,7.16,1975,50.54,Millet
78,78,105,7.12,11.6,0.63,2.4,16.51,88.67,2925.19,5.95,3.78,1158,108.3,Wheat
90,86,17,6.91,58.22,0.9,0.24,12.27,64.22,1520.92,6.78,19.28,683,293.33,Wheat
111,52,16,4.61,30.91,1.11,2.67,37.2,37.67,1972.72,7.32,11.94,364,65.63,Rice
28,10,116,4.99,22.37,1.15,1.92,25.08,32.89,2759.3,8.4,14.54,553,135.96,Rice
146,31,52,6.84,40.87,0.53,1.6,13.04,44.6,1810.84,8.08,11.28,869,241.15,Wheat
153,71,67,8.15,16.65,0.22,0.84,32.88,62.32,347.82,5.89,15.12,1994,62.25,Millet
150,88,90,8.13,13.61,1.1,1.18,19.77,75.12,2151.56,11.23,3.9,44,346.37,Wheat
40,35,95,5.11,51.39,1.38,2.85,12.13,88.86,2820.06,11.56,5.21,1656,250.05,Barley
83,27,55,6.04,31.23,1.24,2.74,15.69,80.04,2387.27,5.9,17.22,291,189.91,Wheat
109,57,43,4.67,35.91,1.01,1.91,29.73,66.72,2415.53,7.13,2.04,65,152.55,Rice
55,18,93,6.38,18.83,1.47,1.78,33.82,69.99,421.91,10.44,9.67,2030,322.69,Millet
81,10,81,7.51,13.07,0.76,0.71,17.61,61.32,2264.68,10.26,4.63,1568,276.4,Wheat
95,18,31,7.66,28.39,0.88,2.86,27.31,56.07,290.31,11.79,11.82,923,302.14,Millet
32,32,100,6.5,35.31,0.22,2.29,10.03,77.08,2805.86,11.58,9.85,762,111.8,Wheat
30,54,107,4.88,48.27,1.43,1.21,18.35,40.64,2760.05,11,15.03,2389,341.94,Millet
73,11,30,6.03,35.05,0.96,2.47,15.45,50.04,2944.78,8.69,6.86,1069,53.02,Wheat
35,23,24,8.23,49.13,0.71,0.71,12.3,88.72,1048.95,6.7,9.01,1942,251.74,Wheat
27,47,14,5.42,15.77,0.26,0.72,24.52,64.3,1712.77,8.18,5.45,1963,206.74,Rice
123,49,111,5.78,13.2,0.67,2.39,28.93,59.91,1820.53,10.17,2.95,934,243.26,Rice
78,72,26,7.49,17.94,0.2,1.72,11.39,81.05,1758.83,4.83,5.31,1844,301.3,Wheat
76,25,81,7.43,48.6,0.62,1.71,14.14,75.72,1354.07,9.63,18.07,2287,107.49,Wheat
59,84,28,8.15,47.97,1.44,1.76,37.97,49.56,2963.32,11.17,10.19,1886,213.32,Rice
149,15,14,6.05,17.07,0.4,0.46,16.69,67.56,2682.74,5.68,11.21,1174,348.04,Wheat
113,12,32,6.56,11.55,0.91,1.11,32.8,41.12,1908.98,10.49,15.08,2484,334.13,Rice
157,23,92,6.37,44.26,0.44,1.76,32.43,33.18,2013.67,11.13,17.42,1630,66.22,Rice
63,75,23,8.21,52.76,1.22,0.82,19.65,89.39,2199.9,4.54,1.44,464,281.91,Wheat
158,84,19,7.58,47.71,0.93,1.56,16.12,74.23,1890.35,11.66,3.37,1505,313.54,Wheat
99,76,40,7.83,20.14,0.46,1.72,17.32,85.85,2181.06,8.02,9.12,1004,251.56,Wheat
100,40,22,5.03,39.19,1.33,2.83,26.98,79.91,2486.19,7.66,4.79,1072,92.11,Rice
21,42,31,7.67,47.87,1.22,0.81,21.43,55.68,2938.06,8.82,10.01,1832,128.16,Rice
159,10,46,6.23,22.79,1.44,1.37,24.87,81.69,2577.39,5.71,12.68,2008,104.66,Rice
134,53,48,4.59,36.39,0.2,2.95,34.35,77.2,562.19,9.31,10.31,411,206.39,Millet
109,24,19,4.74,25.72,0.79,0.64,25.07,45.5,1729.92,10.47,13.91,1550,147.23,Rice
42,46,40,7.21,21.28,1.5,2.36,39.86,67.38,1969.34,6.58,1.36,1428,118.3,Rice
81,36,52,5.99,58.48,1.25,0.61,29.98,48.3,944.06,6.04,11.29,1413,202.26,Barley
132,57,108,7.97,55.63,1.28,2.57,16.22,44.04,1531.46,11.32,14.68,2439,191.08,Wheat
147,36,86,7.44,32.28,1.01,1.52,24.99,34.9,2811.54,7.74,19.94,2080,137.23,Rice
81,21,103,4.59,16.84,1.13,2.92,34.4,62.59,925.15,9.03,3,2196,105.55,Potato
57,76,107,7.25,46.4,1.25,0.59,16.55,53.55,1088.4,10.84,1.22,340,138.42,Wheat
80,39,45,5.27,22.79,0.32,2.09,31.88,35.28,2743.21,9.74,6.52,2377,167.54,Rice
148,75,44,6.19,18.43,1.1,2.12,11,73.1,464.22,6.57,7.25,323,100.23,Wheat
141,16,77,7,29.08,1.26,2.18,38.28,73.38,2664.47,4.16,16.36,1672,218.78,Rice
129,43,64,7.99,36.49,0.25,0.39,29.9,44.12,1050.7,7.75,5.78,1245,229.82,Sugarcane
32,41,77,6.32,14.87,0.59,0.94,14.88,87.35,1595.62,5.99,5.68,1652,129.85,Wheat
119,48,56,7.73,38.59,0.62,1.08,36.23,76.67,1999.98,7.36,17.54,2075,125.46,Rice
154,52,15,7.63,10.77,1.31,1.04,12.45,78.32,2010.06,7.67,9.15,1245,191.7,Wheat
41,52,37,6.16,54.59,1.21,2.06,22.18,30.22,2943.95,10.93,13.5,1879,174.01,Rice
93,87,39,6.5,56.04,1.05,0.26,32.11,88.71,297.37,10.13,4.95,933,93.29,Millet
151,12,36,7.3,46.65,1.25,2.22,38.12,89.42,2170.68,5.57,12.44,2153,322.95,Rice
42,55,78,4.62,33.33,0.79,1.63,20.46,60.43,2567.73,6.53,18,352,149.46,Rice
138,41,117,8.06,22.74,1.34,0.6,34.92,89.1,1847.32,8.67,14.9,1176,236.34,Rice
89,52,48,7.58,47.21,0.5,0.76,15.9,66.73,2932.03,8.52,3.65,527,103.91,Wheat
103,12,44,5.5,56.59,1.12,0.38,11.05,38.04,1369.46,8.37,3.5,164,163.48,Sugarcane
120,83,112,8.42,17.93,0.51,1.43,10.86,78.85,2299.61,11.62,2.93,394,101.93,Wheat
103,72,53,5.22,33.29,0.25,1.83,29.75,63.49,2121.83,9.54,18.46,2160,304.67,Rice
47,49,24,8.16,25.76,0.57,1.78,14.63,50.54,287.82,4.78,12.59,1798,225.42,Wheat
155,27,92,5.8,27.84,0.84,2.89,11.51,44.17,1747.81,11.52,1.33,1588,187.65,Sugarcane
20,76,103,7.55,30.29,1.3,0.96,39.3,61.13,930.57,7.71,16.93,2037,86.19,Millet
82,71,111,6.33,57.59,0.86,2.31,17.26,71.51,1680.5,8.64,7.2,1866,87.41,Wheat
41,19,41,7.45,22.93,0.43,2.2,23.88,82.62,2675.41,10.56,13.85,318,277.25,Rice
89,61,113,5.12,34.63,1.49,0.28,28.39,65.92,1964.35,5.71,17.19,2394,183.83,Rice
144,82,38,5.58,57.57,0.55,2.8,14.33,54.92,1862.89,8.1,15.32,1543,130.53,Sugarcane
115,55,72,4.9,33.8,1.48,2.8,20.72,67.93,2082.83,10.88,16.61,1024,63.04,Rice
98,64,15,7.96,53.18,1.42,1.25,29.43,59.82,1679.29,9.89,16.28,2364,236.24,Rice
24,55,99,5.69,12.94,0.91,1.31,29.19,69.12,1453.81,6.8,3.83,799,246.16,Rice
79,84,36,7.28,57.65,0.32,2.48,35.26,66.54,1248.42,8.71,8.37,478,122.29,Wheat
139,69,108,7.78,19.38,1.1,1.54,23.12,88.72,2160.21,4.06,18.37,386,154.51,Rice
65,35,37,8.11,59,1.3,2.42,36.69,67.33,2372.05,4.38,2.78,1195,91.7,Rice
153,36,14,4.93,18.78,0.78,0.2,30.47,71.46,1385.07,4.91,19.55,23,54.08,Sugarcane
75,47,50,8.07,32.22,0.51,0.83,26.86,83.54,322.44,9.56,5.3,1996,181.53,Millet
129,31,65,5.29,25.43,1.24,0.36,13.51,84.78,1720.81,8.96,12.74,2312,335.07,Sugarcane
123,35,63,7.45,31.66,0.91,1.42,27.24,38.45,1806.17,11.33,7.21,2288,260.56,Rice
96,78,89,7.42,22.53,0.46,2.58,27.84,57.23,1541.2,9.67,19.67,1258,300.95,Rice
21,44,114,4.53,58.27,1.43,1.75,32.76,86.57,1207.8,7.36,10.97,1835,324.44,Rice
27,75,27,5.38,25.29,1.43,1.61,31.57,87.59,2708.57,10.94,3.84,492,59.64,Rice
94,82,86,6.47,42.66,0.68,1.16,25.9,41.4,1547.13,4.34,17.09,910,58.56,Rice
144,60,52,6.18,16.87,0.28,0.28,27.78,56.62,2437.11,4.08,8.63,1437,89.39,Rice
57,27,98,8.17,51.22,1.02,2.32,33.17,46.72,1985.64,6,17.19,2217,218.65,Rice
46,52,83,5.94,37.13,0.61,1.76,20.54,77.44,2403.76,5.02,9.43,268,53.72,Rice
39,21,38,8.25,58.97,0.29,2.8,14.05,81.13,2657.47,6.16,18.73,1899,71.53,Wheat
159,12,19,6.34,31.17,1.36,1.35,36.23,58.15,881.35,6.44,2.05,2382,173.71,Rice
62,16,15,8.36,19.77,1.5,1.26,38.95,70.54,2520.29,7.64,19.68,640,200.12,Rice
50,15,89,7.45,27.3,0.66,2.93,22.88,82.2,2219.09,8.88,9.82,569,93.11,Rice
110,54,98,7.82,46.85,1.17,0.51,39.71,72.57,1771,6.82,8.01,1527,316.2,Rice
80,48,117,4.92,42.96,0.29,0.83,19.68,39.39,1725.9,11.74,1.79,1912,264.12,Pulses
128,60,13,6.84,48.92,0.68,1.52,12,72.72,1071.98,8.33,5.33,2134,127.11,Wheat
110,18,110,5.07,13.67,0.34,1.62,27.17,39.54,1713.78,11.01,6.94,978,200.99,Rice
114,32,43,5.69,39.02,0.27,1.69,36.05,69.22,1276.18,10.42,14.84,1658,70.45,Sugarcane
32,21,92,6.99,56.61,0.97,0.72,28.52,50.01,2688.67,4.38,14.25,2415,192.19,Rice
132,71,42,7.4,15.4,1.24,2.79,10.28,33.39,1829.81,7.77,17.82,2074,152.36,Wheat
54,82,13,4.66,14.72,0.79,2.14,10.35,43.59,1037.28,10.45,18.85,2107,328.35,Millet
67,86,53,6.62,45.83,0.88,0.85,31.73,58.1,604.25,11.25,14.81,1391,279.03,Millet
54,49,107,6.76,25.76,0.55,0.95,35.36,89.64,2143.16,9.06,14.12,1081,161.58,Rice
105,63,85,4.82,42.93,1.16,2.65,17.59,45.34,2061.2,11.46,18.09,1286,100.33,Sugarcane
133,16,40,6.5,37.27,0.67,1.2,24.1,88.73,1208.15,9.31,3.49,1611,341.64,Sugarcane
119,26,89,7.36,59.3,0.29,1.71,38.83,51.85,654.08,5.67,2.47,431,301.01,Millet
118,59,75,4.71,54.45,0.42,0.45,23.82,87.6,2205.3,8.47,14.45,917,150.99,Rice
22,33,67,7.54,43.9,0.37,0.83,14.07,87.37,957.11,10.05,6.88,587,177.42,Wheat
104,11,69,6.81,23.08,0.77,1.31,37.35,38.57,2613.63,9.33,9.06,859,221.26,Rice
144,42,11,7.83,23.1,0.28,2,24.86,79.72,2233.44,4.67,12.55,276,144.56,Rice
157,30,45,5.37,54.11,1.25,0.91,20.33,61.04,2698.7,5.9,19.06,871,113.23,Rice
102,83,79,7.83,39.27,1.38,2.86,12.92,71.17,2956.86,9.5,17.6,805,246.08,Wheat
44,62,69,4.88,49.46,0.52,0.74,23.75,76.56,1154.84,8.23,14.95,1102,331.13,Tomato
87,55,32,6.12,32.49,0.83,2.36,33.09,37.47,1611.38,4.25,9.18,2117,106.34,Rice
80,54,112,5.3,15.15,0.87,1.16,31.52,77.94,1330.57,9.91,16.06,288,151.92,Pulses
48,18,56,8,26.63,1.48,2.52,24.9,48.17,417.26,4.64,4.42,82,65.78,Potato
146,15,117,7.32,18.06,0.29,2.78,31.59,73.94,1333.92,5.48,16.34,157,251.17,Sugarcane
38,60,110,4.6,49.09,1.07,0.64,20.52,64.42,1442.63,11.24,10.03,26,289.57,Tomato
93,44,55,4.54,45.03,0.65,1.53,32.06,71.08,685.51,6.52,5.97,2329,143.43,Millet
80,62,89,5.66,14.42,0.85,0.55,12.57,67.37,2673.28,4.27,9.81,823,88.84,Potato
39,28,116,5.07,41.07,0.48,2.15,15.98,78.63,1018.82,4.14,15.99,1982,244.97,Cotton
67,78,53,7.02,53.71,0.41,2.51,36.33,83.67,2324.03,11.48,13.49,698,191.73,Rice
106,34,28,7.16,44.87,0.52,1.23,18.81,56.95,413.56,6.98,3.6,1691,206.85,Wheat
158,20,58,8.27,35.56,0.29,1.25,16.18,53.53,284.25,8.97,14.14,1738,157.8,Wheat
129,83,97,8.31,25.59,0.56,0.69,12.67,44.53,2987.36,7.31,16.83,404,333.44,Wheat
47,26,67,7.14,54.35,1.1,0.99,21.79,78.83,544.45,5.71,3.86,2414,179.41,Cotton
78,45,100,4.52,31.14,1.05,1.04,12.01,88.02,2344.41,11.02,2.17,1750,197.74,Barley
152,30,16,5.94,52.77,0.92,0.55,24.91,41.72,1892.65,11.6,2.08,1000,119.32,Rice
70,27,103,6.55,49.15,0.2,1,37.58,57.47,1468.27,11.9,1.42,1254,140.69,Wheat
31,69,50,6.5,50.81,0.36,2.73,33.61,76.22,303.38,4.33,1.34,2229,312.23,Millet
69,27,87,6.91,59.49,1.3,1.04,11.22,68.16,1120.16,4.4,16.29,1225,74,Wheat
151,10,117,8.34,47.44,0.55,0.9,18.99,78.9,2720.25,10.86,15.04,719,120.05,Wheat
132,23,24,8.04,11.7,1.39,1.22,15.63,30.97,2734.43,5.41,18.89,636,192.07,Wheat
33,17,85,4.94,20.27,1.34,2.88,12.01,84.68,1879.16,8.49,7.76,2387,97.29,Cotton
51,75,62,5.56,11.76,0.4,2.32,13.26,33.68,1809.09,8.64,14.47,1335,306.64,Barley
158,60,102,7.83,19.5,1.37,0.69,37.24,56.73,1391.68,9.3,8.81,553,259.75,Sugarcane
74,88,32,7.8,13.07,1.02,2.28,19.3,46.55,2371.58,4.3,11.65,791,282.58,Wheat
139,69,86,5.6,35.08,1.02,2.32,21.77,85.69,2672.25,6.47,9.34,1997,259.7,Rice
94,43,82,7.42,11.41,1.31,2.86,24.57,46.51,2237.02,8.11,8.89,281,249.46,Rice
40,45,97,7.19,33.63,0.73,2.68,32.35,52.4,1670.8,5.4,5.66,2222,177.55,Rice
152,71,112,6.39,54.94,1.16,0.38,33.95,83.3,1976.86,11.55,12.04,687,177.89,Rice
106,10,103,5.31,47.43,1.07,1.42,38.91,62.24,815.27,10.63,5.97,423,234.28,Potato
78,51,74,8.05,57.2,1.2,2.14,16.32,83.89,2975.44,5.12,3.66,2443,103.64,Wheat
108,10,69,7.21,21.33,1.06,2.92,19.03,69.66,2820.43,9.37,15.24,392,97.4,Wheat
102,63,19,5.18,36.55,0.3,0.35,19.39,34.75,2878.58,7.28,13.27,221,56.34,Sugarcane
84,56,111,7.32,25.93,0.58,1.17,23.36,56.09,667.17,6.49,6.57,1169,134.07,Sugarcane
83,48,67,7.47,34.69,1.42,1.53,34.22,40.58,2027.79,6.33,12.98,295,67.76,Rice
90,39,56,8.05,37.85,0.49,1.3,17.18,33.91,2037.76,9.3,1.5,290,328.91,Wheat
23,16,24,5.39,11.81,0.81,1.42,33.49,52.43,1194.27,11.23,19.78,500,89.36,Cotton
123,31,18,8.46,21.66,0.66,1.17,16.12,84.51,2622.5,10.69,4.3,659,137.33,Wheat
112,59,22,5.11,45.24,0.31,2.91,31.3,37.06,2390.56,6.79,18.89,2492,120.32,Rice
131,54,32,6.9,48.65,0.44,2.43,33.97,30.41,2214.93,9.66,2.3,139,210.52,Rice
138,83,42,7.13,38.47,0.57,2.24,35.61,86.11,280.89,8.22,14.46,744,93.18,Millet
78,81,18,6.18,23.54,0.8,1.29,25.31,61.81,2973.58,7.52,5.22,119,291.22,Rice
62,19,12,6.4,30.25,1.34,2.66,19.86,63.51,2211.44,6.37,19.34,939,88.46,Wheat
31,23,103,8.06,14.8,0.87,0.37,33.17,85.71,2914.44,4.65,6.99,1771,322.48,Rice
59,55,82,7.08,57.66,1.05,0.52,19.63,72.01,442.98,5.54,1.75,2342,290.53,Wheat
137,84,34,6.49,53.43,0.75,2.87,14.44,79.61,2144.18,8.53,1.64,694,245.79,Wheat
39,15,97,5.01,13.28,1.33,1.74,35.04,76.23,2285.47,9.83,17.26,2375,174.41,Rice
150,30,105,4.53,18.32,1.06,0.56,22.34,66.71,381.08,4.29,2.32,564,115.14,Barley
109,71,80,5,39.05,0.32,2.85,27.13,71.3,380.55,7.03,16.73,2331,102.83,Millet
113,28,45,8.32,21.62,0.82,2.93,37.55,63.64,2334.35,5.33,3.85,192,228.27,Rice
32,71,98,7.56,56.72,1.28,2.66,14.07,51.32,2433.5,8.82,6.25,1616,286.77,Wheat
85,62,29,8.37,47.78,1.15,0.79,26.72,47.12,2748.5,10.92,19.64,1744,94.37,Rice
56,33,90,4.64,23.66,1.38,0.91,26.76,40.56,2361.71,11.44,14.77,523,208.88,Rice
85,65,63,7.22,10.31,0.5,1.28,35.86,51.24,873.04,11.08,3.77,316,253.22,Millet
55,71,109,4.68,49.97,1.47,1.78,20.24,64.61,2912.37,10.98,6.14,1170,169.61,Rice
45,43,99,7.63,31.2,0.57,2.98,22.04,65.25,948.27,8.81,10.04,600,324.9,Potato
94,31,28,6.02,42.12,0.27,2.87,25.58,71.01,2236.2,5.94,17.82,1730,162.03,Rice
127,77,69,4.88,24.35,0.84,2.77,15.02,82.77,1682.25,9.98,14.51,2007,180.45,Sugarcane
62,66,46,6.77,17.14,0.34,0.36,24.12,69.11,542.46,9.8,14.21,757,156.03,Rice
27,19,12,5.62,43.77,1.09,2.3,23.08,40.25,2795.96,5.33,7.84,1986,317.79,Rice
48,75,116,7.14,32.52,1.37,2.64,15.92,31.54,1846.19,5.56,13.43,300,107.31,Wheat
59,17,101,7.13,21.76,1.4,1.07,34.99,41.81,457.09,4.87,4.28,106,142,Millet
147,47,95,7.32,16.88,0.99,0.74,22.93,84.49,1273.4,7.99,11.82,1547,285.07,Sugarcane
103,71,28,8.47,39.02,0.9,2.27,19.18,64.06,2341.99,6.57,11.64,1095,166.85,Wheat
135,37,62,6.05,46.28,1.49,0.36,13.91,80.92,1931.58,11.2,14.07,689,170.33,Wheat
81,19,55,6.36,24.19,0.95,2.83,12.69,44.06,825.79,4.29,5.61,223,311.36,Wheat
26,54,89,7.72,46.76,1.41,0.55,38.81,72.59,1794.38,6.59,3.22,1365,164.47,Rice
64,74,65,6.81,19.16,1.39,1.43,39.85,73.9,1064.82,11.01,19.38,1037,281.44,Maize
107,76,79,4.65,26.92,0.58,2.95,36.94,78.57,1676.35,11.99,3.91,975,271.27,Rice
92,18,110,7.87,47.24,0.22,2.97,23.76,62.13,1090.31,9.78,7.41,1018,267.97,Barley
56,14,40,4.71,43.01,0.77,2.35,34.24,77.61,1589.58,11.21,17.55,1485,326.68,Rice
138,19,62,5.18,23.53,1.32,2.53,35.03,86.13,2558.06,4.13,12.29,1264,328.41,Rice
76,21,43,4.91,16.11,1.29,2.9,18.99,87.44,793.65,10.17,5.09,938,174.37,Potato
27,67,40,4.81,12.12,0.98,2.79,27.58,37.53,205.01,7.69,10.12,2168,192.5,Millet
114,30,69,4.6,51.9,0.4,1.9,38.7,67.46,633.99,9.52,16.98,1403,279.38,Millet
136,30,20,4.72,13.76,0.34,2.23,18.4,36.81,2557.2,7.44,19.8,472,92.9,Sugarcane
129,74,109,6.27,15.74,1.44,1.82,29.89,85.36,1362.16,8.55,13.22,2228,123.78,Sugarcane
39,12,15,5.51,21.89,0.75,1.57,29.88,87.32,2271.33,6.08,5.82,141,341.15,Rice
143,78,36,5.01,32.28,1.04,2.65,23.58,59.98,286.13,8.59,16.44,1507,140.76,Cotton
72,73,16,7.13,49.49,1.38,2.24,24.71,87.59,609.77,6.33,16.37,1639,210.99,Maize
138,58,58,5.4,22.37,1.33,2.59,23.69,75.97,1793.06,6.24,17.89,2114,104.34,Rice
31,81,105,4.58,37.18,0.94,0.38,25.63,71.76,2216.85,6.62,3.59,1729,219.29,Rice
36,26,81,6.17,14.52,0.83,1.77,14.46,64.85,2406.08,5.61,7.94,1509,300.03,Wheat
83,82,69,5.74,33.23,1.16,1.06,33.84,54.41,2000.44,5.78,5.44,2133,336.68,Rice
61,41,42,5.77,18.88,0.65,1.59,29.83,87.83,2318.71,11.45,5.11,1689,175.8,Rice
113,79,56,6.28,20.56,1.01,1.88,39.21,41.82,664.11,7.64,7.94,1112,317.06,Millet
30,30,53,7.18,28.34,0.23,2.55,17.37,78.15,2042.89,8.91,1.9,805,187.53,Wheat
117,16,88,6.97,48.07,1.27,0.19,14.38,52.05,1390.82,8.57,17.11,348,298.19,Wheat
90,16,36,8.25,47.2,1.5,0.58,20.28,75.19,2761.64,6.12,17.18,104,114.97,Rice
127,36,103,6.57,30.75,1.44,2.77,25.29,39.82,1922.8,4,18.92,2426,197.63,Rice
77,17,31,6.39,15.93,0.67,2.91,16.15,52.4,1716.67,4.83,2.34,2309,299.65,Wheat
53,82,56,5.35,24.03,0.89,0.26,23.82,86.77,1819.13,10.65,11.86,2091,212.94,Rice
39,37,102,7.52,35.27,0.51,1.06,29.28,63.44,2527.69,4.87,1.12,512,220.38,Rice
69,88,114,5.06,53.47,0.59,0.13,11.69,59.47,231.57,5.65,12.21,2272,242.16,Barley
121,75,57,6.46,58.41,0.79,2.3,32.74,75.13,2608.75,11.3,2.85,1693,65.04,Rice
157,80,39,6.19,41.87,1.17,2.08,38.19,55.02,281.72,10.46,8.34,2043,57.86,Millet
71,56,11,7.13,27.53,0.22,1.74,18.05,59.58,1831.45,4.43,7.15,1489,95.47,Wheat
34,19,24,8.17,44.67,0.71,2.11,33.29,63.64,1607.26,9.15,7.29,2226,170.17,Rice
103,42,56,8.29,26.81,0.92,1.66,22.54,89.4,1236.99,8.13,4.64,1380,265.32,Sugarcane
150,16,36,5.17,41.27,0.48,0.79,29.93,78.32,560.42,6.92,2.99,28,85.53,Millet
56,12,80,5.55,22.19,0.3,2.29,32.29,32.39,547.4,7.98,1.31,2127,238.11,Millet
145,23,36,7.75,23.35,0.9,2.37,18.85,77.02,2278.04,5.21,15.27,527,125.84,Wheat
59,53,94,6.57,13.76,1.03,2.58,33.62,60.18,517.79,11.64,18.41,429,121.52,Millet
91,55,22,6.31,31.01,1.03,2.87,13.15,43.84,2124.31,5.37,18,1687,224.89,Wheat
59,70,64,7.34,40.91,0.66,2.27,39.6,81.21,2972.86,5.49,13.03,1762,301.63,Rice
75,45,26,6.91,49.44,0.51,0.26,20.11,46.23,2109.29,6.95,3.3,747,268.68,Rice
123,22,84,8.38,50.52,0.49,0.16,16.71,49.22,410.59,5.7,11.79,1358,193.08,Wheat
158,25,68,6.84,59.62,0.25,2.25,14.16,33.78,1717.77,6.5,2.86,547,297.86,Wheat
129,89,19,6.36,14.39,0.44,0.26,34.37,88.66,2536.43,4.32,10.74,526,114.1,Rice
155,14,42,6.67,34.66,1.26,1.02,27.58,77.72,2872.91,8.91,17.29,37,126.51,Rice
112,47,87,7.73,36.07,0.2,0.49,38.55,38.89,2237.44,5.93,4.78,660,136.78,Rice
113,59,46,6.95,50.23,0.26,2.91,29.43,59.37,1067.07,11.77,18.73,1714,201.52,Sugarcane
75,47,17,7.09,23.32,0.37,1.02,20.22,50.2,903.24,4.91,8.34,1041,256.01,Sugarcane
79,65,42,8.39,13.47,0.75,0.26,35.09,31.94,2394.7,4.62,5.15,515,327.47,Rice
157,72,16,6.97,25.69,0.63,2.85,18.44,85.63,2328.88,5.39,10.53,1964,240.99,Wheat
58,57,43,6.02,59.2,0.43,1.87,18.73,80.36,1561.88,8.34,17.52,2198,145.42,Wheat
47,68,80,7.27,54.97,0.34,0.2,10.85,89.22,443.07,9.98,6.14,1176,106.67,Wheat
68,86,16,7.14,29.76,1.42,2.52,17.56,44.55,2081.7,8.47,4.27,2205,290.4,Wheat
144,53,50,4.56,53.81,1.38,0.54,17.84,71.97,1853.25,10.88,13.15,2270,221.93,Sugarcane
32,64,109,6.37,11.64,1.2,2.43,18.93,37.09,233.2,8.75,14.15,1237,162.27,Wheat
55,64,64,7.47,25.71,0.53,1.85,21.06,55.88,1998.79,5.11,2.37,1229,199.26,Rice
120,10,16,6.5,46.34,0.62,0.61,27.3,80.8,570.66,5.49,5.8,112,160.37,Millet
45,17,93,7.62,21.07,1.07,2.28,16.49,30.48,2512.33,6.86,3.27,173,294.6,Wheat
105,13,27,6.3,19.92,0.58,1.42,29.1,58.84,2086.02,11.36,14.5,1947,248.66,Rice
23,62,118,8.43,53.09,0.89,1.95,14,56.08,344.74,7.68,11.04,2085,96.64,Wheat
101,67,52,5.67,40.8,1.05,2.62,37.93,71.46,1689.11,10.99,18.01,801,292.05,Rice
146,46,114,4.87,59.45,0.87,0.85,10.78,44.28,2455.09,4.6,13.86,592,205.24,Sugarcane
107,58,87,6.22,16.73,0.74,1.16,37.25,40.4,2523.96,9.49,6.19,57,217.39,Rice
146,76,49,6.67,27.81,0.65,2.99,26.42,69.04,439.07,7.74,7.43,2347,88.38,Millet
139,28,62,5.9,25.56,1.21,1.57,31.3,68.48,420.93,5.38,8.97,544,196.45,Millet
41,10,23,5.47,54.01,1.16,1.72,18.95,75.11,2369.99,4.65,2.87,2298,175.77,Cotton
149,38,30,7.19,22.76,1.11,0.93,15.21,44.81,851.43,6.52,18.51,578,247.32,Wheat
50,42,66,6.01,27.67,0.69,1.31,38.42,30.98,1863.28,10.56,14.28,1663,227.59,Rice
138,61,100,7.03,17.14,1.21,1.55,23.23,82.68,1904.76,9.12,14.78,989,85.17,Rice
30,50,55,7.62,48.77,1.45,0.85,24.42,42.38,1963.47,7.7,13.53,1278,243.86,Rice
65,32,35,7.54,21.89,1.1,0.79,39.57,55.08,1146.05,10.76,9.42,2415,167.06,Wheat
115,14,100,6,13.42,0.73,1.84,20.08,58.11,311.72,5.45,8.21,8,242.51,Millet
29,80,33,6.77,31.76,1.24,0.63,13.01,41.24,1704.95,6.23,11.45,769,129.36,Wheat
147,66,14,6.3,29.57,0.99,1.71,27.61,61.25,1642.02,8.43,15.02,1677,101.6,Rice
118,15,51,7.98,18.88,1.34,2.15,26.64,84.86,1412.79,8.72,7.77,941,341.17,Sugarcane
131,58,111,8.02,16.68,1.13,0.67,33.19,46.28,982.7,6.57,10.37,1129,166.38,Wheat
79,31,101,5.87,54.83,1.2,2.26,38.65,61.22,2560.52,8.03,13.4,1303,107.11,Rice
106,86,115,4.87,13.39,1.07,1.14,19.23,48.52,1236.27,4.96,6.26,2472,209.17,Sugarcane
84,85,52,5.17,14.97,0.32,2.98,31.65,88.84,555.04,4.09,16.83,1740,215.17,Millet
76,13,41,5.97,22.25,0.83,2.94,23.04,43.24,2322.74,11.24,5.06,1689,151.85,Rice
125,81,97,6.76,57.64,0.27,2.42,33.51,36.56,1981.58,7.53,17.39,797,125.61,Rice
28,73,15,7.13,14.27,0.78,1.09,14.93,38.56,1065.63,5.85,1.09,187,145.79,Wheat
41,46,83,5.83,50.8,1.13,2.82,25.03,52.02,623.19,6.64,13.23,1753,295.25,Millet
108,40,119,7.17,54.6,0.75,3,12.32,63.17,1431.07,8.14,10,1765,214.56,Wheat
37,46,76,8.25,28.89,0.2,1.44,26.84,70.08,384.62,11.57,5.7,1724,155.03,Millet
134,54,16,7.11,24.69,0.68,1.88,15.07,63.74,823.72,9.77,19.02,311,316.4,Wheat
125,17,38,5.13,43.87,0.29,0.12,38.8,84.33,2899.1,11.59,5.05,1906,140.54,Rice
34,49,43,6.82,45.13,1.21,0.23,26.63,51.62,621.39,4.9,10.34,493,252.13,Millet
82,14,16,6.67,49,1.22,1.55,25.88,72.74,969.94,5.43,11.62,2309,258.83,Millet
32,37,90,7.98,51.53,1.25,1.87,39.17,46.09,589.12,6.9,19.15,340,204.05,Millet
100,18,86,5.9,23.42,0.24,1.01,24.95,70.91,2753.6,5.95,13.12,64,323.52,Rice
51,11,67,6.19,44.35,0.24,0.39,30.3,85.55,2789.54,11.66,2.37,618,227.74,Rice
156,72,94,6.89,16.75,1.37,2.37,11.4,88.7,366.52,5.37,8.91,1677,339.36,Wheat
59,60,40,6.6,35.54,0.36,1.31,31.25,73.78,2715.02,5.36,17.44,386,53.51,Rice
101,40,82,7.38,40.64,1.07,1.98,13.13,86.55,598.5,7.9,15.46,1180,214.82,Wheat
96,16,54,4.66,18.09,1.23,1.99,33.41,70.83,1312.42,9.58,1.97,181,238.08,Wheat
95,39,56,6.75,13.83,0.78,1.69,36.31,87.79,1841.62,7.03,12.08,1728,71.59,Rice
57,67,86,4.99,19.74,0.91,0.62,19.46,83.88,1494.75,4.35,3.19,1041,126.42,Potato
90,12,90,5.76,31.03,0.5,1.89,36.34,36.4,580.58,10.13,2.87,2057,236.94,Millet
67,60,81,7.15,54.39,1.4,1.03,24.48,58.45,2416.42,11.56,19.28,2238,341.56,Rice
37,65,82,5.13,36.6,0.59,2.48,27.15,50.85,2124.76,10.48,14.29,730,332.68,Rice
58,82,82,5.74,47.42,0.48,0.66,22.33,31.62,2835.37,10.72,3.07,1410,193.83,Rice
108,19,49,7.31,18.71,0.88,0.94,24.3,58.01,1188.25,10.78,7.43,719,102.96,Sugarcane
81,70,39,7.1,15.3,0.45,1.38,37.25,38.9,1405.1,10.08,13.91,2441,72.32,Wheat
128,59,71,4.86,21.98,1.09,2.25,38.42,32.19,1179.3,10.44,18.2,1863,195.37,Sugarcane
100,56,80,6.81,25.69,0.87,2.19,23.38,56.7,376.37,4.61,2.27,294,212.65,Wheat
153,10,26,5.09,37.41,0.39,1.08,25.43,43.94,353.92,4.44,2.58,1396,257.3,Millet
96,66,112,5.51,54.06,0.29,1.58,13.49,86.12,2331.72,4.6,3.12,889,181.69,Millet
109,47,111,6.34,31.3,0.38,0.78,19.77,78.76,997.6,8.73,11.35,552,147.07,Wheat
33,71,14,4.94,35.94,0.38,2.33,25.4,87.37,1563.96,5.93,9.82,1676,310.03,Rice
114,88,90,8.47,10.23,0.61,0.67,16.08,82.89,2941.12,4.23,4.12,1264,170.54,Wheat
73,79,113,5.16,11.67,1.28,2.48,27.3,73.68,249.44,4.61,11.18,1785,92.53,Millet
151,74,10,7.63,14.19,0.27,2.82,30.56,65.86,1649.43,4.55,7.51,259,171.05,Rice
58,71,89,7.82,44.95,0.37,2.98,29.5,33.93,1651.02,9.02,4.19,161,319.19,Rice
91,65,90,8.48,34.31,0.59,2.59,23.28,45.95,2995.94,5.14,1.63,277,164.42,Rice
44,76,103,6.21,19.65,0.92,0.74,33.08,72.64,2536.13,10.77,2.89,842,269.45,Rice
96,26,40,8,39.63,1.19,1.31,19.59,54.07,387.04,11.94,8.36,1096,321.69,Wheat
139,17,44,8.33,37.23,1.4,0.36,24.08,49.52,639.9,7.53,10.77,97,69.76,Cotton
72,69,118,5.19,14.44,0.74,0.58,18.1,36.24,294.95,8.3,5.26,593,177.92,Barley
150,49,81,6.42,42.02,0.34,0.24,28.11,34.21,751.14,6.08,15.83,2472,147.79,Millet
115,71,39,4.74,48.36,0.48,1.96,23.22,42.6,794.53,9.24,11.83,1814,187.46,Barley
91,50,112,6.98,24.33,0.57,1.65,16.51,80.07,451.68,11.32,15.61,966,68.64,Wheat
81,21,94,6.83,44.37,1.22,2.76,19.25,69.78,1676.22,5.45,8.56,1223,83.75,Wheat
25,63,24,5.32,19.99,1.09,1.44,18.38,50.46,2930.03,11.63,17.92,863,195.67,Pulses
51,20,107,7.69,47.84,0.47,1.96,37.33,33.66,2450.71,5.77,16.21,1724,327.2,Rice
118,69,65,4.65,55.59,1.29,1.26,25.66,41.3,769.45,6.13,11.51,1944,78.84,Millet
157,77,69,7.72,32.09,1.32,2.51,29.58,56.99,2392.39,11.29,13.97,921,78.6,Rice
150,87,36,4.61,22.23,1.35,2.79,38.04,39.19,2950.28,8.75,3.8,1954,120.85,Rice
95,55,11,7.13,29.96,0.56,1.35,15.47,75.76,2538.65,4.25,15.67,1740,88.28,Wheat
78,47,83,4.82,22.5,0.37,0.34,38.11,77.32,1512.29,10.42,12.53,539,166.85,Rice
50,70,73,5.5,10.06,0.34,0.57,26.19,38.21,954.14,9.14,4.79,1610,203.05,Barley
112,26,14,7.39,42.52,0.72,2.19,35.69,73.61,2294.09,9.94,6.18,1269,286.7,Rice
88,75,100,5.62,12.13,0.76,1.04,15.04,60.73,2402.06,5.29,18.41,395,110.58,Rice
71,81,77,6.54,20.52,1.33,2.38,18.19,87.74,1031.15,10.98,4.7,2162,53.57,Wheat
108,45,22,8.16,46.12,0.55,2.27,15.83,77.25,827.71,10.26,9.28,1018,261.79,Wheat
146,83,90,4.7,43.29,1.01,2.11,29.6,65.12,2081.9,11.66,16.97,1834,190.5,Rice
50,16,94,7.74,13.67,1.22,2.46,14.22,66.22,2687.6,7.27,6.98,1944,161.13,Wheat
103,25,32,4.76,43,0.55,2.29,33.78,40.73,257.99,8.15,4.11,2076,298.49,Millet
146,23,106,5.01,56.53,0.55,1.93,17.51,83.62,2963.85,9.61,10.38,693,121.82,Sugarcane
151,89,59,4.98,13.73,1.07,0.11,17.66,63.55,737.18,4.84,4.62,2042,165.18,Millet
32,34,88,8.48,30.78,1.14,1.6,18.43,64.45,1178.37,5.68,19.69,1792,183.96,Wheat
64,13,87,5.22,46.47,1.45,1.83,32.39,64.53,348.2,6.31,13.38,167,141.11,Millet
146,38,82,8.09,43.39,1.3,2.89,37.73,46.57,355.51,11.56,10.61,2134,126.41,Millet
133,65,117,8.46,21.33,1.27,1.99,37.23,78.73,963.71,4.01,9.33,1330,246.17,Barley
39,15,46,6.04,18.15,1.1,1.77,13.04,81.74,1782.05,11.95,12.73,1552,239.54,Wheat
100,10,39,7.02,49.21,0.35,1.67,17.87,47.27,2723.03,7.16,7.79,441,264.45,Wheat
148,48,102,7.62,57.81,1.25,0.4,30.17,56.51,395.57,9.19,5.12,733,187.5,Millet
36,10,32,6.07,48.38,1.42,1.34,28.56,40.75,1728.52,7.29,5.92,69,310.21,Rice
77,72,43,5.15,58.16,0.71,0.49,20.5,44.31,1365.18,10.27,3.06,606,164.71,Millet
91,66,73,6.24,40.25,0.61,0.25,35.89,50.16,2969.94,11.6,18.02,2375,76.73,Rice
128,76,64,7.59,56.45,0.88,1.06,13.91,84.12,723.9,7.58,19.03,1579,290.81,Wheat
42,74,80,7.62,44.52,1.44,1.97,29.17,67.57,1234.64,5.44,5.62,2099,76.43,Rice
91,74,18,5.42,55.44,0.27,2.61,18.19,65.28,293.68,5.78,19.58,542,335.03,Cotton
27,30,13,5.2,18.08,1.12,2.45,25.82,86.81,2759.87,6.13,11.47,301,208.5,Rice
78,39,75,8.18,50.78,1.26,0.95,21.62,77.48,1942.78,5.77,5.58,1715,220.63,Rice
130,42,100,4.68,19.84,1.23,0.23,39.39,30.96,1845.94,4.11,10.61,941,159.66,Rice
32,57,42,7.44,11.37,0.94,1.27,24.6,37.46,336.45,10.9,2.46,229,322.78,Cotton
35,31,41,4.69,35.88,1.4,1.01,39.28,44.87,477.2,9.45,3.67,28,98.23,Millet
138,63,53,7.85,25.91,0.37,1.18,17.65,48.24,2412.77,8.13,5.23,719,173.88,Wheat
21,13,118,8.12,12.18,0.52,1.72,33.04,80.04,1738.52,5.18,18.35,1851,126.73,Rice
49,64,119,5.69,59.02,0.6,0.19,31.51,76.19,757.23,4.33,19.03,1348,167.91,Millet
122,53,46,4.8,43.32,0.21,1.18,35.43,38.73,1739.48,7.08,8.77,583,134.01,Rice
32,21,100,6.42,55.09,0.68,1.72,30.81,62.04,2910.72,4.04,5.6,2483,154.12,Rice
115,88,101,5.69,59.95,0.41,1.35,30.47,36.55,490.36,4.46,7.15,36,65.05,Millet
113,83,76,6.17,29.6,1.14,2.03,29.82,40.37,2916.58,4.59,7.31,401,186.64,Rice
101,61,69,7.16,22.74,0.74,0.64,39.55,44.53,2370.25,10.53,11.51,1898,151.12,Rice
32,85,68,5.34,19.19,1.12,0.55,16.84,84.32,603.85,9.81,4.22,1746,289.86,Sugarcane
113,74,45,5.93,35.76,0.58,0.99,10.9,51.94,2481.1,6.48,11.97,2161,201.72,Sugarcane
131,74,58,7.63,40.3,0.37,0.4,30.34,84.95,2283.26,6.43,8.04,721,225.98,Rice
74,19,60,7.08,33.62,0.37,0.79,15.17,75.04,1806.98,6.75,12.87,867,286.03,Wheat
100,27,116,5.81,29.36,0.46,0.35,30.38,74.96,2368.21,8.52,11.75,1863,283.63,Rice
135,56,17,7.16,18.41,0.35,1.27,19.59,78.21,595.49,10.88,9.73,1180,250.23,Wheat
127,75,117,7.56,32.09,0.49,2.16,11.3,35.76,2220.54,7.82,3.26,956,309.94,Wheat
72,58,59,6.87,14.26,0.95,0.93,33.09,78.88,1994.6,5.19,3.99,1661,148.47,Rice
147,81,50,5.46,53.25,0.53,0.11,11.55,45.16,997.11,5.27,7.58,1924,263.23,Barley
76,31,110,4.5,12.35,0.65,1.72,16.72,89.04,2133.04,4.46,15.07,2216,103.59,Wheat
71,35,118,7.71,29.03,0.27,2.11,20.09,80.89,2100.78,9.92,7.36,1176,236.22,Rice
156,18,47,7.79,15.01,1.36,1.23,13.98,89.8,869.31,7.19,6.31,748,341.23,Wheat
130,30,95,7.29,48.75,0.38,0.96,37.41,86.23,613.52,11.34,16.08,1098,153.77,Millet
20,72,87,4.81,25.64,0.65,1.52,28.66,51.58,1214.35,6.48,17.57,1832,87.04,Millet
63,15,88,6.84,15.66,0.69,0.39,36.26,86.5,1317.65,10.39,14.76,1901,175.98,Millet
94,23,64,7.78,36.57,1.2,1.97,30.46,49.81,2507.63,7.96,9.51,1970,178.43,Rice
117,42,119,6.06,55.81,0.83,2.23,39.76,69.56,1421.02,10.79,5.04,688,232.7,Sugarcane
28,80,77,5.29,55.43,0.7,2.14,25.75,79.12,2262.47,8.49,19.9,558,112.09,Rice
51,33,27,6.85,22.48,1.1,1.05,11.61,52.92,1495.56,5.54,7.42,900,328.94,Wheat
34,82,74,7.81,45.98,0.98,2.54,14.83,42.23,387.96,10.41,9.22,464,193.21,Wheat
159,84,73,4.7,11.51,0.3,2.85,27.65,83.69,2027.68,4.05,10.92,330,279.8,Rice
155,60,21,6.89,16.59,0.61,0.96,20.43,36.2,2707.08,8.03,11.73,142,87.28,Rice
91,11,50,7.07,34.97,1.47,0.86,13.39,51.9,1651.29,5.57,1.39,653,148.16,Wheat
31,24,51,6.91,21.44,0.83,2.14,17.14,62.43,2165.76,6.7,18.05,623,120.55,Wheat
84,44,69,7.1,49.91,0.75,2.15,24.24,78.28,2380.75,7.27,17.73,1819,167.53,Rice
126,45,59,7.03,56.55,0.39,1.58,25.55,82.13,1508.68,8.48,3.37,2026,58.91,Rice
61,48,90,5.02,10.22,1.29,2.78,38.04,60.7,899.44,6.84,17.13,439,100.11,Potato
134,13,92,5.44,21.65,0.37,0.52,12.72,64.4,2608.2,9.16,3.98,1895,187.34,Sugarcane
158,73,45,6.98,31.98,0.34,1.48,20.73,81.23,2520.33,5.5,5.61,1703,94.28,Rice
122,83,57,4.57,38.15,0.77,0.2,25.18,58.02,2606.57,10.32,10.86,381,310.59,Rice
114,15,80,7.04,55.8,0.77,0.25,13.4,63.55,2512.19,8.81,19.56,764,171.94,Wheat
36,66,82,7.16,54.59,1.48,0.26,30.63,31.11,572.71,6.81,10.15,1046,286.22,Millet
104,39,17,5.46,41.86,0.37,1.53,25.45,87.07,1361.2,8.25,8.32,2236,186.59,Sugarcane
75,83,34,6.89,22.87,0.83,1.81,23.79,64.01,736.3,7.23,10.85,526,61.72,Maize
153,76,16,6.64,49.16,0.46,0.11,29.68,73.65,634.54,11,5.43,2011,154.44,Millet
105,24,115,5.54,20.13,1.11,1.93,18.63,44.87,2388.2,8.37,18.71,2257,193.22,Sugarcane
121,26,17,6.35,58.26,0.71,1.52,20.18,69.4,1547.75,10.31,18.77,1584,151.97,Rice
73,27,97,8.14,10.29,1.04,0.75,14.88,57.6,453.96,10.36,13.85,456,227.7,Wheat
134,28,90,6.21,38.49,0.64,0.14,25.71,36.75,1337.05,9.87,3.94,561,215.4,Sugarcane
158,85,85,7.02,14.42,0.93,0.55,21.17,79.81,2981.24,10.01,10.23,2380,333.96,Rice
107,78,119,4.64,30.38,0.81,1.84,17.81,80.36,794.69,5.8,8.26,1037,160.94,Maize
68,33,40,4.81,41.75,0.69,2.01,13.74,33.82,1312.06,10.97,19.92,1224,130.81,Sugarcane
134,57,21,4.83,44.48,0.9,1.98,10.7,53.44,1864.63,9.66,1.99,898,239.93,Sugarcane
82,39,66,7.61,49.28,0.7,0.54,15.8,46.89,758.85,4.43,5.91,401,177.91,Wheat
123,24,75,5.9,39.67,1.25,2.74,17.42,60.98,2909.73,9.18,10.34,468,53.38,Sugarcane
102,56,21,5.41,22.57,0.84,1.29,24.56,59.33,1977.73,7.86,16.68,1310,244.64,Rice
122,53,36,7.49,54.46,1.37,2.33,17.23,69.39,842.34,5.14,14.85,1313,234.04,Wheat
36,36,55,5.18,50.56,0.49,0.58,34.53,44.85,1450.49,7.78,19.17,297,95.06,Pulses
25,73,16,5.49,18,0.35,1.46,24.22,43.3,1210.52,11.38,5,702,152.62,Rice
47,50,70,6.22,51.33,0.7,1.61,28.71,73.4,542.47,11.01,2.96,724,303.56,Millet
57,77,67,5.83,58.63,0.44,2.33,16.24,88.57,996.89,4.69,12.21,1562,216.22,Rice
138,14,67,6.84,41.86,0.71,1.9,22.48,86.78,1750.41,7.52,9.22,1248,264.82,Rice
56,62,22,5.85,24.09,0.47,1.26,28.08,77.52,446.71,8.08,7.3,898,276.34,Millet
134,17,62,6.07,40.33,1.33,0.92,19.33,34.05,335.24,9.53,15.73,1024,268.13,Wheat
87,31,109,7.95,27.13,0.94,2.92,20.09,44.27,1715.73,10.13,11.43,2284,228.69,Rice
62,16,74,8.04,43.8,0.85,0.93,34.22,71.38,1415.39,10.63,7.11,2371,257.61,Potato
77,31,58,7.81,37.24,1.22,0.48,35.12,47.75,727.11,8.77,11.22,825,319.56,Millet
32,55,44,7.96,56.47,0.37,0.97,25.99,53.62,2195.7,11.06,18.72,2266,171.93,Rice
71,39,103,6.78,40.9,1.31,1.05,36.89,87.22,446.05,8.45,5.98,2230,251.42,Millet
77,25,104,7.08,20.7,0.83,0.47,32.1,35.18,957.11,4.18,9.59,233,327.28,Sugarcane
51,88,26,6.73,46.26,0.38,2.15,11.66,81.67,483.62,7.67,6.47,579,135.01,Wheat
124,14,81,7.64,25.04,1.27,1.9,26.78,33.02,2237.3,5.29,11.93,651,146,Rice
102,76,76,6.7,23.62,0.8,1.02,30.93,50.28,1971.62,8.59,18.14,2142,90.46,Rice
118,32,19,4.94,29.59,0.99,2.98,26.23,63.32,727.67,9.45,13.4,929,184.47,Millet
123,70,43,7.74,10.6,1.36,2,34.96,51.38,1760.63,9.45,4.69,1703,80.15,Rice
47,83,95,7.54,58.46,1.36,2.14,19.03,87.43,2150.12,7.92,3.45,2477,222.34,Wheat
148,14,13,7.78,36.62,1.36,1.72,11.96,60.26,295.67,9.74,1.67,2205,282.48,Wheat
67,32,105,5.26,48.67,0.74,1.7,29.01,74.03,2057.02,4.91,16.97,942,210.38,Rice
59,88,38,5.59,22.89,1.17,0.16,31.92,72.12,1072.26,11.58,9.96,1658,166.03,Wheat
116,34,55,5.68,47.33,0.5,2.34,32.96,80.11,578.69,10.75,9.03,1173,243.84,Millet
133,17,84,6.53,38.36,1.28,2.74,10.33,81.83,2499.23,10.84,6.02,1778,95.69,Wheat
151,30,55,5.04,31.21,0.64,0.45,30.2,57.98,1897.17,4.26,9.17,1571,284.94,Rice
156,11,86,6.04,58.53,0.8,2.41,10.62,81.78,1730.29,5.83,7.7,2256,108.34,Wheat
130,31,68,5.23,34.69,1.36,1.65,33.24,69.21,2542.1,4.79,15.13,520,96.79,Rice
95,81,70,5.56,42.87,1.25,0.93,31.09,71.16,942.31,10.92,14.43,2179,53.45,Rice
50,81,77,7.33,10.77,1.44,2.77,27.02,40.39,239.56,10,9.47,1061,197.61,Millet
138,77,75,7.92,25.07,0.67,0.15,25.19,44.71,2856.44,4.77,13.42,923,60.56,Rice
44,73,43,4.59,54.43,0.4,0.89,31.45,71.26,935.75,7.22,12.2,1617,323.73,Barley
53,28,116,6.76,47.95,1.38,2.67,11.72,45.94,1973.37,8.1,13.18,452,310.96,Wheat
86,62,95,4.64,36.84,0.84,1.49,34.97,59.4,2935.69,9.72,15.43,257,176.77,Rice
137,61,14,4.84,55.01,1.36,1.84,16.04,59.4,854.14,6.35,2.75,778,59.9,Maize
92,56,18,7.32,34.31,1.15,2.27,24.33,44.04,2979.62,6.32,16.81,157,304.22,Rice
45,63,29,7.44,38.33,1.34,0.53,24.6,63.99,1708.24,8.25,6.37,171,80.43,Rice
123,53,30,7.76,29.11,1.05,0.72,33.31,63.83,2885.11,8.2,8.25,858,300.66,Rice
29,16,26,6.4,41,1.26,3,15.79,37.74,440.91,4.9,6.25,1038,260.24,Wheat
86,10,21,7.94,25.95,0.36,0.79,18.99,52.87,1686.87,9.7,16.71,1234,330.23,Wheat
24,72,101,5.17,29.27,1.46,1.66,29.89,51.95,2844.22,5.43,17.53,2229,175.47,Rice
46,48,91,5.5,58.32,0.44,0.97,22.38,63.73,635.48,10.8,3.67,667,298.97,Cotton
132,28,76,5.04,15.57,0.23,2.57,18.97,74.96,970.58,10.19,10.92,1863,301.25,Pulses
34,40,14,7.69,15.26,0.89,2.89,28.64,31.09,794.93,11.85,8.25,917,116.09,Millet
124,86,69,5.41,12.17,1.13,0.51,12.6,37.95,2903.25,5.37,4.46,955,154.31,Sugarcane
63,33,62,5.12,26,1.13,1.84,33.69,48.12,937.89,11.56,11.58,2298,247.64,Barley
45,78,61,6.99,29.91,0.64,2.45,25.74,78.62,538.68,9.86,7.95,1745,109.88,Millet
114,74,87,4.81,14.73,1.18,2.49,16.18,58.83,2431.06,11.05,14.6,2312,296.97,Sugarcane
103,42,57,4.68,37.46,1.3,1.38,22.26,60.65,1637.81,4.27,16.89,2218,188.86,Rice
159,68,99,4.93,39.17,0.99,0.75,13.93,54.55,1851.71,6.57,1.26,1045,314.01,Sugarcane
151,42,28,4.5,47.55,0.7,1.22,28.5,54.91,1899.08,4.24,11.41,120,229.57,Rice
106,41,114,7.29,58.8,1,2.28,30.08,88.65,1916.42,5.46,12.04,965,190,Rice
131,68,26,6.75,40.97,1.32,2.98,22.16,83.92,1471.95,11.07,7.04,1290,305.93,Sugarcane
148,50,63,5.34,15.58,1.37,1.71,20.19,73.55,2931.58,7.29,16.25,342,69.44,Rice
108,21,112,5.43,14.43,0.24,0.67,35.49,49.44,687.5,9.37,18.28,106,64.16,Millet
85,82,115,7.74,48.88,0.36,0.22,27.28,60.82,2882.01,7.87,15.52,1206,147.62,Rice
150,20,77,6.51,42.52,0.21,2.84,30.01,71.36,1018.73,7.79,11.02,169,153.8,Sugarcane
141,28,115,7.29,18.1,0.84,1.5,13.83,53.67,731.77,9.2,1.21,1033,172.34,Wheat
103,63,44,6.31,22.67,0.77,2.18,31.4,61.47,1952.05,7.48,9.02,2023,143.09,Rice
135,66,97,5.45,47.51,0.91,2.01,23.34,38.74,2697.18,4.17,14.18,992,297.14,Rice
135,51,50,8.38,38.31,1.09,2.68,21,35.61,1216.18,10.4,4.03,2476,340.4,Sugarcane
57,80,22,6.76,39.25,0.68,0.87,37.88,40.04,411.19,6.19,15.74,1681,260.42,Millet
129,40,42,5.02,20.5,0.47,1.38,11.62,75.34,1702.3,9.37,12.66,2072,269.59,Sugarcane
65,61,24,6.12,41.45,0.71,2.75,15.87,41.4,2958.47,9.27,7.3,1319,294.06,Wheat
44,11,72,5.82,48.53,0.21,1.8,21.25,85.48,1290.77,5.16,17.12,2494,154.96,Barley
40,47,24,5.36,54.26,1.28,0.31,19.72,52.11,255.86,5.32,13.22,959,200.86,Cotton
140,41,40,8.23,46.84,0.7,0.66,25.32,40.14,1602.45,7.58,6.77,2082,349.61,Rice
141,19,116,8.02,38.82,1.01,0.79,22.03,79.51,1274.48,6.73,4.75,1179,212.5,Sugarcane
152,17,37,5.3,43.66,0.62,2.98,33.65,57.4,386.72,6.19,3.98,396,265.56,Millet
89,84,19,5.91,34.26,1,0.75,33.04,53.31,2649.52,6.47,19.75,1640,340.54,Rice
132,29,66,7.55,21.34,0.9,2.62,33.17,49.77,1932.54,6.04,17.51,854,53.03,Rice
126,29,80,5.33,54.11,0.47,0.33,21.08,49.83,631.79,4.89,14.07,1279,278.85,Potato
131,18,42,6.87,36.63,1.01,0.63,22.22,69.81,2792.66,4.7,9.94,2291,286.72,Rice
127,81,16,7.3,39.72,0.34,2.63,31.61,62.44,1813.48,11.04,17.11,2359,217.46,Rice
66,24,14,7.12,59.51,0.83,2.71,13.73,58.06,2129.75,10.52,14.36,878,270.5,Wheat
110,72,99,7.33,59.25,1.14,0.61,35.56,56.82,1833.56,7.95,11.59,342,306.71,Rice
37,30,89,7.33,39.32,0.91,0.77,26.24,38.52,2939.39,6.56,15.82,1832,81.61,Rice
123,14,66,8.36,11.7,1.17,1.64,35.46,79.67,2693.78,9.49,3.27,1093,60.38,Rice
59,44,81,5.89,29.81,0.56,0.25,33.81,85.61,246.25,4.87,17.61,574,146.02,Millet
157,77,95,8.01,56.86,0.26,2.84,21.23,78.13,240.86,4.81,3.43,28,258.97,Barley
108,57,107,4.59,24.42,0.27,1.15,13.05,57.08,1566.91,5.13,18.18,1600,117.28,Sugarcane
80,89,49,5.65,59.96,0.55,1.52,37.62,88.33,1079.37,9.54,5.18,904,320.61,Millet
24,71,37,4.69,14.22,0.73,0.4,20.34,67.12,1708.85,10.57,8.38,2327,133.66,Rice
141,44,119,7.1,38.41,0.9,0.19,21.21,76.44,1147.39,8.29,15.44,1515,265.21,Sugarcane
74,79,45,4.9,35.77,1.18,1.46,37.27,74.47,2658.97,5.35,3.16,1817,257.11,Rice
56,30,65,7.88,22.77,1.29,0.45,37.52,72.47,675.43,6.69,19.52,1782,221.02,Millet
75,89,56,7.09,57.43,1.1,1.93,17.89,68.52,360.38,10.58,15.23,271,276.21,Wheat
121,48,80,4.62,40.96,0.8,2.4,12.67,42.7,1160.17,8.1,5.95,2246,343.68,Sugarcane
112,43,49,7.36,21.51,0.54,0.19,10.03,47.67,589.59,7.61,17.86,741,50.88,Wheat
92,24,68,7.95,29.2,0.76,1.88,23.15,83.2,1856.25,9.27,1.79,274,306.3,Rice
78,15,52,7.14,46.06,0.56,2.47,27.06,40.8,1522.98,6.84,1.21,1671,87.19,Rice
21,75,101,4.62,24.88,1.01,1.37,18.11,39.12,2182.3,4.03,7.15,653,206.13,Barley
123,65,75,7.93,53.98,1.26,2.88,17.79,47.05,403.82,11.53,2.93,1136,291.44,Wheat
70,58,18,7.43,18.28,0.87,0.42,20.7,51.75,2312.29,9.68,16.58,1112,169.5,Rice
49,10,15,6.01,23.23,0.26,1.04,17.89,63.19,974.38,11.66,8.31,1084,224.28,Wheat
30,74,74,5.81,17.24,1.42,0.77,35.75,66.33,2080.01,10.8,12.77,1590,115.25,Rice
127,37,12,6.42,15.21,0.58,2.99,29.29,77.44,1014.81,6.99,16.64,1871,81.24,Sugarcane
95,29,83,7.97,25.02,1.39,0.95,34.87,34.4,2534.61,7.03,3.91,1998,140.54,Rice
109,57,46,5.51,59.96,1.26,1.22,35.81,42.49,2535.45,5.15,19.5,299,238.46,Rice
142,81,117,4.9,14.72,0.74,2.56,23.05,60.31,1057.67,10.46,13.38,792,221.18,Sugarcane
144,74,96,7.96,20.65,0.27,2.8,24.33,45.05,2746.75,8.96,2.24,1339,232.11,Rice
141,60,42,4.61,23.58,1.43,2.82,39.33,82.41,1098.91,6.05,11.27,1304,164.21,Sugarcane
113,52,18,8.14,40.96,1.06,1.72,34.51,68.41,2707.94,11.68,17.55,1214,310.22,Rice
122,58,62,5.72,47.27,0.52,2.02,33.94,59.41,740.79,10.14,18.06,2275,219.85,Millet
50,34,86,6.53,47.6,0.89,1.11,27.51,30.03,1006.16,11.06,15.21,1843,148.01,Rice
71,83,101,5.03,10.43,1.03,1.86,23.83,81.52,2675.73,5.39,19.47,1144,125.41,Rice
108,85,60,8.11,42.59,0.49,0.98,36.84,57.65,426.3,8.74,10.48,2151,198.64,Millet
95,50,80,7.5,41.54,0.32,2.26,34.14,61.88,2165,11.93,8.66,335,341.14,Rice
148,80,35,8.2,35.88,0.55,0.99,25.5,71.9,2109.58,6.8,5.2,2181,315.54,Rice
41,73,25,7.23,28.96,0.26,2.65,18.11,86.25,2922.05,7.23,9.69,2004,286.19,Wheat
59,70,49,5.24,49.87,0.29,0.52,14.42,39.49,2922.38,8.3,17.29,728,250.41,Wheat
120,21,99,5.73,27.19,0.4,1.76,26.58,34.27,1545.38,4.36,2.03,1387,118.09,Rice
130,78,60,6.45,21.5,0.41,1.61,18.88,37.31,2043.53,5.81,5.26,347,237.93,Wheat
148,23,48,6.93,25.5,0.52,0.86,17.93,74.44,636.21,6.58,19.46,841,157.88,Wheat
84,43,64,8.21,31.98,1.42,0.18,13.17,37.76,833.02,4.07,16.02,902,245.47,Wheat
98,57,105,6.04,20.7,0.95,0.53,11.03,60.06,1763.63,6.53,6.29,74,222.48,Wheat
41,70,45,7.31,40.38,0.75,2.91,33.5,72.39,865.26,8.36,16.93,1803,331.55,Potato
118,44,115,8.34,54.21,0.93,2.83,13.24,72.77,807.25,4.15,3.74,2056,116.37,Wheat
27,74,74,5.11,39.77,0.21,0.45,36.66,54.38,263.96,8.25,13.67,388,147.03,Millet
36,68,94,7.95,32.33,1.36,1.19,16.41,71.92,405.36,10.4,4.79,1945,321.52,Wheat
36,45,86,6.18,49.84,0.89,1.45,32.79,87,2192,5.17,11.09,218,349.18,Rice
109,88,99,7.43,47.4,0.79,1.49,34.69,31.68,240.13,11.69,13.01,254,105.53,Millet
100,28,54,5.67,28.35,1.42,0.97,33.78,70.28,2708.19,7.32,14.94,2024,143.76,Rice
97,51,18,5.84,40.21,1.15,2.75,36.19,61.36,420.25,7.51,18.23,2153,109.81,Millet
25,78,46,4.61,46.49,0.64,2.73,20.19,42.76,638.41,8.12,16.08,1070,248.07,Cotton
129,28,96,8.39,22.27,1.42,0.15,39.58,48.46,1152.96,7.15,6.67,39,220.27,Sugarcane
33,48,10,7.75,28.31,1.31,1.99,18.39,80.23,2234.64,9.22,17.02,1275,239.47,Wheat
91,78,75,4.88,15.29,1.44,0.32,38.03,65.21,2162,5.42,2.19,1997,284.07,Rice
73,61,72,8.5,59.38,0.33,1.83,23.12,30.87,890.37,11.36,14.99,2032,100.76,Tomato
46,21,52,6.92,14.29,1.44,2.61,11.71,87.92,1115.58,10.95,10.18,1468,98.06,Wheat
32,56,37,7.91,18.43,0.91,1.98,33.55,69.97,2499.45,9.16,9.35,2000,313.97,Rice
79,85,109,4.77,33.99,1.07,1.46,33.62,56.56,1590.98,10.31,14.31,1351,341.33,Rice
25,45,40,6.06,53.26,0.48,2.88,15.92,72.74,1482.97,9.67,2.15,768,188.41,Wheat
77,72,114,7.18,27.79,0.38,2.27,34.71,42.27,1973.73,7.8,17.59,1449,57.05,Rice
68,85,78,4.93,48.43,0.3,0.82,14.73,45.63,1479.17,5.24,5.92,965,265.05,Wheat
45,60,110,6.46,43.8,0.75,1.22,14.54,39.13,1415.2,6.59,16.47,313,134.75,Wheat
66,52,98,6.27,41.93,0.49,2.3,34.27,53.82,2436.09,11.08,7.13,2093,70.41,Rice
24,43,17,5.36,52.25,0.31,0.16,18.71,84.28,2807.99,9.33,14.95,580,168.04,Pulses
39,58,43,5.7,10.71,1.44,0.29,12.31,53.32,1737.94,10.92,18.47,2430,162.8,Rice
153,27,112,8.37,56.46,1.15,2.59,38.69,47.29,1010.15,11.02,14.13,404,220.95,Sugarcane
78,70,58,5.65,51.46,0.87,0.22,26.71,72.21,2859.18,8.22,5.46,1006,130.31,Rice
151,66,105,5.35,56.89,1.17,2.07,23.44,82.18,2165.42,7.49,14.3,2012,300.38,Rice
36,14,67,6.64,49.68,0.99,1.02,25.12,44.65,2032.11,7.43,14.3,1933,110.76,Rice
33,33,84,7.18,53.93,0.43,2.5,30.11,78.48,1898.67,7.55,18.56,680,205.14,Rice
32,73,56,7.4,20.15,1.02,2.56,35.85,48.29,2273.06,11.57,5.87,2360,111.87,Rice
154,68,34,7.52,25.96,1.09,2.86,30.18,44.84,2371.71,5.2,19.42,2274,217.87,Rice
147,47,12,4.65,25.76,0.51,0.38,32.19,58.38,2415.31,5.21,14.02,1071,277.65,Rice
63,42,54,6.08,15.46,0.62,1.33,15.4,34,2932.25,7.1,7.05,1880,237.59,Wheat
138,19,61,7.6,46.48,0.7,1.76,21.52,81.73,1351.36,10.42,10.69,710,199.88,Sugarcane
38,46,105,8.12,16.81,0.98,2.76,27.54,82.46,879.38,10.82,15.47,1241,137.86,Barley
82,20,108,6.91,12.63,0.36,0.87,28.58,70.64,1303.49,10.6,1.9,1472,324.85,Wheat
100,33,105,4.71,48.77,1.17,0.31,18.12,48.17,2347.04,8.66,7.39,1435,253.04,Tomato
119,80,43,6.09,55.23,0.65,0.69,39.25,40,1713.96,10.86,17.85,1444,231.01,Rice
141,30,110,4.8,48.21,1.1,1.54,13.55,71.93,2621.14,5.54,3.03,2319,66.9,Sugarcane
63,29,78,7.49,51.27,1.41,2.08,13.37,36.19,861.2,8.79,11.03,1861,267.75,Wheat
123,19,118,4.75,39.78,1.33,2.1,16.87,54.67,2263.68,6.63,11.94,1940,313.14,Sugarcane
80,56,101,5.24,54.39,1.16,0.32,32.62,35.33,898.19,6.18,6.45,2485,93.17,Potato
144,56,101,6.17,34.84,0.45,2.31,11.1,55.59,2437.52,4.8,8.68,636,118.62,Wheat
90,24,17,6.35,59.42,1.15,2.01,39.64,38.07,1427.05,6.92,18.29,1281,79.62,Sugarcane
126,53,36,6.13,15.17,1.03,1.28,39.63,31.93,2970.36,4.28,2.15,1807,236.25,Rice
69,71,89,6.35,50.46,1.2,1.76,14.79,56.98,2072.45,6.82,4.07,892,110.86,Wheat
84,15,72,7.35,42.07,1.33,2.33,22.04,64.06,2276.84,7.8,18.12,1295,317.89,Rice
118,75,91,5.98,39.03,0.6,0.86,16.12,56.36,319.63,6.86,4.41,1620,96.19,Wheat
51,85,34,6.69,46.29,1.04,2.83,22.24,40.57,2168.59,10.17,4.31,197,336.35,Rice
77,13,67,5.71,52.01,0.56,0.5,25.99,34.65,1372.71,6.25,12.1,161,60.82,Millet
147,32,57,5.91,53.14,0.65,2.72,34.68,37.58,1104.77,4.6,19.7,1957,85.77,Sugarcane
131,22,10,6.96,18.77,0.88,2.25,11.07,73.63,2426.55,5.59,9.49,1450,335.23,Wheat
87,40,17,6.46,19.85,0.76,2.02,39.61,30.95,840.18,10.56,10.93,1233,223.2,Pulses
59,25,30,7.39,10.81,0.98,0.34,38.22,81.8,709.1,9.09,16.7,276,347.38,Millet
151,50,107,6.74,16.59,1.19,2.77,27.11,80.41,1194.89,8.62,14.23,974,165.58,Sugarcane
109,10,97,7.71,23.19,0.99,0.96,24.43,82.83,1962.18,8.31,19.92,157,294.67,Rice
47,21,110,6.27,46.05,1.46,2.26,26.52,82.72,920.49,9.99,12.64,2088,331.07,Millet
115,65,99,6.46,33.79,1.16,2.67,10.55,70.05,1764.07,5.57,8.97,1785,292.64,Wheat
50,59,87,7.18,47.9,1.48,0.81,32.13,80.85,1277.57,5.68,7.34,1015,142.01,Potato
22,29,38,5.38,34.33,1.17,2.75,24.89,73.82,1310.8,5.04,19.76,420,123.91,Potato
155,75,39,6.04,37.78,0.86,1.87,18.58,48.01,768.73,6.71,16.36,1038,145.99,Wheat
43,45,12,7,15.55,0.73,2.01,23.85,75.31,1101.89,6.19,16.58,2065,305.98,Potato
34,88,16,4.62,48.83,1.16,2.75,18.78,66.93,966.77,11.32,4.69,521,112.46,Wheat
64,47,109,6.25,47.91,1.09,1.63,31,31.65,881.63,4.1,9.75,578,90.52,Wheat
27,31,20,6.9,25.38,1.07,1.38,28.43,77.18,426.18,7.79,1.43,1370,210.33,Millet
90,70,41,8.37,26.43,1.14,1.94,21.64,82.25,1412.6,9.85,11.15,765,102.3,Millet
127,59,68,8.01,20.98,1.33,1.71,19.43,61.05,885.12,11.25,2.4,906,126.07,Wheat
134,68,21,5.62,50.69,0.5,0.28,36.34,59.22,2890.85,11.73,4.74,1373,143.58,Rice
122,29,88,6.53,47.35,0.93,0.62,30.47,55.64,1884.77,4.55,6.36,2239,51.75,Rice
144,45,47,4.73,40.46,0.98,0.14,31.47,73.13,1493.65,5.56,16.53,384,273.05,Sugarcane
76,24,33,5.46,21.94,0.58,0.41,28.56,42.93,1146.37,11.99,2.95,1354,250.84,Potato
49,71,74,7.6,18.59,1.48,2.22,12.26,76.44,1490.14,6.51,18.24,1826,220.29,Wheat
133,12,27,4.99,12.51,1.22,0.11,11.78,47.54,1156.1,4.44,11.76,1806,329.67,Sugarcane
136,14,55,5.53,12.28,0.62,0.98,22.88,45.69,2599.2,11.47,3.07,2312,308.22,Rice
79,65,65,8.28,19.36,0.67,1.4,37.91,78.55,916.34,7.23,19.75,1451,336.3,Maize
117,40,72,7.8,15.03,1.13,2.82,25.74,40.46,983.9,6.33,1.04,715,288.76,Millet
145,44,16,7.63,37.81,0.21,1.05,36.28,81.75,2186.94,5.2,4.1,2061,196.13,Rice
113,80,115,7.96,27.9,0.8,2.37,12.9,88.67,2722.6,7.4,4.49,1335,181.19,Wheat
153,79,114,7.5,32.25,0.65,1.29,31.73,49.19,2104.32,6.94,17.5,2053,333.91,Rice
141,35,75,4.98,39.7,1.31,0.39,17.36,85.67,437.24,11.39,7.61,204,253.15,Sugarcane
127,10,49,6.57,42.96,1.23,0.39,25.73,63.98,2717.15,5.69,16.86,786,124.5,Rice
23,16,63,6.28,42.41,0.63,1.35,18.79,45.56,2354.11,4.69,1.8,655,279.73,Wheat
112,45,40,5.74,23.04,1.32,0.27,31.37,57.16,871.21,6.21,19.21,1979,345.96,Rice
25,85,106,7.84,50.48,1.39,1.76,22.03,78,375.3,8.37,17.22,2332,162.13,Cotton
51,34,61,6.36,55.89,0.92,1.53,23.87,70,2208.94,6.62,10.04,1217,331.33,Rice
125,68,103,4.74,25.8,0.41,2.14,17.36,59.69,856.82,6.5,3.9,496,127.71,Barley
34,70,40,5.6,10.85,1.2,0.64,18.44,45.44,1666.67,7.18,5.25,557,191.47,Wheat
141,38,43,5.41,54.96,0.62,1.82,15.38,73.55,450.77,10.98,5.33,1276,327.98,Tomato
115,27,16,8.05,56.18,0.89,0.61,26.61,48.8,1790.85,9.3,14.35,1383,100.01,Rice
25,50,98,7.09,12.55,0.26,2.19,14.35,49.86,260.13,8.22,8.12,165,64.27,Wheat
131,28,25,6.74,10.25,0.85,0.99,18.05,74.81,1695.18,7.22,1.06,1690,300.09,Wheat
139,13,31,6.53,50.82,0.69,1.88,25.91,63.51,2534.35,4.56,8.3,39,313.18,Rice
142,74,109,7.1,25.07,1.09,2.66,18.24,41.15,1826.08,11.08,11.87,1795,52.46,Wheat
86,50,62,7.52,55.73,0.25,1.52,27.65,71.23,2677.02,5.03,2.02,2300,261.55,Rice
125,24,100,6.72,20.84,1.01,0.66,10.42,45.48,1736.87,5.49,11.47,2166,160.34,Wheat
158,63,26,8.25,53.06,1.2,2.67,39.2,75.63,2124.81,7.6,15.76,1063,156.43,Rice
62,73,13,8.41,13.43,0.22,1.14,31.9,58.72,1225.55,5.12,11.72,1311,170.03,Pulses
115,81,70,8.48,23.03,1.17,2.22,25.11,65.7,1031.04,9.12,7.3,1109,110.65,Sugarcane
151,24,108,7.18,58.66,0.37,1.03,37.63,66.06,1140.3,7.95,7.86,1054,200.57,Sugarcane
100,88,114,8.23,21.56,1.11,0.96,36.09,38.81,487.83,7.98,9.18,2027,230.06,Millet
60,59,95,6.12,16.65,0.79,1.96,21,69.03,912.3,11.74,17.1,334,114.57,Wheat
152,31,61,7.94,52.85,0.92,0.55,13.48,82.03,1283.7,9.39,1.6,1194,295.38,Wheat
54,27,44,8.14,15.89,0.64,2.61,17.57,83.47,1156.34,9.86,7.73,2248,262.9,Wheat
41,89,53,8.12,14.87,0.52,1.22,16.26,71.31,1587.65,8.88,19.23,1794,326.78,Wheat
131,11,24,7.82,26.17,0.29,0.16,32.5,88.14,1567.15,6.08,16.79,1090,118.31,Rice
30,45,70,6.13,41.77,1.32,0.99,26.44,65.9,2259.13,4.5,3.56,1601,171.04,Rice
22,29,113,5.14,45.54,0.99,2.38,35.5,45.29,1308.08,8.49,7.74,104,98.48,Barley
156,25,53,5.84,54.06,1.48,2.59,24.69,69.61,2096.23,7.57,1.34,1919,62.62,Rice
79,76,30,7.57,37.05,1.31,1.75,33.09,84.55,2693.75,4.98,14.86,613,155.99,Rice
95,39,86,5.43,29.67,1.33,0.95,19.7,51.53,1476.16,10.88,2.97,1674,79.72,Pulses
106,64,56,6.41,27.94,0.98,1.63,28.06,45.89,1749.6,7.97,8.33,378,251.5,Rice
33,75,84,6.76,52.35,0.31,2.53,29.18,87.99,2096.1,7.63,18.16,1188,174.01,Rice
37,35,58,6.92,46.19,1.39,1.02,32.78,75.99,1583.5,7.34,3.6,1884,305.81,Rice
132,66,62,8.24,55.27,0.35,1.22,33.98,32.99,656.96,9.9,7.19,1674,182.4,Millet
92,78,36,7.15,58.2,0.87,1.67,18.3,63.67,1022.01,4.41,16.5,1438,345.64,Wheat
42,11,40,7.65,25,1.31,2.67,21.55,44.07,278.92,5.72,13.01,347,244.25,Potato
102,65,53,6.83,36.48,0.81,1.79,16.21,47.21,2114.06,11.22,15.42,1356,262.59,Wheat
144,71,41,7.83,41.59,0.42,0.7,32.44,35.26,982.81,4.32,19.22,800,313.95,Millet
88,43,39,5.55,18.19,0.69,0.36,18.12,43.86,2506.11,8.89,18.35,1037,71.29,Potato
66,65,27,5.34,12.67,1.48,0.38,21.73,60.31,2036.55,5.93,6.45,478,216.84,Rice
135,64,72,8.21,53.39,1.5,2.86,34.09,34.71,2261.17,8.32,6.68,1827,303.63,Rice
49,29,25,7.27,36.78,1.12,2.48,20.19,83.38,2670.9,8.25,2.64,2028,337.89,Rice
44,59,44,7.19,38.54,1.35,2.32,18.75,76.52,1391.96,9.25,8.13,1374,246.35,Wheat
131,34,71,6.37,37.75,0.26,1.54,29.54,52.88,728.11,5.37,15.71,383,248.82,Millet
44,34,18,6.01,47.75,0.56,2.05,39.26,37.81,2819.43,9.13,5.91,130,276.7,Rice
93,62,71,6.72,17.28,0.68,0.47,11.88,89.64,2988.32,10.25,16.73,606,132.42,Wheat
77,23,48,4.98,40.7,0.22,1.9,35.04,63.8,810.31,5.41,11.89,1591,213.03,Maize
113,69,60,6.32,33.47,0.69,2.45,13.65,55.38,2274.77,10.32,7.84,1435,68.04,Wheat
138,52,110,6.32,54.85,0.32,0.28,20.35,41.92,402.36,4.97,8.95,1441,130.89,Cotton
146,71,19,6.65,35.98,0.87,0.96,22.5,42.19,276.92,6.1,15.65,671,145.05,Maize
44,85,61,7.04,57.15,0.21,0.42,31.56,77.77,2090.36,6.89,7.01,2107,230.98,Rice
97,78,21,8.33,27.66,0.55,0.85,37.8,61.19,914.45,6.49,14.62,976,349.31,Wheat
118,72,81,7.11,58.34,1.33,2.34,13.06,89.04,2629.98,9.87,8.92,999,61.24,Wheat
135,11,71,8.03,53.76,0.48,1.06,32.34,87.19,1636.6,6.15,16.5,1307,310.75,Rice
67,63,12,6.73,39.21,0.28,2.1,19.67,42.41,2389.73,10.01,5.02,1439,312.84,Wheat
29,25,92,7.01,27.69,0.52,2.34,37.06,89.96,489.71,4.46,6.87,450,246.82,Millet
118,64,20,4.78,28.8,1.28,2.47,18.35,89.2,2648.49,6.55,10.45,1207,61.37,Sugarcane
30,52,17,5.03,48.64,0.96,2.63,30.82,77.96,731.83,11.3,15.23,692,329.8,Millet
104,70,99,6.82,39.03,0.96,1.83,14.94,53.45,1791.03,7.08,3.99,1186,344.67,Wheat
154,47,118,6.08,30.08,0.2,0.91,38.74,43.45,1907.13,7.76,18.16,344,139.97,Rice
145,54,32,7.7,41.8,0.81,0.54,10.13,36.19,384.66,10.02,1.34,2285,83.12,Wheat
83,60,19,6.67,46.66,0.55,1.56,16.99,33.12,2937.18,4.43,1.5,445,328.43,Wheat
21,51,27,8.03,11.15,0.64,0.4,30.28,79.25,1046.27,9.6,9.53,1015,59.79,Millet
95,33,85,8.39,14.49,0.98,2.74,35.61,86.73,2199.52,4.52,16.75,2365,270.19,Rice
140,39,48,5.09,14.72,1.34,1.38,39.81,76.35,1968.61,8.42,3.5,2182,346.69,Rice
61,46,35,6.08,21.6,0.44,2.63,15.2,75.54,292.63,8.89,10.22,946,178.44,Wheat
73,62,20,7.16,31.35,1.2,2.16,19.21,54.91,2614.61,5.16,9.15,1289,159.53,Wheat
94,72,19,5.72,50.18,0.26,2.59,36.76,68.47,1052.41,10.81,15.15,1482,129.9,Barley
35,20,12,5.57,27.55,0.62,2.66,10.97,70.27,897.36,8.55,5.06,463,186.99,Millet
37,87,71,7.75,10.87,0.48,0.25,32,45.44,363.94,5.24,12.29,325,137.93,Millet
109,32,80,8.42,34.17,1.39,2.2,22.69,74.32,900.93,10.89,18.47,485,337.42,Millet
25,89,70,7.6,59.83,0.43,0.76,30.66,38.77,1936.17,10.6,2.05,1316,136.07,Rice
127,59,13,6.59,27.45,0.95,2.97,25.75,47.61,762.43,9.37,17.8,106,344.03,Millet
67,64,70,6.27,58.06,0.41,2.36,28.81,65.38,1506.2,7.24,4.97,121,82.87,Rice
61,64,113,6.66,15.07,0.82,0.11,30,62.37,2439.16,7.95,2.57,2273,51.5,Rice
95,13,17,6.35,18.65,0.74,2.79,28.94,72.27,2874.52,9.63,7.06,2102,96.16,Rice
96,63,111,6.51,46.21,0.25,0.95,29.94,64.97,2161.38,6.4,10.69,1775,83.54,Rice
151,70,22,5.31,35.06,1.27,1.31,27.05,32.97,748.05,8.76,7.78,1058,80.46,Millet
149,87,21,8.11,48.26,1.21,1.88,31.42,88.66,1272.79,8.98,3.52,2468,105.37,Sugarcane
78,14,44,7.52,53.18,0.56,2.76,33.28,75.81,1751.34,5.78,10.06,493,75.39,Rice
46,27,111,7.22,22.55,1,2.79,33.64,82.83,2639.94,5.03,1.04,1290,313.9,Rice
98,53,63,8.3,44.14,0.67,1.73,35.61,78.24,1733.63,5.32,1.18,481,147.57,Rice
91,40,60,5.64,40.38,1.2,1.02,19.49,42.74,1575.62,4.17,16.79,349,319.96,Barley
26,30,52,4.82,53.08,1.1,0.91,32.37,85.96,927.18,10.01,11.8,384,204.1,Millet
130,56,109,7.8,31.51,0.32,1.16,38.4,89.05,1598.89,10.48,7.91,1372,154.87,Rice
138,39,75,8.49,12.59,1.3,0.62,21.02,34.72,1092.4,10.4,8.66,924,314.25,Sugarcane
82,64,24,6.81,38.71,0.43,2.04,33.33,39.51,1780.49,11.44,9.67,2290,187.53,Rice
143,77,58,4.74,57.94,0.43,1.63,18.74,89.42,2464.4,4.68,5.48,2197,248.46,Sugarcane
31,78,43,7.62,10.73,1.15,2.34,15.27,47.61,2848.03,11.45,14.81,527,147.41,Wheat
62,50,48,4.79,22.01,0.44,0.37,23.39,79.19,2466.87,8.01,6.84,379,58.41,Rice
36,54,35,6.66,25.8,0.36,1.26,34.2,34.45,2519.24,7.15,11.95,1915,219.19,Rice
82,83,78,5.61,48.29,0.64,0.8,19.21,73.95,1202.38,5.13,3.56,1331,139.14,Potato
139,89,57,8.16,26.16,1.29,1.65,18.85,72.08,2147.41,7.87,1.52,1379,205.49,Wheat
55,39,98,6.31,21.95,0.43,1.46,18.33,86.26,1286.66,9.45,3.84,44,64.45,Wheat
27,86,60,8.09,42.43,0.64,1.4,16.54,73.72,267.85,4.71,7.7,705,102.7,Wheat
88,54,107,5.7,12.32,0.57,1.02,28.33,32.48,2676.72,11.82,3.64,659,281.09,Rice
109,54,13,6.05,18.53,0.66,2.21,17.3,57.03,346.42,11.33,13.53,2323,275.22,Wheat
55,88,107,8.29,30.4,1.13,1.5,38.05,50.87,523.47,11.1,4.1,2138,56.06,Millet
47,54,36,5.31,27.78,0.73,0.69,20.38,64.24,251.49,7.28,16.45,1807,165.66,Cotton
137,64,51,6.81,27.36,1.19,1.69,26.27,55.7,388.32,10.85,16.12,606,349.89,Millet
112,68,65,6.05,15.43,1.03,1.83,22.28,46.85,365.24,5,6.39,168,150.7,Cotton
95,14,102,7.6,28.04,0.67,0.16,38.88,69.66,2096.46,11.29,9.85,987,58.28,Rice
120,41,78,5.02,49.9,0.76,0.69,22.72,48.67,2589.8,10.84,13.98,1000,155.14,Rice
33,15,27,6.25,30.69,1.11,0.8,26.91,81.04,2430.73,8.7,9.06,2378,138.29,Rice
90,35,70,7.3,39.31,0.9,0.82,32.9,49.38,1953.6,9.3,2.49,544,254.42,Rice
143,46,13,6.13,18.18,1.33,0.79,15.14,60.92,2400.79,6.81,6.27,2476,76.86,Wheat
144,22,10,4.73,13.49,1.41,0.89,10.98,79.56,1478.38,11.59,10.75,1852,333.24,Sugarcane
56,78,59,7.32,54,1.13,0.86,23.65,79.37,2737.94,4.53,16.51,381,99.91,Rice
48,34,93,6.51,26.57,1.49,2.66,26.52,65.17,1487.74,11.13,2.32,2438,88.15,Sugarcane
38,22,79,4.55,27.52,0.98,1.03,18.61,52.8,278.99,6.09,4.35,3,174.37,Potato
125,29,29,6.95,53.88,0.25,1.11,23.88,63.48,2166.93,10.44,18.69,1720,204.8,Rice
40,81,29,8.18,45.39,0.86,0.87,28.45,80.98,2526.06,4.4,7.04,2367,238.63,Rice
83,69,55,4.94,47.81,0.5,2.91,39.2,43.13,828.82,5.95,8.17,2016,51.86,Pulses
46,82,36,6.86,44.1,0.63,1.65,28.05,37.35,1089.97,5.58,13.65,1844,243.45,Potato
74,30,35,7.41,15.29,0.84,1.87,23.47,64.92,2145.89,11.83,8,1812,230.07,Rice
48,70,41,4.78,57.9,0.58,2.23,10.68,64.44,1806.69,5.68,5.38,1255,139.44,Cotton
44,88,19,4.59,55.46,0.6,1.07,19.32,47.59,2691.91,6.97,19.4,565,129.85,Millet
89,35,91,6.36,21.81,0.72,2.91,20.75,56.07,1537.49,6.38,10.9,690,65.01,Rice
82,63,114,7.66,50.2,0.57,0.54,24.31,35.31,2082.87,11.89,8.05,1394,160.51,Rice
149,51,21,5.14,30.47,0.42,1.43,33.47,37.85,960.58,8.93,15.47,280,240.57,Wheat
35,20,83,7.85,44.19,1.2,0.52,33.28,79.7,2802.41,6.88,2.94,1851,300.69,Rice
119,46,97,7.13,18.28,0.71,2.39,35.36,57.87,1235.43,11.26,18.14,1825,64.2,Sugarcane
49,20,33,5.83,36.93,1.28,0.41,18.7,35.99,1710.69,9.66,16.42,2198,125.28,Potato
64,36,60,6.56,16.33,1.35,1.71,20.39,87.71,1926.15,9.63,8.15,1788,56.29,Rice
38,43,47,8.36,36.81,1.18,0.4,14.51,42.6,911.97,7.89,4.54,739,124.17,Wheat
53,47,55,5.37,22.18,0.72,1.41,35.72,49.01,1086.88,7.98,17.33,920,77.55,Rice
81,70,98,6.5,32.62,1.14,0.91,29.57,88.35,1606.79,9.85,19.17,755,119.79,Rice
137,62,17,7,43.4,0.4,2.72,12.33,40.85,958.42,4.08,1.91,1647,309.84,Wheat
119,74,64,5.05,53.85,1.06,0.25,19.11,88.12,564.43,7.5,19.76,1989,163.17,Cotton
41,12,87,4.67,18.26,0.73,1.98,14.58,73.33,2542.45,11.85,8.34,902,319.12,Barley
130,76,116,4.55,54.66,1.05,2.12,39.08,55.62,1109.23,9.23,16.32,787,306.66,Sugarcane
92,37,40,5.8,29.5,1.18,2.68,19.74,65.7,1364.76,7.03,9.7,1925,154.87,Potato
57,23,97,4.8,52.19,0.93,2.65,24.89,60.47,1732.07,5.36,10.91,134,245.75,Rice
89,61,25,7.72,35.63,1.04,2.93,19.54,78.28,2558.78,6.87,11.18,1104,182.02,Wheat
135,39,29,8.49,53.11,0.48,0.84,24.23,33.77,592.9,7.84,19.3,614,295.45,Barley
98,67,47,4.75,43.14,0.97,0.9,39.96,78.8,1952.67,9.05,12.97,2236,56.17,Rice
28,63,24,6.23,35.44,0.8,1.25,18.62,88.24,1183.02,11.87,6.63,553,201.5,Wheat
51,78,87,4.6,25.63,0.76,1.66,18.48,55.77,2634.73,7.97,12.91,644,135.22,Cotton
151,24,85,5.04,58.45,0.73,1.16,21.14,41.48,2051.33,6.91,2.72,546,331.26,Rice
69,47,43,5.79,50.04,0.6,2.25,15.08,36.53,606.54,6.03,7.3,2299,262.89,Cotton
101,87,81,6.07,29.06,0.6,0.12,32.17,50.81,1031.42,10.13,4.3,1524,259.62,Sugarcane
24,23,28,8.26,18.34,1.11,0.15,21.38,37.84,301.25,7.71,12.51,2040,313.94,Potato
106,66,119,6.08,48.98,0.93,2.18,27.43,43.78,2357.57,9.8,11.1,2489,221.56,Rice
145,68,78,6.49,59.5,0.24,2.66,29.84,69.27,1355.81,6.27,14.77,2247,162.76,Sugarcane
94,17,100,5.48,23.95,0.26,2.35,11.06,54.95,336.29,6.97,7.43,1893,211.63,Rice
41,81,72,4.5,55.79,0.94,0.44,29.32,84.06,237.68,11.65,19.72,1634,140.73,Millet
87,28,114,8.1,16.27,1.3,2.81,25.98,57.83,2875.53,5.87,7.08,2220,77.67,Rice
63,41,86,4.83,57.61,0.26,1.61,12.49,39.25,2586.54,6.55,1.99,1267,331.74,Cotton
53,38,41,8.36,47.27,0.86,2.25,13.73,38.32,1136.44,8.07,6.14,429,95.91,Wheat
96,50,104,5.02,27.33,1.31,0.68,23.22,71.59,1646.44,8.21,12.85,1389,221.69,Rice
61,84,114,6.92,25.23,0.21,1.69,20.39,68.03,1812.54,4.53,15.45,477,94.53,Rice
156,54,119,8.5,42.17,0.56,1.06,23.12,72.47,1642.81,11.77,5.6,1794,154.55,Rice
125,22,46,5.05,39.68,1.4,2.93,29.07,50.33,1062.4,6.42,15.82,1717,250.82,Sugarcane
114,36,75,6.2,55.95,0.31,1.48,14.63,84.9,1293.6,4.43,7.39,1569,122.25,Wheat
154,28,16,7.62,48.31,0.99,2.29,29.87,36.83,707.27,6.04,4.12,697,159.23,Millet
87,35,57,4.63,37.02,0.86,1.85,34.54,31.97,293,7.2,3.67,234,145.02,Millet
147,62,20,7.26,56.38,0.4,0.37,10.09,74.53,633.22,5.85,16.55,2050,342.58,Wheat
104,60,84,4.82,39.64,0.26,1.67,21.05,70.62,236.56,5.24,5.5,1244,222.45,Pulses
102,46,96,5.45,52.48,0.85,1.67,18.26,59.61,1412.59,8.06,5.18,2068,246.93,Sugarcane
114,18,40,5.14,52.05,1.16,2.18,22.96,32.62,2050.5,10.37,17.77,1620,167.98,Rice
51,61,53,8.13,55.96,0.43,1.03,28.46,36.85,706.62,9.64,7.93,2212,83.59,Millet
85,63,54,5.22,13.38,1.1,2.6,15.63,41.72,1694.96,7.4,19.82,2064,103.48,Millet
135,12,81,4.66,39.19,0.91,1.91,14.02,68.32,1109.91,4.99,6.12,811,158.92,Sugarcane
157,78,65,6.85,33.42,0.67,0.21,31.87,69.78,535.98,11.64,13.55,562,227.65,Millet
149,17,41,5.88,34.53,1.06,2.15,30.57,70.61,557.25,6.69,4.7,681,59.74,Millet
79,23,30,6.12,33,0.45,2.73,23.83,78.18,1930.72,4.83,4.66,113,107.82,Rice
36,12,40,4.98,51.87,0.79,2.08,25.04,31.49,529.58,6.69,16.37,1995,279.97,Millet
115,33,10,7.49,25.92,0.91,1.2,18.1,68.6,1749.13,9.58,18.59,1739,240.2,Wheat
35,22,86,6.91,33.14,0.8,1.81,19.88,45.09,733.74,6.01,17.99,2397,191.01,Wheat
65,52,20,5.96,20.03,0.72,0.6,19.6,64.26,2625.17,5.46,16.84,1195,146.77,Wheat
126,38,102,5.19,22.59,1.16,1.84,31.79,74.27,339.94,6.11,12.08,1292,118.18,Millet
107,81,77,6.87,43.02,1.05,1.55,26.67,73.2,1283.84,8.41,3.15,722,318.61,Sugarcane
148,60,45,7.61,15.85,1.03,0.18,31.88,47.27,2332.23,11,7.41,537,57.12,Rice
158,51,88,5.75,19.39,1.36,1.03,27.72,51.32,2297.63,5.06,6.34,1268,110.22,Rice
138,40,68,4.6,36.4,1.49,0.65,26.37,85.04,605.38,5.15,5.76,669,114.79,Millet
104,72,76,5.36,12.19,0.94,1.23,19.62,80.93,750.83,7.43,19.49,1659,138.99,Maize
23,35,65,7.23,16.35,0.65,0.8,21.86,45.42,1729.72,5,3.84,1253,257.07,Rice
90,27,60,8.46,53.17,1.21,2.52,36.62,65.22,2115.91,11.83,9.92,817,337.87,Rice
130,66,38,4.55,52.31,0.38,2.12,27.28,36.44,2306.39,11.03,18.6,879,244.31,Rice
69,16,94,5.72,27.39,0.87,2.25,25.73,69.23,1937.54,4.52,2.15,522,326.35,Rice
159,57,11,4.75,27.4,0.88,1.15,11.59,67.28,2392.73,11.25,15.17,1789,251.49,Sugarcane
114,89,15,5.77,56.83,1.48,0.11,30.13,45.84,1431.66,6.28,12.58,2006,229.06,Sugarcane
111,69,40,6.12,11.29,1.49,0.74,30.58,55.31,1769.7,6.58,7.84,272,186.24,Rice
84,42,63,8.18,39.01,1.24,2.29,30.72,76.94,1413.05,6.71,18.83,82,259.61,Millet
66,12,97,4.82,39.87,0.81,1.85,12.74,45.33,2330.65,4.56,7.37,198,214.58,Tomato
125,13,49,7.61,49.39,0.91,1.66,19.01,76.1,689.47,10.23,4.58,1260,172.06,Wheat
149,13,26,6.08,57.59,0.62,0.91,21.14,48.98,906.74,5.46,14.77,2115,282.07,Tomato
125,51,14,7.75,27.79,1.28,0.32,34.79,80.37,2543.13,5.66,7.32,71,101.18,Rice
43,18,11,6.55,31.89,1.17,2.38,39.42,31.83,2200.3,10.15,6.45,1547,175.75,Rice
23,60,67,4.66,43.56,1.2,0.21,22.44,45.49,2258.48,4.48,18.69,2363,254.93,Rice
127,26,21,8.28,58.36,0.38,0.27,26.63,40.66,477.55,6.69,6.85,648,293.65,Millet
38,26,14,4.83,54.54,0.72,0.96,10.22,83.43,1556.34,8.49,11.91,776,283.54,Maize
59,29,115,6.89,43.35,0.9,1.76,10.26,55.71,1780.15,4.93,13.44,1715,269.1,Wheat
69,23,69,8.01,52.84,0.36,2.98,12.24,62.74,2383.78,7.4,10.22,1868,216.96,Wheat
94,31,50,4.82,14.26,0.68,0.36,31.58,44.52,1382.25,6.83,6.91,173,182.68,Potato
31,61,29,6.72,28.86,0.31,1.47,15.34,37.7,1713.99,6.57,11.3,1344,323.39,Wheat
46,36,81,7.8,10.65,1.45,1.85,32.74,65.89,867.33,6.16,8.59,802,203.51,Pulses
132,52,10,8.45,18.87,1.18,2.49,22.96,47,2529.94,6.71,1.67,1385,310.56,Rice
68,12,65,7.4,41.52,1.01,2.1,35.5,85.73,2758.89,7.14,6.87,1559,115.01,Rice
149,17,79,5.61,54.28,0.47,2.44,36.11,58.58,1499.65,5.03,12.14,548,136.35,Sugarcane
79,19,65,7.3,41.64,0.63,1.62,36.39,38.29,1424.3,5.66,1.24,410,230.79,Barley
49,38,63,7.32,43.21,0.39,1.36,26.31,31.43,1119.14,11.28,13.35,319,241.36,Wheat
103,49,20,7.3,15.19,0.9,1.89,33.66,43.94,947.11,11.56,1.59,161,190.77,Tomato
47,74,12,7.92,43.24,1.27,2.71,29.86,49.2,1749.46,11.94,11.69,967,245.33,Rice
44,30,104,4.85,32.72,0.22,1.7,15.6,42.42,672.55,7.83,2.16,1249,51.94,Cotton
115,33,37,4.93,42.57,0.33,1.86,21.45,51.94,1850.09,5.08,17.11,1983,129.4,Rice
144,82,116,7.06,26.31,0.5,1.08,38.87,82.74,1771.69,9.47,18.3,16,215.53,Rice
29,69,14,8.32,39.07,1.13,1.83,33.18,32.88,2143.38,11.49,12.67,598,223.91,Rice
61,35,99,6.36,31.2,1.36,1.92,17.89,78.07,832.08,4.25,3.4,967,129.35,Wheat
59,18,25,8.34,37.93,1.18,2.28,18.43,55.55,2165.49,4.18,18.17,2475,347.78,Wheat
96,29,40,8.25,17.35,0.88,1.76,17.63,84.39,247.39,8.9,14.84,11,70.22,Wheat
124,65,37,8.11,29.79,0.34,0.67,19.86,70.02,1696.4,4.32,17.7,882,195.75,Wheat
137,45,16,8.14,28.71,1.18,1.79,37.85,39.9,2563.4,7.13,9.81,1385,172.96,Rice
61,45,111,8.09,46.82,0.34,0.96,23.01,87.57,2237.85,7.02,9.01,1899,260.38,Rice
66,82,18,7.78,45.32,0.65,0.35,20.93,39.28,2582.33,4.79,12.26,2069,139.66,Rice
41,31,48,7.28,55.44,0.6,2.49,17.18,50.18,615.37,9.97,9.66,208,139.64,Wheat
126,10,108,4.6,41.6,0.67,0.29,36.77,88.73,2212.9,4.87,4.24,1475,109.07,Rice
46,78,52,5.03,25.73,0.63,1.93,38.72,42.71,1513.41,6.19,16.68,480,184.08,Rice
60,82,36,5.04,49.16,1.2,2.97,19.71,67.87,1104.87,9.82,4.62,600,296.19,Potato
99,46,85,4.59,34.85,0.42,0.35,28.5,88.65,1196.14,8.95,15.18,567,254.87,Barley
108,81,98,4.97,19.67,1.3,0.74,38.75,71.34,485.44,7.78,17.93,2446,192.41,Millet
85,22,116,8.18,47.37,1.32,2.31,24.98,69.77,2151.47,4.39,11.05,2408,333.7,Rice
31,52,102,7.16,16.63,0.84,0.38,24.06,67.29,1969.31,10.1,5.81,1362,317.46,Rice
92,46,104,5.75,18.91,0.34,2.51,25.83,63.33,627.34,10.6,1.41,847,219.13,Millet
95,83,107,7.67,47.94,0.95,0.1,11,86.95,1723.82,4.82,13.44,2376,292.01,Wheat
109,34,42,6.45,48.51,1.27,2.68,19,62.63,563.08,11.89,11.51,416,77.75,Wheat
29,30,100,5.07,49.54,0.58,0.29,30.97,69.8,1077.37,6.78,14.13,482,325.01,Barley
115,50,65,8.04,24.67,1.29,2.77,39,74.33,323.54,7.39,19.08,47,320.79,Millet
39,82,11,5.85,53.33,1.08,2.61,27.06,61.66,1939,7.32,9.58,455,176.92,Rice
58,51,23,7.3,46.13,1.48,1.66,15.71,83.26,234.82,9.06,13.78,2155,336.9,Wheat
79,51,22,5.66,51.7,1.27,2.36,22.8,31.37,930.06,8.59,3.71,1015,96.04,Tomato
85,11,33,6.5,45.43,0.46,0.32,24.7,53.72,946.75,8.49,3.65,613,130.2,Potato
84,77,78,7.77,38.98,0.78,0.49,14.57,67,2295.4,10.25,10.37,2472,270.52,Wheat
143,17,43,5.13,15.47,0.33,1.17,19.88,31.14,1461.76,11.42,12.15,813,318.22,Sugarcane
149,70,96,8.41,45.55,0.29,1.66,23.35,86.21,1805,10.57,19.71,1551,112.52,Rice
76,23,28,4.78,44.52,1.12,2.62,17.86,79.58,897.46,9.77,11.81,1330,332.93,Sugarcane
97,86,39,6.64,25.62,1.39,1.67,20.62,43.14,1733.36,4.4,18.43,134,269.23,Rice
48,30,58,8.16,46.79,1.47,2.03,18.29,49.91,617.77,5.99,15.96,1870,330.72,Wheat
34,33,52,8.28,37.52,0.55,2.07,28.38,70.63,2978.61,4.84,18.09,376,164.66,Rice
31,59,25,5.43,37.97,0.46,2.64,27.36,50.46,1647.53,10.84,17.29,1444,290.04,Rice
120,54,61,5.08,28.38,0.93,2.35,26.55,81.41,2662.26,9.22,11.3,1198,190.93,Rice
103,73,113,7.4,15.84,0.46,2.93,12.9,44.91,495.94,4.27,1,2039,333.39,Wheat
144,73,107,4.67,20.85,0.58,0.16,15.51,79.1,1853.18,9.79,9.65,923,96.2,Sugarcane
122,35,58,6.44,48.44,1.29,0.7,13.32,57.88,2078.94,6.7,5.17,2429,335.26,Wheat
43,41,20,7.69,23.57,1.25,2.8,11.9,57.2,2409.07,8.35,14.57,1070,172.61,Wheat
157,66,87,6.74,10.11,1.36,2.4,17.4,40.11,1560.57,8.64,4.76,719,339.54,Wheat
129,62,56,5.25,59.85,0.83,0.88,15.84,89,301.03,5.3,9.99,851,58.49,Potato
97,42,88,6.45,20.53,0.93,2.93,31.75,50.69,931.33,7.19,1.47,1155,297.02,Cotton
120,61,44,8.19,42.77,1.2,2.62,30.88,42.28,985.71,7.41,2.72,635,240.95,Sugarcane
147,27,80,6.97,56.35,0.51,0.29,16.04,31.95,1091.62,8.92,8.46,144,320.55,Wheat
77,44,38,7.39,39.99,1.27,2.45,14.97,59.61,458.17,11.12,14.87,1377,87.56,Wheat
95,21,117,5.85,49.95,0.22,2.38,14.35,31.94,201.77,8.92,13.8,2057,265.22,Cotton
55,60,63,5.25,58.82,1.24,0.74,19.6,57.32,1655.13,9.47,9.13,413,332.14,Tomato
41,19,95,5.52,53.02,1.21,2.04,18.83,84.16,2262.99,9.32,4.62,991,325.75,Potato
146,61,32,6.63,37.9,0.59,2.91,10.86,59.88,844.29,4.68,6.81,2226,109.42,Wheat
99,43,33,5.62,28.19,1.15,2.06,27.04,32.6,2142.65,6.4,10.39,712,203.08,Rice
119,76,108,6.67,34.12,0.48,2.46,36.94,45.86,2247.14,7.21,19.02,115,318.62,Rice
115,48,19,7.33,52.09,0.95,0.39,26.17,32.92,1351.47,7.56,13.16,1605,298.43,Sugarcane
37,17,70,7.44,52.67,1.11,2.21,11.91,82.92,1670.13,10.74,3.42,1683,249.33,Wheat
57,38,17,5.16,52.29,1.13,0.69,27.99,44.41,1079.19,8.2,16.28,278,178.12,Barley
128,31,57,7.5,39.86,1.48,0.31,24.55,33.9,1250.63,10.52,14.7,314,252.16,Sugarcane
142,79,85,7.19,33.85,0.44,1.7,37.21,87.87,1849.5,11.25,17.88,67,152.82,Rice
123,70,102,4.55,25.57,0.83,2.28,20.9,59.23,1213.37,9.57,12.61,138,256.86,Sugarcane
159,52,38,4.74,10.17,1.34,1.69,32.56,54.34,1603.05,4.91,6.89,1363,273.1,Rice
100,58,96,7.08,48.22,0.93,2.8,11.15,85.62,2282.54,5.61,17.1,1751,52.49,Wheat
106,38,35,6.03,23.85,1.34,2.12,31.64,61.85,2900.89,10.62,11.97,1217,264.72,Rice
80,40,46,5.08,26.48,0.76,0.44,11.25,46.89,2694.96,8.51,14.35,1866,113.76,Cotton
65,62,105,4.68,52.17,1.23,2.81,20.34,77.52,2760.6,8.13,9.93,1511,161.88,Rice
51,43,61,5.14,12.61,1.33,0.54,38.44,46.31,2751.41,11.75,16.29,1190,180.02,Rice
34,47,47,8.33,56.38,1.3,2.3,31.1,56.57,876.29,6.94,12.89,12,346.03,Wheat
63,66,15,7.41,10.07,1.33,0.53,37.75,78.19,2849.95,4.33,17.92,780,51.31,Rice
73,13,17,6.61,56.96,0.49,3,24.88,85.89,822.62,6.04,7.65,511,282.35,Barley
63,11,26,8.27,32.74,0.77,1.06,28.19,66.35,2619.8,6.28,17.1,260,309.58,Rice
117,21,85,6.98,15.11,0.43,1.54,25.53,60.29,1827.04,8.1,15.98,1189,122.64,Rice
24,44,71,7.4,43.71,0.43,1.45,24.37,34.57,2548.34,4.06,8.03,2287,125.46,Rice
128,79,95,5.63,54.79,0.83,0.4,27.35,67.02,2950.23,11.91,17.64,1339,305.19,Rice
46,81,87,6.86,31.9,1.45,1.53,11.17,49.6,2651.97,4.5,12.27,1115,243.17,Wheat
135,30,43,5.07,44.57,0.97,0.53,15.57,60.87,2486.21,5.86,8.07,1224,317.83,Sugarcane
106,70,28,6.12,58.97,1.31,2.43,16.44,74.68,778.21,9.38,6.24,2198,203.33,Wheat
123,44,79,4.63,22.04,1.42,2.88,21.49,68.41,2607.74,11.82,2.67,1529,118.86,Rice
142,57,91,5.37,51.02,0.31,2.44,23.04,35.82,664.12,8.09,2.76,560,313.25,Tomato
98,24,109,4.8,24.76,0.41,1.35,32.19,53.83,1635.61,6.73,15.9,970,178.91,Rice
62,80,46,6.05,31.32,0.58,0.11,14.97,41.97,1606.57,5.3,8.32,2358,135.08,Wheat
116,24,47,7.87,24.09,1,0.21,27.1,39.07,1652.48,11.23,10.94,91,115.21,Rice
50,15,24,6.01,32.3,0.28,1.54,18.17,43.22,2224.81,4.4,16.86,1518,306.98,Wheat
118,77,111,7.83,10.25,1.22,2.07,25.47,85.24,1308.89,4.56,13.44,78,244.95,Sugarcane
36,31,49,7.13,25.17,0.28,2.48,28.8,72.75,1478.61,4.51,18.9,84,266.04,Barley
102,41,18,6.54,32.26,0.41,1.84,27.47,84.49,2045.26,7.73,10.94,2233,226.14,Rice
129,31,62,5.45,41.61,0.7,2.94,16.46,60.39,2110.64,11.45,3.11,423,342.62,Sugarcane
51,36,79,8.19,41.87,0.93,1.53,31.28,30.07,1425.09,8.45,7.6,1230,65.3,Cotton
54,24,75,4.72,39.19,1.35,1.84,29.61,32.07,346,6.84,3.62,1335,226.95,Millet
152,53,89,7.26,24.65,1.45,0.77,37.96,38.68,925.44,5.91,15.2,1913,316.34,Barley
48,18,61,6.98,57.37,1.35,1.09,29.02,76.84,2843.24,8.12,9.86,2310,79.78,Rice
89,43,10,6.26,29.6,0.34,2.08,31.61,42.1,2796.75,7.53,2.09,854,264.91,Rice
114,82,39,5.46,20.84,1.02,1.84,34.33,36.1,2019.02,4.75,1.31,1959,111.82,Rice
41,24,106,6.22,37.73,0.77,1.17,13.18,81.66,718.66,4.05,2.05,567,337.6,Wheat
88,71,10,7.99,47.45,0.36,0.42,30.89,43.71,467.98,8.76,13.77,992,225.01,Millet
108,54,48,7.85,10.61,0.92,1.09,19.56,60.15,2858.67,10.87,4.82,332,176.79,Wheat
91,81,25,8.27,23.82,0.66,0.23,34.69,50.37,2644.87,8.87,15.78,1920,76.38,Rice
148,67,26,5.73,51.25,0.65,1.78,24.41,83.79,1314.2,6.61,10.75,1936,313.46,Sugarcane
106,28,111,6.05,35.35,0.32,1.04,27.42,72.29,1962.89,5.23,12.03,1301,148.08,Rice
115,25,91,4.57,30.42,1.47,1.2,17.81,57.24,2759.63,9.91,4.22,1406,228.16,Sugarcane
94,84,31,8.27,56.55,1.14,1.77,29.52,81.78,586.83,9.62,17.68,629,253.41,Millet
73,17,95,5.82,14.48,0.56,1.79,11.07,73.6,1981.54,10.78,9.96,278,231.95,Sugarcane
107,42,108,6.12,40.78,1.39,1.81,32.46,78.53,2774.56,11.86,8.83,2266,105.4,Rice
73,83,40,8.13,27.11,1.43,1.53,14.9,88.65,2542.27,4.9,16.11,1044,78.77,Wheat
35,27,49,6.61,13.54,1.25,1.52,16.83,42.19,1003.96,6.12,1.62,380,146.18,Wheat
118,44,36,6.76,20.69,1.06,2.48,10.03,42.15,2865.73,6.75,10.84,2130,85.18,Wheat
39,52,45,5.2,41.4,0.69,1.46,19.4,63.39,768.86,8.3,14.68,49,254.95,Wheat
65,59,13,6.49,11.41,0.76,1.65,21.65,61.96,784.01,4.43,16.11,2043,229.8,Maize
146,12,78,8.17,39.61,0.79,2.97,17.02,82.15,470.5,6.21,3.96,1890,348.29,Wheat
77,68,34,6.73,57.84,1.43,0.63,16.91,39.35,530.73,10.35,8.42,613,113.24,Wheat
130,37,104,5.52,49.75,1.19,2.21,36.79,55.5,2332.63,4.39,7.1,502,264.6,Rice
148,55,87,4.62,27.28,0.58,1.47,19.79,61.67,972.42,10.54,19.85,1306,204.24,Wheat
100,73,39,5.85,16.91,1.01,2.51,31.67,57.85,2633.56,5.48,14.97,628,134.89,Rice
103,79,56,6.79,33.25,0.97,1.27,17.12,34.03,2601.29,6.44,9.08,1698,193.63,Wheat
89,56,21,4.67,29.65,1.26,0.98,34.27,38.87,526.15,9.74,5.08,2014,318.03,Millet
27,23,36,6.94,58.59,0.32,0.7,30.33,39.21,1690.58,10.12,4.3,672,166.93,Rice
48,16,54,6.59,59.49,1.11,2.63,32.69,65.76,2270.49,5.69,19.9,1048,163.52,Rice
131,83,97,7.63,30.53,0.63,2.18,23.19,55.73,2111.4,7.24,12.08,2486,298.89,Rice
150,88,72,4.62,17.44,0.37,0.32,36.39,40.69,490.28,5.94,14.76,1619,157.24,Millet
127,40,64,7.62,55.53,1.15,2.17,21.22,74.2,1100.88,8.11,3.99,1407,146.73,Sugarcane
128,60,39,6.58,49.68,0.63,0.2,28.03,78.18,1913.53,9.22,15.22,1740,122.65,Rice
39,38,91,5.98,35.56,1.15,0.63,29.2,42.61,1836.14,6.16,5.55,854,256.4,Rice
92,24,23,8.36,28.27,0.41,1.82,38.57,73.37,2479.27,7.7,15.48,1595,313.13,Rice
23,85,65,5.14,32.41,1.48,1.44,14.04,33.82,357.02,8.29,18.37,510,281.11,Cotton
38,34,28,6.67,55.09,1.24,2.54,14.07,81.36,1545,7.35,8.37,2196,241.63,Wheat
121,70,95,5.78,19.23,0.58,1.86,23.86,87.76,2577.06,8.11,18.16,805,144.9,Rice
105,50,35,6.61,50.34,1.16,2.9,37.54,39.35,2982.24,5.15,9.82,311,124.81,Rice
71,78,80,6.71,10.91,0.38,2.58,10.65,77.17,559.79,4.32,16.37,194,203.21,Wheat
130,13,101,4.86,56.03,1.05,1.09,18.29,35.84,2008.54,4.51,9.63,341,79.74,Sugarcane
128,66,47,7.14,35.01,0.28,2.52,18.51,87.68,203.73,11.78,3.73,1973,179.86,Wheat
105,40,78,7.04,21.34,0.63,2.62,19.15,57.12,1178.68,4.59,13.7,1801,234.05,Wheat
62,12,45,7.58,10.14,1.47,2.91,10.74,62.12,1445.3,7.09,7.19,305,302.79,Wheat
61,76,27,4.86,37.98,0.36,0.14,34.77,75.83,1168.42,10.33,2.44,1680,161.08,Tomato
109,59,66,5.69,22.22,0.98,2.64,10.27,44.93,1948.63,10.8,13.38,1838,114.08,Sugarcane
134,26,87,7.1,41.56,0.29,0.3,24.33,53.93,243.06,6.15,12,928,209.9,Cotton
45,69,32,5.05,24.06,1.07,1.63,11.69,34.2,2743.12,9.12,18.67,750,191.55,Rice
62,83,23,7.21,14.4,0.56,1.3,33.96,66.88,1091.87,9.79,2.66,1593,153.43,Tomato
96,75,105,4.74,35.25,0.6,2.77,32.4,77.96,621.01,11.33,9.18,385,95.72,Millet
156,84,78,5.84,38.22,0.64,1.27,31.65,81.11,1412.94,11.11,5.4,823,275.17,Sugarcane
39,33,31,7.89,32.63,0.47,1.83,32.09,62.18,1639.16,7.48,10.2,901,133.33,Rice
58,41,37,7.6,32.9,1.42,2.11,38.21,75.95,345.65,8.33,17.01,1381,207.35,Millet
31,28,52,7.08,39.48,1.38,0.16,22.5,38.99,2437.42,10.41,18.89,383,105.27,Rice
30,75,85,7.98,36.32,1.33,1.81,35.85,74.6,2264.84,8.79,8.23,1272,340.23,Rice
61,69,27,7.34,16.63,0.34,1.6,15.53,30.27,1633.03,6.85,12.76,1122,293.31,Wheat
30,75,109,6.58,19.85,0.5,1.82,23.54,41.69,720.7,11.6,5.48,2110,271.8,Barley
57,24,104,8.42,17.09,1,0.32,10.27,68.08,2794.43,11.98,15.48,1064,182.59,Wheat
117,44,86,7.28,44.66,1.46,0.26,18.52,49.23,2423.69,11.46,18.22,581,319.79,Wheat
38,78,93,6.91,36.43,0.99,0.61,23.74,54.64,854.4,6.77,10.05,830,53.6,Barley
153,36,118,6.14,31.49,0.63,2.62,37.28,79.56,2260.76,5.94,17.57,1377,232.16,Rice
135,16,45,8.11,49.92,1.26,1.13,19.51,64.27,483.82,7.95,19.69,1512,166.23,Wheat
132,15,16,5.68,26.29,0.38,1.36,30.17,53.94,531.65,10.28,12.55,1085,61.27,Millet
84,42,32,4.54,38.41,1.35,1.23,35.02,57.95,1444.85,6.16,11.65,289,120.47,Rice
118,67,43,5.29,13.72,1.47,2.17,19.8,80.91,2164.83,7.25,8.25,664,95.96,Sugarcane
91,58,105,4.94,47.22,1.46,0.85,15.08,59.14,2768.44,5.21,15.94,91,185.08,Barley
71,26,30,5.78,44.76,0.39,0.3,27.74,82.52,2918.77,9.61,16.48,1445,300.9,Rice
137,51,79,7.8,50.12,0.91,1.2,18.53,44.83,2137.34,9.9,1.19,173,126.56,Wheat
139,81,89,7.11,54.22,0.96,2.21,29.57,62.03,2392.96,7.96,5.79,1001,241.65,Rice
26,49,108,5.18,47.9,0.45,2.75,14.04,52.14,1629.25,9.9,1.61,1932,116.14,Sugarcane
30,55,56,7.66,52.22,0.91,0.25,14.55,65.48,356.56,9.16,15.75,422,113.52,Wheat
122,80,62,6.52,27.28,1.04,2.45,30.28,64.53,550.82,11.44,4.37,1717,96.35,Millet
80,79,93,6.55,27.17,0.63,0.29,39.21,64.28,2918.2,8.69,3.06,2356,198.31,Rice
87,77,115,5.95,57.22,0.61,1.06,17.41,61.67,1300.4,6.85,16.14,434,167.4,Potato
159,10,50,7.96,55.73,0.28,0.16,31.42,57.27,2361.24,9.84,11.91,1564,99.52,Rice
121,88,84,5.77,37.42,1.44,2.74,25.96,84.62,817.31,4.45,3.92,1365,158.66,Cotton
129,61,41,4.88,28.33,1.24,2.15,35.32,46.08,1692.15,7.81,17.05,1350,96.31,Rice
159,44,23,5.71,53.3,1.19,1.17,21.67,56.04,627.53,11.73,8.73,1085,165.37,Wheat
70,78,97,7.36,26.17,0.23,1.19,39.15,42.67,2464.44,9.64,8.09,644,250.62,Rice
136,14,117,7.13,17.68,1.01,1.96,12.47,49.94,670.58,11.99,13.38,1330,319.99,Wheat
65,26,112,5.25,41.97,0.43,0.36,39.54,44.94,2176.62,7.14,1.7,2364,149.15,Rice
72,62,116,4.95,12.13,1.06,0.52,35.39,70.18,622.55,7.14,7.38,490,122.38,Millet
107,61,104,7.14,28.96,1.01,2.56,35.99,72.46,2492.26,4.48,2.49,2085,154.83,Rice
140,23,26,7.21,50.38,1.31,0.69,35.27,46.6,1608.17,6.89,14.97,649,167.04,Rice
32,38,34,5.96,24.76,0.53,2.21,35.86,89.02,1354.8,5.13,6.21,1534,190.41,Wheat
108,17,73,7.87,56.57,0.24,0.75,34.45,47.05,1142.99,7.16,16.89,2496,166.47,Sugarcane
144,10,82,8.41,57.79,1.39,0.36,36.99,79.7,2125.63,4.02,8.96,263,327.47,Rice
137,38,95,5.32,50.79,1.38,2.71,23.82,47.56,446.55,7.51,17.82,370,160.16,Cotton
73,45,118,6.81,59.38,0.79,2.71,38.18,54.79,2597.35,11.51,5.2,185,64.04,Rice
135,60,57,4.52,36.54,0.3,1.86,21.55,69.88,2331.48,10.1,13.4,285,281.04,Rice
137,46,44,7.35,38.46,0.85,1.44,31.86,63.46,1244.25,5.93,18.95,2117,173.71,Sugarcane
23,78,46,6.16,51.81,0.88,1.7,31.31,60.37,2937.38,6.16,8.49,139,246.46,Rice
94,62,64,5.27,34.64,1.27,1.28,34.63,77.65,2529.77,6.47,4,116,230.97,Rice
68,61,26,7.51,30.34,1.13,2.3,32.15,72.46,958.3,4.74,11.52,2406,303.74,Wheat
26,21,37,7.74,40.74,0.29,2.29,11.06,84.85,2685.66,11.94,9.21,577,271.87,Wheat
129,61,10,4.94,42.88,1.12,2.48,32.17,43.85,477.12,9.34,10.61,325,113.8,Millet
141,10,62,4.66,47.54,0.38,1.62,10.7,30.98,2130.8,9.91,10.04,899,296.26,Sugarcane
30,16,82,5.84,43.41,0.32,2.42,26,89.99,567.76,9.56,6.05,181,196.92,Millet
111,26,64,7,47.29,0.72,0.55,35.17,47,2932.59,7.72,10.78,1166,147.96,Rice
42,52,70,7.67,43.73,0.3,0.19,34.89,32.58,339.16,10.53,3.81,1060,174.31,Millet
47,80,22,6.68,34.02,1.28,1.98,35.24,44.84,851.73,5.9,12.08,1696,336.7,Tomato
130,26,56,6.82,16.75,0.8,0.41,28.07,70.13,1684.36,7.11,9.31,2333,67,Rice
76,68,73,7.7,49.27,0.96,1.7,15.51,65.29,1835.09,6.61,19.48,1210,330.14,Wheat
45,12,41,6.62,11.54,0.95,2.19,25.24,42.4,1636.16,11.62,2.8,232,333.04,Rice
73,38,37,6.94,59.63,1.47,1.28,25.49,41.17,2272.27,4.31,15.29,1533,93.29,Rice
48,31,62,6.56,51.42,1.39,0.23,19.74,56.66,204.35,4.6,7.64,2474,168.13,Wheat
116,47,40,8.02,43.55,1.3,2.67,22.72,30.81,1778.69,11.65,14.25,211,287.53,Rice
33,63,17,5.44,58.33,0.7,0.23,36.17,30.14,1921.87,9.5,19.2,739,336.86,Rice
97,59,81,5.56,40.62,0.39,2.72,25.54,67.01,785.41,9.09,18.06,245,120.48,Millet
54,78,107,5.01,12.82,0.97,0.25,31.14,49.52,2045.58,10.55,3.15,239,66.64,Rice
49,39,96,7.78,37.97,0.77,2.23,24.87,31.43,2031.15,11.33,17.65,27,248.37,Rice
111,32,83,6.15,23.86,0.49,2.78,28.52,57.59,1684.43,11.17,8.43,273,71.96,Rice
36,56,110,5.89,28.47,0.33,2.73,12.78,86.13,926.01,11.12,2.34,921,111.67,Pulses
112,30,34,8.43,32.98,0.77,2.69,37.94,45.29,1366.38,10.71,4.95,2343,179.25,Sugarcane
98,29,42,8.21,48.73,1.05,2.66,23.08,45.06,962.85,4.96,1.54,2114,218.1,Potato
129,32,118,8.39,35.15,1.01,1.58,32.45,58.08,2355.23,9.08,3.65,1469,190.38,Rice
121,77,77,5.07,33.73,1.21,1.72,30.01,38.91,1932.08,7.93,9.88,1887,299.27,Rice
125,30,16,8.07,25.1,0.81,1.9,33.98,68.28,623.4,10.24,18.96,1294,165.95,Millet
66,30,106,5.81,36.99,0.62,2.7,11.05,80.36,1789.31,11.64,16.38,632,204.88,Millet
83,10,75,4.55,22.42,0.9,2.53,38.06,41.67,2729.12,6.92,11.1,324,200.27,Rice
83,24,55,6.07,23.05,1.47,2.37,34.89,69.52,2531.84,10.04,7.15,479,110.81,Rice
106,26,105,6.54,47.86,0.26,2.06,35.01,83.28,2695.37,5.7,1.54,2352,162.18,Rice
26,60,14,4.93,27.13,0.89,1.89,24.01,84.18,2767.62,7.37,2.09,1593,326.67,Rice
41,72,119,6.65,12.57,0.63,2.78,33.89,63.17,726.98,9.78,14.9,2221,191.5,Millet
100,23,26,7.78,27.18,0.34,0.66,27.26,39.14,2214.97,4.7,11.35,215,84.8,Rice
93,68,85,6.01,41.93,0.77,0.66,25.1,69.55,2004.22,10.9,3.31,2348,229.47,Rice
157,59,61,5.91,50.7,1.03,2.95,33.55,74.09,293.49,11.34,17.38,1492,190.2,Millet
154,43,21,5.86,58.1,0.89,1.7,28.83,75.26,2378.98,10.98,10.84,72,223.19,Rice
144,15,71,8.19,47.31,0.24,1.5,12.31,86.06,780.14,4.01,16.9,537,333.65,Wheat
69,58,44,4.7,31.44,0.95,2.57,19.44,66.92,2767.62,10.43,15.79,1433,216.78,Pulses
71,15,71,6.28,24.96,0.5,2.56,28.66,57.97,2538.78,11.18,7.33,92,289.04,Rice
20,78,30,5.56,16.48,0.64,0.61,37.11,60.15,2352.9,11.87,14.35,811,207.07,Rice
23,16,94,8.08,41.38,0.61,0.6,37.99,49.29,2151,4.27,19.85,634,202.91,Rice
151,86,75,4.88,35.49,1.32,2.41,35.17,33.44,1516.23,8.51,15.21,459,287.37,Rice
23,60,62,6.15,43.89,0.26,2.38,17.63,73.05,2433.96,11.06,6.02,852,156.57,Wheat
20,10,30,6.13,21.86,0.65,0.75,24.2,31.19,2493.85,9.85,12.25,1380,197.89,Rice
90,22,24,8.05,26.18,0.71,2.54,23,33.85,475.75,10.83,9.23,133,258.54,Potato
54,52,84,5.36,24.6,1,1.49,23.16,50.05,1126.96,9.59,6.7,18,328.87,Barley
27,36,83,7.08,49.88,1.23,1.46,11.49,85.86,1086.63,4.19,6.4,1199,234.25,Wheat
55,80,91,5.04,18.56,1.15,2.96,15.21,58.99,548.93,11.03,9.75,1764,220.23,Rice
142,12,32,8.32,40.42,1.18,1.61,14.6,42.91,2932.21,8.94,6.9,516,114.51,Wheat
62,67,40,6.87,12.57,0.45,0.5,28.52,83.82,1834.06,5.98,3.81,1170,135.82,Rice
46,26,63,7.01,37.48,1.39,0.91,22.35,64.3,1851.43,9.44,15.38,455,142.55,Rice
51,54,64,6.24,13.2,0.74,1.07,19.73,52.19,1270.88,8.12,6.57,1889,267.19,Wheat
97,87,35,5.87,18.79,0.21,2.88,23.32,72.94,2352.32,9.74,8.09,1870,263.94,Rice
140,67,62,5.35,15.65,1.07,0.87,19.73,56.47,1531.82,7.78,18.16,772,124.8,Sugarcane
35,65,75,6.92,27.34,0.99,1.35,32.72,73.8,2278.29,4.82,13.58,1028,59.25,Rice
118,63,48,8.32,27.19,0.36,2.27,15.01,43.1,2658.44,11.3,18.65,1914,75.87,Wheat
66,38,16,5.94,51.32,1.45,0.89,11.68,39.01,2039.39,9.46,12.43,1957,248.29,Potato
50,63,97,8.03,21.28,0.93,2.13,29.52,57.66,1944.75,9.71,7.76,2238,242.34,Rice
23,36,48,5.1,14.32,0.81,0.7,16.92,49.18,2403.37,10.14,5.23,421,307.23,Rice
36,54,41,8.24,40.18,0.72,0.8,29.3,66.31,1608.43,8.1,16.68,1547,60.92,Rice
58,40,35,5.9,44.37,0.47,2.96,11.76,77.33,2472.6,9.71,9.53,380,69.23,Wheat
67,45,96,6.02,24.74,1.44,1.17,17.41,84.09,459,5.69,13.37,2353,302.88,Wheat
58,70,87,6.35,40.14,1.11,2.22,14.62,75.63,877.4,7.75,15.1,0,278.59,Wheat
151,46,38,7.37,48.8,0.94,2.54,18.72,50.5,2788.87,9.53,5.68,2272,339.94,Wheat
49,76,34,7.38,27.38,1.02,1.11,19.87,73.64,679.34,10.44,19.55,2051,154.44,Wheat
41,45,65,6.42,36.27,1.29,1.14,24.86,61.79,1468.58,11.74,5.48,2176,302.08,Rice
85,14,40,6.59,17.33,1.03,2.34,25.6,84.36,1546.02,10.89,15.39,1577,148.41,Rice
127,55,75,4.62,11.18,0.35,1.86,28.9,72.41,1369.05,4.33,3.88,1023,280.06,Sugarcane
31,88,11,5.72,59.07,1.11,1.15,19.95,39.01,2627.35,5.41,19.52,499,248.3,Potato
55,61,96,5.88,24.99,0.93,2.27,25.96,34.69,2299.26,9.44,5.78,2324,232.52,Rice
37,58,56,6.73,23.95,1.46,2.6,39.7,62.63,2468.58,4.66,10.79,1700,139.28,Rice
109,15,84,6.73,58.66,1.15,0.78,16.32,51.9,2975.63,11.96,8.01,17,116.37,Wheat
20,19,38,7.34,46.41,0.65,0.17,14.58,40.09,2929.5,7.77,18.18,2050,234.51,Wheat
146,32,115,7.37,39.26,0.38,0.9,35.28,77.86,2697.89,9.49,10.92,2204,142.52,Rice
109,26,108,5.44,44.97,0.83,2.06,22.31,52.53,1783.77,4.38,13.77,2433,285.86,Rice
106,53,58,7.58,45.5,1.08,2.75,35.41,35.16,1043.65,7.44,5.17,2480,319.5,Sugarcane
109,50,82,4.58,48.17,0.43,2.6,22.74,45.74,2226.37,5.92,18.97,855,178.17,Rice
153,24,41,7.36,13.36,1.04,0.74,10.65,70.61,2857.97,4.84,7.75,1625,230.46,Wheat
89,53,39,4.91,30.64,1.27,2.65,21.25,68.88,2972.64,9.38,2.9,993,118.09,Rice
63,67,24,7.42,24.76,0.4,2.45,28.3,45.75,1917.03,11.81,5.14,2216,239.16,Rice
105,59,71,6.61,13.53,1.12,2.23,23.43,50.47,2162.25,6.44,4.69,567,148.65,Rice
38,61,87,6.25,30.63,0.29,2.1,23.78,32.99,980.44,11.43,3.06,2477,199.81,Maize
120,79,26,7.26,40.81,0.21,2.44,39.95,87.2,764.41,4.02,10.33,150,288.21,Millet
114,77,31,4.65,18.92,0.24,2.6,26.32,49.63,1988.75,9.3,6.92,1327,204.94,Rice
120,72,39,5.39,25.25,1.02,2.48,30.91,85.76,830.39,8.25,10.39,2342,139.25,Millet
49,67,90,6.97,41.96,1.47,0.45,31.63,78.83,1306.97,6.95,2.51,2090,244.69,Wheat
52,32,25,7.89,38.97,1.2,2.19,10.01,50.11,1579.21,7.34,12.19,809,259.34,Wheat
31,53,61,6.02,53.44,0.53,2.54,26.57,71.65,2811.55,8.81,13,1756,289.75,Rice
137,53,17,5.54,49.56,0.29,0.64,38.89,58.42,2937.16,8.46,5.84,1171,251.68,Rice
113,61,73,6.57,58.28,1,0.72,32.52,88.6,891.89,8.07,11.81,1671,346.15,Rice
156,76,48,6.99,39.86,0.2,2.38,20.21,68.31,569.55,11.86,6.78,599,54.64,Cotton
95,37,40,6.18,44.92,1.23,1.1,20.94,61.14,829.67,10.15,3.98,2457,243.53,Barley
48,76,21,8.01,53.03,0.52,1.26,19.11,68.28,1652.89,5.43,13.93,229,77.07,Wheat
136,87,42,6.59,52,0.59,1.19,28.91,43.21,2392.16,11.34,16.87,494,314.2,Rice
34,27,67,4.64,45.94,0.65,0.72,12.92,48.38,1661.57,7.94,3.92,696,69.67,Sugarcane
21,36,21,5.39,35.01,1.19,2.82,18.7,72.76,2812.78,4.11,17.87,168,349.76,Potato
136,60,34,6.3,23.66,0.55,2.44,24.95,35.02,1984.76,10.29,12.37,1206,288.03,Rice
37,69,47,7.29,53.86,0.57,0.83,26.06,48.16,1554.23,6.82,15.69,1483,347.55,Rice
22,83,57,5.38,48.83,0.9,0.41,28.22,67.17,2356.82,11.99,14.17,1073,304.18,Rice
154,58,91,8.41,51.9,0.8,1.18,33.92,89.74,2870.36,8.35,17.79,7,121.51,Rice
127,24,92,5.77,17.04,1.44,1.3,14.9,85.54,1132.84,6.16,2.13,8,105.49,Sugarcane
114,82,64,6.63,25.74,0.54,0.12,16.75,79.93,970,10.02,19.75,2322,120.36,Wheat
141,77,12,4.58,31.24,0.32,2.67,36.17,60.05,797.39,6.23,17.72,114,120.91,Millet
30,24,108,8.04,51.92,0.9,2.57,34.93,78.28,1699.81,4.2,1.82,1597,205.2,Rice
87,60,78,7.66,54.64,0.44,2.57,34.65,63.54,1511.06,4.77,5.8,1121,211.42,Rice
142,57,44,5.28,24.24,0.74,2.44,16.26,57.51,892.2,9.26,11.17,192,305.04,Cotton
132,81,60,8.23,44.32,0.44,2.23,11.75,43.41,2220.66,5.71,17.27,1148,136.95,Wheat
117,10,36,5.76,13.89,1.35,1.94,25.7,87.06,1033.14,5.9,6.93,1518,122.54,Sugarcane
112,16,46,7.27,30.48,0.63,2.88,36.1,65.89,2318.26,5.19,1.95,339,145.29,Rice
41,62,119,7.78,34.33,1.21,2.16,17.13,70.52,2548.89,6.05,15.82,689,65.77,Wheat
146,40,94,7.46,48.28,1.43,1.93,37.13,38.46,2625.28,10.08,9.25,2428,71.51,Rice
153,27,25,8.17,54.6,1.42,2.39,14.25,55.85,610.1,8.11,15.46,1179,142.13,Wheat
44,21,101,7.96,26.86,0.88,0.81,18.94,87.88,1056.63,5.73,7.19,212,273.73,Wheat
104,57,34,8.48,36.39,1.48,2.9,18.95,75.46,1667.65,5.98,16.56,229,221.6,Wheat
74,39,42,5.23,42.37,1.05,0.16,14.53,82.97,2567.64,7.03,7.86,1226,116.54,Cotton
114,16,71,5.72,26.43,0.37,1.98,36.18,53.75,1322.96,11.97,10.05,1879,280.28,Sugarcane
138,12,26,7.04,59.28,1.35,0.32,22.38,33.99,2047.63,5.39,18.81,2315,174.31,Rice
28,72,52,7.43,53.79,0.81,2.57,15.72,51.09,1472.75,10.42,3.81,1723,302.18,Wheat
61,15,39,6.64,24.82,0.4,2.91,14.42,52.56,282.92,10.93,12.06,1155,319.99,Wheat
72,24,50,4.8,35.4,1.23,1.28,22.63,48.07,1085.77,11.64,16.46,943,291.08,Rice
93,80,13,7.87,21.54,1.01,2.59,10.52,61.6,2318.82,8.84,14.14,1230,343.41,Wheat
58,52,75,8.34,35.73,1.35,1.07,13.63,41.53,2244.82,4.8,9.1,941,160.52,Wheat
141,27,69,6.12,44.17,1.28,0.56,10.11,86.26,2674.26,4.19,16.25,675,51.22,Wheat
34,31,18,5.4,14.28,0.62,0.9,10.73,84.45,1860.08,7.54,10.11,1766,63.79,Barley
142,70,40,4.58,53.51,0.53,0.98,39.92,45.7,2346.03,6.81,13.23,841,326.42,Rice
130,70,98,5.45,39.69,1.15,1.93,23.47,69.09,1362.46,10.9,7.38,1065,255.73,Sugarcane
150,62,110,7.3,59.48,0.95,2.41,31.87,60.07,1179.16,8.78,2.09,883,98.91,Sugarcane
102,35,109,8.15,11.28,0.29,0.7,32.11,45,1151.55,10.75,4.89,1198,254.67,Sugarcane
29,49,78,4.87,51.57,0.44,0.36,36.41,83.83,645.32,8.56,9.88,1411,327.23,Millet
111,17,33,6.71,49.6,0.4,0.74,13.11,43.86,1425.8,5.82,17.98,2211,232.36,Wheat
48,30,33,7.28,16.64,0.97,0.96,25.77,67.48,2469.99,5.6,3.5,1446,281.19,Rice
54,52,102,5.61,26.77,0.31,0.91,19.65,50.12,234.01,7.16,7.01,2217,319.75,Sugarcane
25,30,54,6.78,54.24,0.47,0.74,26.45,79.57,1809.69,4.23,7.27,263,228.21,Rice
159,12,104,7.36,35.92,0.91,1.45,19.96,67.22,684.09,7.98,15.79,1147,324.28,Wheat
130,40,46,7.85,30.06,0.37,2.58,15.51,79.96,2283.7,6.18,11.33,1534,298.23,Wheat
57,36,67,6.31,55.27,0.52,0.39,30.18,50.86,592.6,4.37,8.9,625,110.56,Millet
96,36,92,7.49,14.67,1.38,2.6,11.15,30.67,659.33,7.8,2.19,2472,125.35,Wheat
112,82,32,5.71,33.66,1.11,1.54,36.86,43.3,319.32,9.13,19.44,1562,330.4,Millet
86,66,44,5.35,42.62,0.6,2.02,14.39,78.86,1439.48,4.81,16.34,847,237.33,Wheat
155,42,72,5.25,40.43,1.34,2.46,28.45,49.01,2013.14,8.87,2.07,2287,118.62,Rice
27,53,15,5.94,23.21,0.53,0.98,32.63,49.18,1008.61,11.54,1.88,2484,74.66,Potato
141,52,15,4.64,38.17,0.97,2.87,12.19,56.98,315.86,7.01,5.8,522,340.72,Tomato
103,40,110,5.63,45.43,0.68,0.34,37.1,46.48,2811.41,11.85,1.97,1203,168.27,Rice
151,74,39,7.11,39.24,1.18,1.63,20.69,78.43,2609.45,10.26,15.08,339,220.12,Rice
104,85,10,7.09,44.22,0.68,0.84,39.9,49.3,1495.88,4.08,4.9,265,313.42,Sugarcane
64,26,72,4.79,22.8,0.52,1.28,12.06,66.24,2505.18,11.56,17.74,1510,84.19,Cotton
155,24,17,5.65,51.64,0.99,1.4,31.5,57.06,2443.26,8.08,12.6,1708,178.36,Rice
106,43,37,6.78,32.48,1.17,2.75,14.82,47.24,1772.54,8.8,10.23,175,93.62,Wheat
35,89,98,5.77,59.36,0.9,1.38,22.08,45.92,1675.09,8.87,3.13,745,341.24,Rice
96,13,42,6.17,11.16,1.13,2.12,23.3,60.11,2022.87,7.13,3.48,642,347.58,Rice
28,81,62,7.35,29.02,0.75,2.86,22.18,42.65,2221.97,7.55,3.3,644,78.32,Rice
79,88,47,4.54,19.02,1.23,1.53,20.13,50.74,2498.26,8.15,5.02,2277,217.48,Rice
97,37,61,5.61,37.78,0.96,1.28,33.02,32.36,1808.58,11.72,2.98,163,221.85,Rice
96,82,87,5.07,22.16,0.46,2.92,34.6,77.42,2289.49,5.75,7.1,779,139.17,Rice
90,11,20,5.01,46.87,1.36,2.5,20.07,32.62,719.76,11.32,16.43,1192,104.92,Rice
34,26,11,8.34,54.09,1.29,2.83,24.48,82.34,2289.14,11.81,3.78,2273,300.61,Rice
90,67,62,6.01,20.54,1.45,1.25,22.65,32.84,362.8,7.4,6.69,806,294.11,Potato
121,83,103,6.61,18.03,0.94,2.12,27.81,80.89,2043.69,5.98,9.54,1132,264.77,Rice
41,18,103,7.44,53.77,1.08,0.82,14.51,68.65,2195.01,7.69,12.66,2255,323.48,Wheat
132,40,77,4.69,28.06,1.32,2.61,34.17,60.36,2909.13,4.81,5.51,1495,242.08,Rice
20,75,86,5.46,31.73,0.27,2.81,33.91,38.7,1380.99,10.57,12.67,1002,239.37,Wheat
29,71,16,7.83,21.05,1.39,0.88,27.71,45.41,519.34,6.52,4.49,900,133.9,Millet
129,28,111,7.95,31.27,0.55,0.4,32.38,71.41,1136.98,6.43,12.92,320,228.44,Sugarcane
132,83,76,5.99,21.57,0.27,0.68,39.66,60.73,1373.74,9.39,15.98,1385,58.36,Sugarcane
69,64,18,6,43.3,0.51,1.94,37.68,60.86,2355.96,8.49,1.44,1737,211.71,Rice
31,37,87,7.53,34.94,0.96,0.89,28.34,37.99,721.47,8.69,18.79,647,174.62,Millet
108,59,72,5.68,49.4,0.26,1.95,25.34,58.51,675.46,7.88,14.54,1527,111.81,Millet
131,74,20,4.97,25.64,0.2,1.12,26.04,65.42,815.41,7.61,19.05,93,118.47,Tomato
97,12,46,5.53,35.28,1.03,2.76,24,37.34,846.62,6.53,6.03,2001,229.14,Potato
140,88,23,6.05,22.98,0.79,1.41,24.41,88.46,2786.6,6.26,18.83,1580,268.71,Rice
42,61,28,4.71,56.72,1.3,1.54,31.96,79.8,649.01,11.95,9.62,430,260.51,Millet
153,19,17,6.41,36.1,0.53,1.11,39.76,49.05,1356.39,7.22,3.88,1306,163.28,Sugarcane
44,30,16,7.46,18.67,0.56,0.31,11.36,63.8,1329.22,8.06,15.01,1885,111.57,Wheat
37,46,68,6.55,23.64,0.3,1.53,16.91,63.54,557.21,7.18,14.2,437,318.85,Wheat
62,24,72,4.79,14.15,0.9,2.35,16.31,36.4,505.12,9.81,18.51,802,341.21,Potato
97,87,16,6.26,11.39,0.68,2.86,34.99,56.29,2747.42,5.39,6.78,146,259.36,Rice
47,88,64,7.34,36.3,0.64,0.32,22.59,42.47,2541.84,4.42,12.96,1982,283.44,Rice
78,83,12,4.73,26.86,0.79,2.41,25.75,49.99,2813.04,11.79,19.24,436,274.83,Rice
82,18,76,4.74,58.19,1.3,0.87,24.07,86.63,1087.95,8.28,17.57,2409,191.88,Potato
111,53,27,5.98,18.57,0.34,2.49,35.61,63.08,1674.21,8.41,16.62,1782,194.16,Rice
75,48,54,5.28,49.7,0.88,1.09,24.99,34.01,916.17,7.74,17.69,1981,310.08,Tomato
130,14,106,8.24,25.8,0.46,0.43,30.04,70.34,1297.33,4.4,17.04,101,140.06,Sugarcane
156,34,110,6.83,21.18,0.48,1.87,10.58,89.92,2423.64,9.41,8.2,1737,260.78,Wheat
87,65,101,5.65,58.48,0.53,2.69,29.57,40.06,1533.56,8.53,1.3,374,172.99,Rice
65,73,45,7.32,50.13,0.8,0.63,17.23,70.98,506.87,5.14,19.76,2092,105.68,Wheat
86,81,25,6,41.53,0.84,0.16,36.01,79.46,208.93,8.19,15.72,411,259.34,Millet
155,61,88,5.03,44.86,1.33,2.66,32.55,80.64,861.2,5.87,5.29,487,230.1,Wheat
25,85,38,5.45,59.57,1.36,2.12,13.28,72.45,712.98,9.12,15.21,2371,276.37,Barley
43,18,68,7.07,39.66,0.96,2.45,13.1,84.59,2423.44,9.34,7.93,945,321.64,Wheat
113,19,27,4.71,15.1,0.57,0.27,18.79,31.93,2066.56,6.37,5.69,166,202.8,Sugarcane
32,19,58,5.59,13.24,1.26,2.68,13.77,33.85,2547.26,4.75,11.75,2114,316.29,Cotton
44,82,119,5.33,43.33,1.23,1.32,32.21,38.07,1372.54,10.38,1.2,1232,290.24,Barley
137,71,55,5.3,42.88,1.24,2.7,39.6,32.6,1834.18,9.09,19.55,1533,256.45,Rice
101,69,92,7.23,47.41,0.22,0.29,29.66,37.2,1368.61,8.83,18.92,462,305.86,Sugarcane
130,28,38,7.8,15.44,1.18,2.67,17.47,79.02,819.36,8.78,16.01,760,321.06,Wheat
101,47,79,7.36,57.25,1.31,2.05,26.93,83.79,1966.63,9.75,2.02,1333,147.89,Rice
85,15,118,7.08,37.56,0.99,1.71,34.17,50.16,1288.06,5.83,2.42,2124,247.95,Barley
64,24,59,8.17,42.48,1.18,0.28,38.87,87.43,898.12,7.25,13.32,2431,100.98,Barley
133,56,64,4.73,11.74,1.21,2.1,10.15,55.11,2827.72,5.77,16.2,570,248.23,Sugarcane
82,54,36,5.17,58.05,0.86,1.83,25.71,40.32,501.88,4.57,2.03,1038,274.03,Millet
95,14,16,6.16,38.13,1.26,2.21,23.6,70.88,2375.03,11.25,11.71,180,187.1,Rice
133,87,100,5.99,38.17,1.23,2.18,22.43,55.22,1738.7,4.37,14.28,952,120.43,Rice
130,62,92,6.17,57.18,1.39,1.39,25.12,31.17,2336.5,4.37,4.11,843,149.37,Rice
54,75,90,5.33,56.47,1.4,0.69,22.11,87.98,451.64,6.58,4.34,2413,114.53,Pulses
72,71,50,5.1,21.01,0.89,2.77,20.32,65.87,1293.16,6.55,18.7,969,111.74,Potato
45,32,20,6.54,56.55,0.24,2.78,13.44,66.8,2428.9,4.32,8.62,1718,99.73,Wheat
33,53,14,8.21,46.83,0.22,0.71,25,88.96,2482.22,10.14,6.22,887,320.35,Rice
137,61,75,6.07,10.95,1.42,1.93,34.63,80.01,2408.94,4.94,1.87,2380,312.46,Rice
64,55,65,4.67,21.99,0.64,0.69,13.14,51.76,2284.18,4.71,1.7,1133,325.57,Sugarcane
70,28,21,7.32,30.65,0.69,2.6,32.15,32.51,1254.47,4.7,5.91,353,132.08,Potato
138,56,51,5.66,39.14,0.81,0.38,18.03,43.34,2205.34,9.15,12.78,307,140.35,Sugarcane
38,61,115,5.48,45.07,0.55,2.97,21.44,51.09,506.42,5.35,12.5,161,170.6,Cotton
101,33,84,5.8,20.51,0.97,1.87,39.64,87.62,655.3,8.63,5.28,2452,205.58,Millet
95,26,19,7.4,51.84,1.22,0.17,30.26,83.32,1711.78,5.61,15.11,786,62.57,Rice
111,55,37,7.78,52.29,0.53,2.66,31.57,31.29,1738.9,10.69,9.76,1161,191.97,Rice
52,73,16,6.85,41.75,1.17,2.08,28.07,89.23,1520.99,5.5,16.19,2081,73.88,Rice
47,37,23,5.79,56.05,1.07,2.12,19.67,45.43,2258,7.44,18.56,1229,301.9,Maize
142,59,86,5.74,50.65,0.88,0.9,30.25,76.52,1778.68,8.42,5.51,2029,332.66,Rice
145,73,78,5,21.08,0.62,1.08,23.72,37,383.96,11.04,9.52,1471,90.21,Potato
56,37,70,8.23,49.93,1.33,2.75,34.96,43.22,2684.16,5.72,2.01,2311,347.55,Rice
118,65,60,7.05,57.66,0.72,1.94,27.13,60.33,1958.49,8.96,15.49,2464,187.07,Rice
117,68,51,4.61,16.88,0.69,0.15,33.14,72.22,2707.24,4.25,7.13,1121,210.88,Rice
146,14,17,7.15,58.93,1.03,1.05,35.46,50.72,1402.63,10.2,13.37,143,212.2,Sugarcane
99,63,59,6.29,11.25,1.4,1.84,34.63,82.4,205.14,8.22,8.24,1983,303.58,Millet
57,53,10,8.39,36.11,0.86,0.53,22.06,86.41,2335.52,11.56,3.71,1382,84.6,Rice
96,51,78,7.78,48.69,1.14,0.39,21.06,37.35,1784.84,10.2,1.13,586,261.84,Rice
145,81,20,5.19,49.52,0.79,0.27,36.07,73.11,255.04,7.21,13.17,906,249.96,Millet
106,66,116,7.38,46.73,0.48,1.93,14.29,37.91,1803.32,7.33,18.75,405,340.62,Wheat
73,56,57,6.44,36.47,0.36,1.03,18.38,50.45,2807.03,4.05,18.17,589,260.15,Wheat
35,85,19,5.25,42.55,0.38,1.18,13.63,79.17,784.46,10.7,18.87,2433,345.28,Cotton
47,34,24,7.29,45,0.23,0.27,11.26,50.18,988.9,10.44,14.07,2401,203.96,Wheat
65,53,112,6.69,34.73,0.92,2.24,28.48,84.44,2018.64,8.55,9.15,2058,80.5,Rice
91,24,56,4.62,39.78,0.37,2.32,37.02,54.69,2498.56,7,11,236,347.07,Rice
104,60,102,7.09,52.32,1.33,2.51,13.88,48.59,1996.86,10.44,14.8,2257,211.52,Wheat
45,62,34,7.04,25.64,1.48,1.99,33.87,89.35,2080.77,8.88,6.68,991,248.28,Rice
104,43,15,5.08,36.16,0.84,2.34,21.38,56.49,1114.75,5.52,4.64,951,164.98,Sugarcane
84,86,20,5.9,10.42,0.78,1.77,28.54,74.46,228.08,5.94,2.29,2161,103.92,Millet
153,17,26,6.84,44.37,0.65,1.53,32.91,65.97,2551.61,8.85,10.06,1947,339.36,Rice
134,86,24,5.06,19.77,1.03,0.85,31.3,42.15,2986.68,9.42,2.74,1047,243.15,Rice
83,79,25,7.91,34.05,0.99,0.25,14.1,60.02,2625.96,4.91,9.74,1239,166.7,Wheat
106,30,65,4.61,20.51,0.65,0.95,13.46,34.65,1313.01,10.72,16.44,919,236.77,Sugarcane
126,16,75,4.91,11.18,0.65,2.08,37.73,72.52,1185.1,8.03,3.91,101,173.8,Sugarcane
115,88,45,4.96,34.16,1.04,2.79,12.38,61.14,2887.63,5.6,3.29,2286,337.01,Sugarcane
96,65,92,6.61,31.24,0.92,0.84,16.55,37.34,2967.5,8.52,5.66,1355,138.88,Wheat
106,58,47,6.98,31.26,1.13,2.04,23.15,76.01,1914.26,11.01,2.58,248,308.65,Rice
76,51,94,6.11,20.44,1.42,1.49,34.63,78.27,1640.51,4.44,7.93,1041,166.76,Rice
122,32,84,5.65,57.36,1.21,1.92,28.08,74.03,1645.76,5.77,12.57,912,104.06,Rice
110,61,114,7.74,10.18,0.6,0.1,27.14,49.74,765.06,8.51,9.97,1395,311.65,Millet
64,88,12,4.77,54.58,1.19,0.46,30.76,73.39,2238.96,4.01,14.69,584,276.95,Rice
107,62,107,5.62,46.85,0.79,0.73,34.06,64.66,678.99,5.44,3.28,1640,120.49,Millet
134,25,27,4.66,18.6,1.21,2.69,16.98,62.63,786.93,5.89,7.47,1205,51.21,Tomato
66,46,88,4.56,33.61,1.35,0.22,10.57,68.92,2087.66,11.07,8.92,1719,241.11,Maize
154,27,98,5.91,59.44,0.52,1.75,13.82,67.81,2633.98,8.19,9.73,1638,69.09,Sugarcane
69,29,63,5.28,42.18,0.51,2.79,14.95,77.95,2064.59,9.06,2.31,540,78.56,Millet
103,55,88,5.57,16.37,0.76,1.99,11.2,89.16,1529.8,4.02,2.22,1916,141.52,Sugarcane
110,11,103,7.78,32.88,0.27,1.5,32.43,73.58,2146.67,7.09,2.6,1009,319.26,Rice
153,72,26,5.15,33.41,1.09,1.22,36.55,56.51,1473.95,7.58,3.67,1675,221.27,Sugarcane
110,12,91,7.62,50.11,1.17,1.91,31.32,57.7,2031.78,10.71,1.01,1679,198.72,Rice
156,55,104,7.2,55.81,0.65,1.49,15.66,31.76,2385.01,5.56,6.74,1196,53.62,Wheat
128,58,116,5.81,14.11,0.8,2.15,28.19,39.59,241.13,4.52,8.82,1621,159.27,Millet
76,10,91,6.69,25.7,0.97,1.89,25.62,43.69,813.16,10.6,11.43,1135,318.59,Cotton
50,31,108,6.28,24.92,0.3,1.75,34.6,89.42,2168.68,5.7,1.52,376,185.45,Rice
40,23,22,5.01,59.8,1.12,2.87,38.27,75.79,1323.9,9.53,9.46,1324,224.33,Barley
109,54,72,8.13,37.96,0.88,2.52,32.29,38.49,1662.01,4.73,18.82,284,68.09,Rice
59,15,23,6.78,53.99,1.01,1.87,25.38,59.9,2118.01,9.38,15.27,2182,222.7,Rice
131,74,68,8.02,31.3,1.14,1.66,25.33,42.81,1674.26,7.39,7.1,284,50.7,Rice
64,30,45,7.8,46.14,1.08,2.2,34.23,47.86,2543.42,11.42,11,878,115.18,Rice
96,13,27,4.82,24.33,0.32,2.43,13.68,66.27,1261.65,5.6,14.27,1338,211.38,Wheat
106,12,14,5.33,55.59,1.22,0.96,14.6,65.94,2136.97,4.54,3.94,1650,145.91,Sugarcane
120,39,23,5.08,32.76,0.99,2.03,20.31,82.31,1391.1,8.27,2.37,1841,272.52,Sugarcane
136,40,34,7.82,50.19,1.13,0.49,32.41,39.87,1682.06,11.34,12.76,2068,145.54,Rice
111,43,53,7.95,22.79,0.54,1.35,11.98,59.84,518.47,5.63,15,788,139.15,Wheat
47,29,48,6.61,44.68,0.49,2.82,20.33,65.93,2528.14,10.68,10.77,378,51.72,Rice
44,63,21,4.92,30.26,1.27,1.05,19.56,85.83,1095.84,6.71,14.21,1325,249.2,Wheat
77,34,113,5.04,11.57,0.71,0.55,24.57,60.99,1043.38,4.79,14.66,144,229.5,Tomato
60,24,70,7.75,30.65,0.95,0.52,23.91,50.44,448.55,8.72,13.24,914,156.26,Cotton
153,47,71,8.22,37.5,0.92,1.24,31.43,47.53,1617.9,8.18,18.8,344,322.39,Rice
94,32,62,5.3,17.59,0.96,0.75,28.77,42.97,1370.14,10.71,11.18,2037,267.87,Wheat
57,61,62,4.54,19.2,0.29,1.34,37.08,87.74,477.03,4.82,2.08,2400,60.7,Millet
153,75,37,5.82,33.24,0.59,2.18,15.42,66.18,2304.4,9.16,11.74,1564,219.55,Sugarcane
94,66,44,4.62,27.14,0.29,2.68,22.96,48.21,385.95,8.96,13.15,692,100.2,Millet
85,66,74,7.81,32.04,0.82,0.42,22,74.71,606.1,11.96,7.47,943,116.04,Cotton
22,88,12,6.47,33.04,1.37,2.33,13.38,47.36,1489.95,6.62,9.98,861,325.52,Wheat
136,61,52,7.07,17,0.71,0.4,14.94,60.23,1201.72,4.36,15.64,765,315.21,Wheat
118,44,59,6.15,19.06,1.22,1.2,20.1,31.56,971.44,7.29,14.66,248,262.37,Rice
38,83,80,5.88,52.41,0.57,2.99,32.04,80.79,1779,7.72,4.37,2184,58.05,Rice
135,23,18,5.39,18.14,1.31,0.3,14.5,87.39,1668.01,6.95,5.52,560,205.62,Sugarcane
144,23,45,7.58,43.3,0.75,0.17,17.96,81.95,1410.76,9.04,11.84,96,58.97,Wheat
107,42,32,7.28,30.93,0.66,1.07,30.29,40.27,2373.31,6.13,8.42,228,100.04,Rice
54,61,97,5.94,58.41,1.11,2.86,27.9,79.52,1594.86,5.47,15.26,516,301.04,Rice
20,10,83,5.78,13.31,0.87,0.16,13.13,50.82,2940.63,7.62,2.92,164,320.62,Potato
145,43,59,4.5,51.52,0.64,0.75,38.31,86.18,2445.07,9.82,7.19,334,303.21,Rice
108,28,64,4.75,34.57,0.28,1.85,14.44,47.94,498.06,11.13,7.99,270,136.41,Potato
44,33,21,6.99,10.27,0.42,0.78,11.84,35.36,967.12,9.31,9.18,1813,146.36,Wheat
35,13,92,6.56,23.18,1.2,0.26,19.13,81.18,1700.46,7.02,15.56,1600,307.28,Wheat
92,45,41,6.24,30.38,1.4,0.25,10.79,37,1512.89,9.97,1.35,307,188.52,Wheat
148,86,33,7.81,25.71,0.42,1.72,10.92,62.49,331.55,5.51,3.75,1584,107.12,Wheat
61,67,95,6.52,28.12,0.94,1.73,27.36,52.56,1678.82,10.02,11.47,33,270.48,Rice
99,41,76,6.04,55.83,0.24,2.15,36.79,75.41,1895,7.85,10.25,1737,272.75,Rice
123,18,113,5.15,28.05,0.58,0.48,22.08,74.93,1497.42,6.17,19.08,2099,179.79,Sugarcane
53,89,36,7.78,30.94,0.78,1.55,19.06,76.57,2625.17,9.54,2.06,2242,192.67,Wheat
108,76,70,6.8,48.06,1.16,1.84,37.44,33.8,1758.45,7.33,6.63,634,181.13,Rice
144,29,28,4.87,49.69,0.26,0.74,11.84,81.5,2402.08,8.96,15.78,619,56.62,Sugarcane
64,83,82,7.1,14.2,1.22,1.69,24.2,57.98,1843.11,9.31,19.27,568,185.06,Rice
153,71,60,6.2,45.2,0.46,2.15,17.58,43.15,2746.06,7.15,19.89,896,198.88,Wheat
40,67,73,7.75,34.13,1.19,2.97,21.45,47.93,799.73,11.89,6.54,2259,194.18,Wheat
141,31,86,8.18,16.69,1.01,1.83,22.32,84.16,2528.7,7.66,12.32,1231,166.56,Rice
89,76,11,6.9,23.24,0.64,2.6,26.35,30.36,1454.37,11.87,19.2,564,193.97,Barley
115,84,45,7.43,12.25,1.14,2.52,23.6,78.1,2153.21,5.88,19.57,1747,146.85,Rice
124,57,102,4.73,28.01,0.51,2.83,39.64,85.44,1785.1,5.34,3.24,2244,251.79,Rice
67,17,20,6.74,22.77,0.49,2.2,10.77,45,504.79,9.05,7.73,309,143.88,Wheat
58,82,107,7.52,29.11,0.28,0.72,32.73,79.32,1422.44,8.38,14.94,1770,322.44,Wheat
50,24,77,6.49,39.02,0.71,0.96,11.53,39.67,2086.86,8.32,11.62,1034,136.12,Wheat
29,41,77,6.87,46.62,0.33,2.38,22.93,30.97,2715.53,11.96,11.95,791,52.78,Rice
49,62,73,8.1,40.27,0.75,1.61,16.06,66.27,811.69,4.01,9.18,329,237.32,Wheat
37,76,10,5.29,43.92,0.21,0.83,38.36,68.77,1194.51,7.63,17.04,1124,50.36,Cotton
107,13,98,4.89,53.28,0.4,2,31.67,39.01,1209.7,6.46,2.23,378,289.81,Sugarcane
144,39,35,7.26,53.69,1.41,2.73,23.89,60.75,1668.22,7.42,5.36,2290,138.25,Rice
92,22,20,7.79,53.04,1.23,1.14,38.57,53.13,2616.41,11.51,14.36,520,301.72,Rice
34,30,96,7.9,17.66,0.51,1.83,31.64,34.58,1307.47,10.47,16.57,2270,265.71,Barley
23,50,11,7.07,22.55,1.13,1.79,38.56,60.46,611.06,5.61,19.44,1124,78.48,Millet
28,28,92,7.83,35.12,1.07,0.47,31.14,65.11,1618.35,9.63,6.63,1033,93.88,Rice
128,57,102,7.3,27.94,0.43,0.36,12.33,43.03,305.47,8.64,5.19,534,220.04,Wheat
156,72,49,4.85,16.58,0.68,2.68,28.49,74.39,1164.48,7.26,5.91,1921,303.43,Sugarcane
151,29,13,7.55,24.39,1.39,2.81,39.41,34.36,1639.85,6.74,5.74,2161,208.34,Rice
35,73,89,5.22,58.77,1.16,2.72,16.43,63.06,1649.51,8.79,10.06,230,124.63,Maize
118,46,46,5.45,27.35,1.19,1.25,33.78,48.2,2494.65,7.75,6.39,820,214.33,Rice
140,40,70,6.08,30.95,0.93,0.93,15.54,56.16,2443.14,8.4,3.65,2302,161.04,Wheat
71,83,100,5.76,10.32,1.07,2.83,23.57,83.61,991.37,10.18,2.02,1319,321.29,Potato
88,27,14,5.79,45.97,0.86,2.66,12.54,70.2,1042.93,11.74,5.86,1638,100.84,Millet
24,29,24,5.18,30.68,1.16,2.48,20.22,38.93,2948.66,7.29,16.53,555,151.04,Rice
39,20,96,5.68,15.16,1.15,1.07,33.29,83.18,1296.16,7.41,17.05,1606,65.67,Maize
98,53,76,4.58,58.43,0.24,1.95,11.36,52.37,599.91,10.73,12.23,654,200.28,Barley
130,73,91,6.39,48.87,1.02,2.28,19.61,50.48,2039.43,5.04,8.52,1624,88.3,Wheat
21,43,116,7.57,46.31,1.02,1.77,28.89,60.09,881.84,10.41,6.06,706,85.16,Potato
112,74,35,7.95,57.89,0.29,1.85,38.46,42.32,1889.48,7.13,1.75,529,151.35,Rice
32,64,15,7.78,30.37,0.73,2.29,17.36,84.85,2499.58,7.32,19.82,1785,346.18,Wheat
23,83,53,6.17,45.93,1.37,2.32,15.19,58.07,686.25,6.37,8.25,1077,172.22,Wheat
128,10,67,7.42,20.31,1.44,0.8,16.11,53.63,1464.58,4.98,8.09,2104,193.11,Wheat
93,47,90,5.65,44.86,1.22,1.23,17.1,40.26,1272.26,9.96,8.55,204,80.27,Maize
114,18,55,4.72,10.7,0.4,2.37,29.15,78.16,2998.28,11.19,15.76,1789,337.49,Rice
124,80,111,7.2,16.32,0.69,0.86,39.96,87.17,2192.57,8.02,13.51,1942,261.31,Rice
27,26,51,7.1,31.26,0.44,2.76,25.71,82.18,430.63,5.53,18.92,645,60.82,Millet
86,61,57,7.71,10.6,1.05,2.53,18.14,39.69,840.07,6.48,2.42,2328,276.37,Wheat
129,27,36,6.96,33.1,1.21,2.7,32.41,75.1,640.33,4.68,19.26,1243,307.1,Millet
28,72,29,5.13,36.14,1.35,0.96,14.75,42.25,242.63,10.64,12.2,755,102.19,Potato
136,42,79,7.91,41.08,1.32,0.4,10.9,32.33,1084.38,8.17,18.66,1261,339.08,Wheat
30,13,44,7.01,15.02,0.33,0.39,28.16,59.07,1108.48,11.83,15.51,2036,284.97,Rice
118,84,85,7.73,19.05,0.36,1.71,16.31,70.22,857.98,10.18,19.74,2163,310.1,Wheat
61,61,57,7.6,40.66,1.38,0.99,21.98,37.46,1748.69,9.81,5.05,1038,206.71,Rice
139,18,76,5.69,42.91,1.3,0.86,16.93,66.33,811.66,7.5,10.89,1460,260.55,Barley
31,73,77,4.8,11.3,0.8,0.74,37.54,80.62,2834.98,6.79,18.83,1891,240.57,Rice
56,39,61,5.21,37.02,0.76,1.73,20.14,42.54,2250.89,6.21,3.61,1722,329.01,Rice
93,17,118,4.87,49.25,0.92,1.69,23.47,55.67,539.92,11.91,15.82,1895,248,Cotton
92,14,77,5.47,13.46,0.98,1.32,17.05,59.93,952.81,5.85,18.37,1500,93.41,Potato
71,85,13,6.34,30.66,0.53,0.5,12.55,79.87,2950.83,5.17,8.12,1564,54.85,Wheat
149,72,48,8.13,26.33,0.72,2.79,25.38,76.28,760.52,7.77,9.42,2161,135.25,Millet
75,10,30,7.99,55.68,1.01,1.34,36.06,76.16,527.48,8.14,16.81,2485,105.93,Millet
79,24,117,7.37,19.29,0.47,0.46,20.55,70.74,850.49,5.42,11.76,1981,130.74,Barley
42,47,75,4.6,25.92,1.5,0.21,33.43,67.07,2198.8,6.8,10.09,1502,137.57,Rice
122,51,25,5.87,54.92,0.57,0.54,10.98,60.53,1650.04,6.34,6.21,73,267.35,Sugarcane
59,55,16,7.23,26.53,0.92,0.96,17.07,52.18,389.18,9.93,11.19,2100,319.67,Wheat
83,62,92,5.02,36.57,0.92,1.93,13.94,60.79,1213,7.91,8.14,1208,194.11,Potato
104,35,116,7.7,11.65,0.79,2.92,22.09,81.22,442.54,10.22,9.95,184,298.47,Pulses
108,70,106,8.16,59.25,0.51,0.89,36.83,64.24,1013.91,4.74,17.15,817,92.47,Sugarcane
50,76,18,5.92,51.25,0.93,2.39,21.21,89.14,678.69,6.53,17.07,835,57.11,Sugarcane
39,63,110,7.32,41.72,0.32,2.74,28.1,38.55,817.61,6.39,1.4,1796,156.38,Sugarcane
149,31,26,5.09,13.04,0.7,1.24,36.94,56.47,2378.86,7.67,11.37,2276,78.43,Rice
32,35,100,7.26,13.74,0.49,0.83,20.79,42.02,2393.79,7.22,19.06,2015,326.1,Rice
141,69,106,4.59,37.25,0.36,1.52,20.97,51.91,2250.76,6.09,9.47,1895,153.16,Rice
122,48,21,5.1,24.25,1.4,2.7,12.64,77.39,2127.1,10.54,3.1,322,93.9,Sugarcane
125,45,66,7.34,41.14,1.11,0.13,20.47,79.49,886.46,11.25,1.21,1972,55.33,Potato
138,30,54,7.35,39.91,0.42,1.51,32.38,31.9,1434.06,10.2,8.75,998,239.94,Sugarcane
89,50,20,7.06,51.93,1.43,2.3,35.34,87.2,1488.13,9.6,17.66,2180,165.03,Barley
118,57,22,6.41,24.07,0.48,1.84,31.68,82.31,1697.6,8.71,17.96,589,188.43,Rice
101,35,40,7.2,38.89,0.51,1.54,10.21,84.3,2597.77,6.69,13.57,1866,73.68,Wheat
94,72,86,7.6,48.87,0.37,1.71,13.51,52.61,2688.15,11.35,19.11,693,161.67,Wheat
137,86,111,8.37,34.54,1.15,1.9,31.93,59.82,804.95,9.19,2.37,627,264.84,Cotton
103,45,35,8.05,51.53,0.94,2.08,38.27,40.11,1409.58,11.12,8.04,1273,178.53,Sugarcane
88,33,72,7.68,16.56,0.28,1.13,30.86,53.81,614.47,7.62,16.06,130,150.43,Millet
78,30,40,7.28,46.69,0.23,1.6,16.78,37.57,2014.89,7.3,16.96,485,259.32,Wheat
145,27,31,6.8,57.15,0.89,0.89,13.23,81.8,1801.8,4.62,2.74,866,101.02,Wheat
130,24,15,4.98,26.59,1.05,2.95,36.31,64.87,2582.31,6.7,12.16,1296,275.46,Rice
81,88,29,5.16,28.32,1.27,0.64,12.97,38.16,1652.9,7.09,13.66,674,177.08,Wheat
147,15,94,7.78,14.18,0.82,0.54,14.53,82.74,2387.06,7.95,5.22,1483,115.31,Wheat
124,52,19,7.71,42.07,1.08,0.88,27.9,34.82,1090.65,7.8,1.63,1560,260.24,Sugarcane
87,40,92,6.96,37.62,1.15,2.77,15.7,85.62,2143.91,11.34,1.39,1563,146.6,Wheat
34,37,44,6.26,12.02,1,2.01,16.83,36.34,312.45,8.06,7.82,819,246.22,Wheat
54,17,35,4.6,47.61,0.66,1.42,14.27,73.08,624.28,10.76,3.42,1748,56.6,Wheat
33,38,80,5.81,51.46,0.37,2.78,38.33,68.72,1451.51,5.03,11.85,779,327.83,Pulses
121,30,46,6.18,55.36,1.04,2.71,13.75,76.96,2683.3,8.58,5.75,666,90.58,Wheat
119,67,17,6.44,37.29,1.2,1.26,37.94,63.89,2678.32,8.3,7.42,783,291.16,Rice
26,69,14,8.22,32.63,0.45,1.73,19.79,51,1876.56,5.25,7.55,1100,140.64,Wheat
49,59,53,4.93,53.81,0.84,2.73,34.65,46.46,563.69,5.96,18.69,2283,162.54,Millet
68,40,109,6.58,29.93,0.72,1.03,38.5,86.73,2106.7,8,17.37,2380,171.19,Rice
130,56,101,5.97,42.77,0.47,1.28,25.58,56.48,695.27,8.17,13.33,2193,186.25,Millet
91,43,76,8.46,40.77,0.52,2.4,33.11,80.53,1181.3,11.2,3.98,1535,199.72,Millet
99,11,112,7.95,28.61,0.51,2.13,17.98,73.38,1079.72,5.32,2.46,1327,292.33,Wheat
102,76,81,6.26,14.34,0.74,0.24,21.49,69.37,2676.5,6.44,7.76,2145,181.91,Rice
61,81,88,8.5,11.07,0.71,0.44,26.59,88.24,2142,5.92,11.85,249,188.36,Rice
36,61,100,6.56,31.41,0.92,2.55,35.51,63.93,398.96,10.26,14.77,1479,65.84,Millet
26,16,58,5.17,34.06,0.32,0.19,28.62,73.98,2561.48,5.73,1.46,845,98.78,Rice
29,85,45,6.72,51.13,0.96,2.77,10.66,80.98,1405.12,11.19,4.7,2339,169.49,Wheat
53,28,89,5.4,30.72,0.23,0.89,19.14,32.76,2313.34,11.44,9.33,116,296.82,Wheat
55,24,35,7.05,24.06,0.53,1.84,35.95,89.78,2374.7,4.9,7.83,341,112.56,Rice
25,87,54,8.25,33.1,0.85,1.74,17.21,45.73,2996.31,5.73,9.71,2094,342.48,Wheat
153,57,70,7.64,21.9,1.09,1.25,21.04,72.15,1171.44,7.07,7.22,2115,255.2,Sugarcane
48,23,53,5.59,14.57,1.2,0.19,21.69,87.22,2620.44,10.94,12.17,1433,220.78,Rice
145,12,13,5.69,15.65,0.25,0.66,14.63,75.79,1003.03,4.98,17.45,1549,265.12,Sugarcane
100,59,85,4.78,25.96,0.9,1.88,20.49,43.78,2987.51,6.76,2.56,2183,261.56,Rice
94,63,90,5.64,10.63,0.66,1.39,34.52,51.74,1348.7,9.61,6.57,1056,335.8,Maize
45,15,67,4.87,21.01,1.1,1.3,35.47,54.85,2048.5,9.78,6.06,1621,85.25,Rice
146,58,114,6.5,49.38,0.57,0.38,27.43,65.18,2984.63,6.85,11.34,773,270.33,Rice
134,32,117,7.33,21.73,1.17,1.11,30.36,66.18,761.17,11.71,17.95,1214,331.95,Millet
145,87,35,7.5,15.54,0.98,1.63,26.04,77.27,1947.2,6.82,16.58,1213,237.22,Rice
47,87,104,4.74,57.45,1.23,0.33,11.33,81.58,2995.46,8.91,18.15,1735,77.97,Potato
150,29,88,5.86,41.12,1.48,0.29,30.9,35.37,2843.09,8.92,5.04,1505,71.56,Rice
94,86,107,5.65,13,1.38,1.53,39.9,46.39,818.07,10.4,7.53,1573,185.09,Barley
97,69,38,4.92,13.11,0.97,1.73,16.83,50.62,476.43,6.85,6.23,1279,178.75,Cotton
109,54,18,5.95,40.61,1.36,0.85,39.46,30.8,1393,7.28,11.37,1304,94.62,Sugarcane
40,70,87,5.7,37.01,0.4,1.04,39.93,55.06,2337.4,7.35,13.75,1674,288.82,Rice
73,65,45,7.04,13.42,0.26,2.41,14.25,51.53,2411.19,4.47,8.89,922,329.55,Wheat
122,11,13,8.03,21.22,0.89,2.62,37.78,61.52,1900.8,9.86,6.85,1412,325.36,Rice
78,54,68,6.32,56.45,1.47,1.04,30.27,36.01,1921.69,10.15,13.01,702,206.47,Rice
91,49,111,7.49,38.6,1.12,1.13,23.99,54.84,537.85,10.56,10.47,1928,162.33,Cotton
39,33,46,5.08,32.02,0.6,2.51,20.34,65.84,1435.39,9.72,16.75,1174,278.75,Potato
131,38,97,8.08,22.51,1.07,2.92,28.89,78.23,1813.27,8.74,2.02,2275,77.99,Rice
78,76,90,5.11,16.68,0.25,1.03,35.28,75.99,2114.08,8.51,14.99,123,207.45,Rice
90,77,22,5.27,30.13,0.81,2.39,11.02,54.29,456.97,9.15,14.16,2087,135.59,Wheat
156,75,29,4.93,56.12,0.51,1.49,26.06,53.37,2133.82,4.06,17.47,1236,250.42,Rice
128,63,26,5.74,12.44,0.26,0.86,29.51,32.25,2835.55,7.58,17.05,1672,174.05,Rice
148,62,60,6.71,59.55,0.52,2.08,10.77,34.96,2401.46,4.32,3.86,1978,179.37,Wheat
75,88,100,8.45,20.39,1.14,1.44,36.67,82.34,1946.85,7.91,13.19,129,110.31,Rice
54,58,64,7.67,30.44,0.92,0.88,38.55,78.35,471.98,5.19,12.48,64,213.14,Millet
142,41,42,6.02,12.25,0.23,0.41,28.37,31.27,2424.2,4.07,14.19,276,109.69,Rice
150,70,30,6.8,39.24,0.73,2.61,13.51,82.96,2056.28,9.84,19.64,21,255.18,Wheat
123,51,90,6.99,34.18,1.18,2.65,37.97,66.83,1736.34,9.64,3.08,321,322.23,Rice
26,10,31,7.79,43.34,1.44,0.32,34.15,78.12,2446,7.09,12.96,765,321.64,Rice
46,72,34,7.45,37.13,1.34,2.02,10.86,60.15,2088.61,4.52,12.34,1834,210.04,Wheat
20,44,76,6.78,29.91,0.2,0.57,27.37,39.04,1515.16,11.8,1.14,2368,158.87,Rice
106,60,100,7.18,46.89,0.48,1.97,13.44,51.41,856.81,5.21,13.51,1789,122.34,Wheat
60,80,100,7.48,11.25,0.47,2.73,14.23,57,1612.15,7.91,10.45,2348,128.35,Wheat
142,54,119,5.03,37.05,0.74,0.85,15.78,75.23,631.4,6.18,15.69,43,298.28,Wheat
94,86,21,5.3,15.69,1.04,1.11,21.89,78.76,368.55,5.06,15.35,2057,277.67,Wheat
61,74,24,7.25,31.8,0.4,2.41,36.29,74.49,855.09,8.1,1.83,362,338.02,Barley
136,23,111,7.9,49.56,1.39,2.23,10.93,58.6,1227.88,5.57,15.83,100,171.47,Wheat
82,12,93,6.14,17.12,1.21,1.29,30.68,69.82,2011.05,6.89,18.05,263,158.55,Rice
146,33,95,8.42,56.79,0.75,2.56,38.94,47.73,1598.25,8.85,13.01,1142,90.13,Rice
152,74,11,5.36,54.43,0.96,2.77,29.24,89.27,2258.41,7.09,17.51,695,216.74,Rice
67,57,13,6.17,30.75,0.9,1.41,34.47,40.09,2264.93,8.16,4.95,537,106.35,Rice
22,19,54,6.01,10.3,0.96,0.21,37.05,73.42,2177.01,5.86,18.12,924,180.65,Rice
135,22,22,8.22,49.49,1.32,1.58,31.44,39.3,1732.93,9.57,18.78,2106,339.4,Rice
118,82,64,5.64,54.04,0.46,2.25,29.8,46.85,2056.49,9.08,6.41,967,330.86,Rice
135,23,41,6.38,18.74,1.09,0.74,10.54,74.93,2936.79,9.54,7.56,638,93.23,Wheat
33,19,31,5.25,55.81,0.34,0.39,25.57,73.75,2176.19,6.72,14.51,126,162.28,Rice
131,49,98,6.59,55.7,0.8,0.93,24.08,37.47,2278.94,11.52,7.39,274,315.55,Rice
80,32,100,7.93,33.56,1.03,0.13,25.68,70.71,1015.34,8.99,19.8,2055,94.14,Wheat
114,64,64,5.72,49.9,0.22,2.17,22.97,42.23,1538.36,5.02,6.48,1547,142.9,Rice
36,72,26,7.74,32.25,0.34,0.52,37.2,88.38,1418.58,11.8,1.55,1105,77.43,Barley
143,80,79,8.15,38.2,0.32,2.2,36.67,66.18,1189.72,8.55,16.53,1420,331.22,Sugarcane
43,51,116,4.79,25.99,0.69,0.78,13.77,30.21,1486.77,9.59,1.82,242,172.04,Rice
135,75,60,7.53,17.97,1.01,2.98,25.99,42.51,1874.46,6.98,19.51,1217,134.57,Rice
101,88,89,5.52,47.33,1.49,1.64,38.79,43.78,1947.76,7.54,12.4,1901,118.94,Rice
69,82,17,5.2,10.07,0.53,0.22,27.96,44.83,2550.81,9.86,9.35,982,215.35,Rice
98,56,70,6.9,38.98,0.38,2.34,34.05,63.43,2037.7,10.92,14.92,2271,141.07,Rice
98,61,106,7.32,53.23,0.74,1.29,21.2,42.34,2634.25,11.68,14.6,1864,122.08,Rice
89,27,19,6.08,21.06,0.39,1.86,21.32,54.77,2038.52,11.92,8.38,1133,188.53,Rice
46,88,107,4.66,26.64,0.23,2.86,19.77,40.4,1180.22,8.76,5.06,633,273.52,Potato
34,27,28,8.13,39.37,0.93,1.6,10.66,70.01,1966.44,4.7,17.05,73,211.09,Wheat
69,33,23,7.42,22.34,1.34,2.43,37.75,64.12,2241.25,8.63,18.52,2209,320.19,Rice
55,32,76,5.59,52.37,1.32,0.98,20.49,67.72,2119.83,5.64,19.9,1133,51.74,Rice
27,21,64,6.49,28.33,0.33,2.17,21.01,88.04,2579.75,9.19,7.9,2123,233.55,Rice
98,32,70,4.61,39.08,0.39,0.39,32.79,53.96,2735.62,6.69,11.96,875,269.98,Rice
150,30,65,5.86,21.31,0.84,2.69,25.81,42.93,1138.59,8.18,19.64,768,93.55,Sugarcane
66,73,72,6.59,12.07,0.68,0.68,20.86,89.93,420.98,9.29,8.84,912,120.97,Potato
124,81,114,6.57,18.69,1.11,0.98,36.51,33.48,2037.95,11.27,16.02,366,277.59,Rice
117,43,96,5.33,12.31,0.84,2.88,34.76,78.62,508.74,10.34,18.86,1486,306.47,Millet
115,11,113,7.61,33.43,0.23,0.55,39.3,39.73,2675.15,4.17,4.52,1175,71.9,Rice
135,78,20,5.7,39.33,0.57,0.84,29.23,69.89,2502.06,5.22,14.77,2064,175.67,Rice
32,40,56,6.82,12.23,1.37,1.78,30.7,58.43,2197.88,10.95,14.36,165,112.78,Rice
20,77,15,5.59,14.52,0.86,2.94,19.73,80.34,2793.29,9.95,8.39,1930,329.01,Tomato
53,79,43,6.2,34.28,1.24,2.11,12.99,73.87,2684.11,5.18,19.64,1804,147.25,Wheat
98,28,74,5.33,49.96,0.72,0.43,13.18,40.34,2784.21,8.71,17.47,843,259.31,Potato
97,81,108,7.03,41.4,1.08,2.27,29.38,69.91,2259.25,8.7,19.89,952,206.84,Rice
140,22,98,6.2,15.24,0.42,1.34,13.4,43.03,1231.68,10.2,11.45,846,214.47,Wheat
112,74,73,4.56,54.38,1.16,2.98,37.2,40.16,333.69,10.51,5.22,1938,208.54,Millet
117,15,102,4.61,55.87,1.22,1.92,31.12,35.05,372.37,9.39,6.31,18,137.31,Millet
101,80,96,6.38,26.25,0.32,1.64,16.79,36.82,2420.81,9.71,16.04,164,254.36,Wheat
57,36,91,5.23,40.8,0.44,1.72,18.38,72.23,735.86,9.33,7.87,326,342.44,Cotton
33,88,87,6.84,34.62,0.8,1.96,31.3,89.53,1076.66,5.21,5.08,1420,66.28,Barley
155,61,90,6.13,57.1,1.03,2.22,34.72,70.55,1841.1,9.48,18.52,2308,212.57,Rice
110,57,75,7.12,35.44,1.03,0.33,35.18,72.51,567.05,7.77,7.48,1104,198.97,Millet
73,88,40,8.31,58,1.07,0.48,28.03,76.96,2958.92,11.82,2.55,586,132.81,Rice
149,77,92,6.61,19.97,1.13,0.97,14.66,83.34,2487.89,9.67,11.76,191,290.97,Wheat
120,53,105,7.65,27.28,0.86,1.49,34.55,46.06,1837.19,6.99,11.45,774,327.95,Rice
108,26,71,7.51,49.07,0.95,1,33.75,66.27,2743.68,11.28,9.02,1429,346.6,Rice
75,47,63,8.19,49.18,0.21,0.72,35.06,43,1582,5.84,9.48,900,72.06,Rice
113,19,101,5.36,46.61,0.42,2.78,14.73,61.54,2711.45,7.74,5.18,1613,278.51,Sugarcane
112,63,114,7.81,52.98,0.85,0.19,30.53,42.52,2512.74,4.51,6.62,156,173.58,Rice
103,15,17,8.12,45.13,1.17,2.82,38.81,33.84,239.43,9.03,10.24,988,216.07,Millet
104,15,51,6.07,41.8,1.25,2.73,17.68,35.3,2430.87,8.47,19.47,168,328.82,Wheat
41,61,50,5.76,32.95,1.15,2.08,31.5,88.58,2395,8.04,19.62,1321,190.06,Rice
54,24,68,8.31,33.35,0.83,0.19,17.77,30.36,1088.67,5.65,2.66,2139,53.64,Wheat
35,77,49,7.01,30.31,0.57,0.75,19.21,71.41,1580.52,7.96,18.22,2389,207.39,Wheat
69,66,112,6.02,41.01,0.78,2.94,24.56,83.24,586.95,7.67,9.36,2147,332.47,Rice
141,65,31,7.67,30.33,0.21,2.73,36.85,53.62,2066.43,4.17,9.72,2327,234.44,Rice
147,16,33,5.72,17.37,0.98,2.9,11.16,72.49,2088.3,5.3,7.83,1224,252.05,Sugarcane
132,60,47,5.21,15.33,0.3,2.99,39.69,50.93,2948.08,11.22,17.71,1171,340.81,Rice
36,67,11,6.68,56.22,0.39,0.29,33.16,61.74,2223.71,10.31,9.69,2226,268.84,Rice
99,73,50,6.76,11.24,1.01,1.76,20.79,86.14,1452.57,4.96,1.11,1995,266.94,Barley
149,35,114,7.8,15.27,0.22,2.52,20.62,32.54,704.76,11.78,18.77,19,269.11,Potato
151,67,28,6.33,32.27,0.95,1.03,24.49,46.03,2405.6,7.72,19.51,619,195.81,Rice
104,40,114,7.76,23.15,1.03,1.36,36.26,36.36,1190.63,10,9.22,591,155.67,Sugarcane
113,75,11,5.75,30.29,1.22,0.92,10.54,59.76,2842.43,8.33,9.29,1090,299.81,Sugarcane
153,22,101,6.8,15.87,0.29,0.21,26.45,76.23,975.85,10.11,1.33,1298,92.73,Pulses
100,27,105,5.33,16.55,0.2,0.31,11.68,88.6,750.49,9.3,4.83,1370,259.24,Sugarcane
88,84,71,6.04,50.03,1.2,0.16,13.47,39.33,1937.22,4.52,3.28,778,246.26,Wheat
88,22,92,7.93,47.96,0.58,1.63,30.72,32.64,2763.77,11.31,16.12,488,209.02,Rice
35,33,25,5.36,15.21,1.35,1.89,17.03,38.3,594.99,10.15,10.79,596,159.33,Barley
70,66,103,7.74,43.39,0.44,0.99,11.25,88.13,315.76,5.77,6.5,2234,190.36,Wheat
124,38,31,5.63,40.47,0.96,2.5,14.93,49.21,2908.68,5.81,18.57,623,250.19,Sugarcane
85,65,23,4.64,45.67,0.34,2.68,16.26,46.03,582.83,9.49,13.28,2334,274.7,Sugarcane
28,63,65,4.94,33.72,0.72,0.51,33.09,74.1,1901.06,9.61,18.8,1725,69.98,Rice
126,14,74,7.48,23.5,1.35,0.25,28.75,37.24,757.47,4.7,5.83,2176,170.06,Millet
119,44,54,5.55,43.18,0.99,1.03,32.05,50.94,669.51,11.24,17.46,2023,89.6,Millet
105,28,63,7.12,28.57,1.1,2.17,21.09,38.69,636.93,9.98,17.24,1253,245.86,Potato
83,64,75,7.3,20.95,0.49,1.57,13.39,88.46,2187.92,11.87,18.05,417,274.79,Wheat
41,86,95,5.88,30.43,1.4,1.52,34.16,47.11,2326.94,7.46,16.53,980,257.25,Rice
129,78,55,6.4,48.16,1.01,0.54,14.21,46.15,535.44,4.69,16.32,846,76,Wheat
116,53,42,6.12,33.79,0.34,1.12,21.48,68.06,582.39,11.25,17.13,1049,180.41,Potato
37,87,88,8.29,24.99,0.22,2.88,17.87,31,2816.13,10.5,18.02,580,185.68,Wheat
90,47,59,5.78,51.59,0.22,1.09,18.9,69.21,1848.81,4,9.05,1324,239.95,Wheat
146,71,114,5.23,54.08,0.27,1.82,28.06,57.23,2387.63,8.24,5.16,1842,277.23,Rice
116,31,31,5.96,31.66,1.39,0.27,14.93,41.05,425.56,4.06,2.37,2290,178.78,Wheat
20,82,49,7.18,28.73,0.67,0.29,23.38,59.18,346.75,6.81,6.23,1316,324.96,Millet
151,49,48,7.29,40.63,0.59,1.33,29.16,89.94,1309.35,10.96,17.4,47,102.33,Sugarcane
23,35,114,8.2,12.9,0.74,1.85,36.07,80.33,1754.71,9.39,19.94,1926,175.16,Rice
144,14,50,8.03,44.57,0.73,1.18,21.14,88.45,1243,10.8,9.04,2313,306.68,Sugarcane
101,63,84,5.65,49.11,0.51,0.62,19.56,85.56,2197.61,8.46,9.89,779,298.27,Sugarcane
46,58,77,6.32,29.87,0.32,2.23,21.04,79.22,2074.55,10.19,8.46,2498,340.35,Rice
78,12,16,7.49,18.73,0.34,0.51,25.02,50.08,1451.19,7.89,11.47,1417,77.75,Sugarcane
51,47,94,8.17,11.44,0.98,2.04,19.39,73.8,422.37,8.02,10.08,1140,284.26,Wheat
47,23,80,5.85,41.86,0.72,2.87,17.51,53.49,1867.47,8.78,14,916,278.25,Tomato
125,56,13,6.28,23.45,1.37,1.46,21.26,55.77,877.26,5.12,6.22,2176,348.66,Pulses
124,23,85,8.1,33.19,0.8,0.68,33.33,82.4,1280.35,9.15,8.66,2419,199.76,Sugarcane
89,84,100,5.93,29.32,0.85,2.54,17.58,42.31,240.31,10.85,8.65,598,290.42,Cotton
81,82,68,6.42,18.74,1.41,1.57,35.34,47.8,1659.1,5.28,7.05,857,348.18,Rice
53,47,90,8.12,35.42,0.85,2.78,18.55,85.83,2157.18,7.01,16.17,595,56.14,Wheat
106,73,93,7.71,32.98,0.85,2.19,28.09,71.98,1816.99,11.36,11.27,77,269.78,Rice
133,53,104,5.47,41.21,0.67,1.35,39.13,33.89,2304.41,6.49,11.64,1295,86.56,Rice
125,79,35,5.8,22.59,1.12,1.89,38.55,37.3,2998.36,11,5.58,400,265.27,Rice
75,74,40,5.91,20.73,0.71,0.59,23.04,64.77,1971.19,9.13,9.06,2072,164.74,Rice
132,34,108,8.15,50.72,0.96,1.22,12.03,77.93,819.02,10.75,7.55,285,71.43,Wheat
32,25,82,8.5,45.11,0.78,1.82,37.08,77.57,1802.42,5.14,18.25,16,284.32,Rice
37,24,78,7.6,48.61,0.89,1.81,13.81,55.5,886.21,10.3,1.72,341,129.06,Wheat
132,12,61,6.44,16.16,1.28,1.8,37.71,45.51,1124.57,4.24,4.33,1879,68.74,Sugarcane
58,76,81,4.54,21.2,0.74,2.26,31.98,77.26,1185.72,7.16,13.55,1835,297.28,Potato
98,46,30,7.29,38.78,0.5,0.41,38.03,86.64,1655.96,6.24,12.49,1988,239.32,Rice
49,64,25,6.06,52.86,0.94,0.31,29.96,56.65,1666.45,9.13,14.58,823,316.4,Rice
117,47,60,7.03,54.61,1.42,0.53,39.85,38.24,2068.49,10.12,1.86,1495,209.79,Rice
77,72,25,6.93,51.6,1.1,2.4,24.01,66.58,1425.63,6.76,17.77,2255,213.27,Wheat
86,10,27,6.42,12.17,0.6,0.29,19.89,34.3,725.55,10.7,18.69,637,230.5,Wheat
90,80,56,8.28,51.04,1.45,0.75,21.8,66.69,1574.76,8.41,15.85,1449,160.18,Rice
125,28,65,4.59,54.95,0.65,0.84,20.51,40.38,2430.11,10.02,4.32,2300,325.14,Rice
26,61,37,7.35,12.84,1.48,1.98,22.02,60.96,2167.91,9.8,15.99,63,156.14,Rice
59,39,91,6.14,30.81,0.45,1.26,36.56,67.53,522.78,5.11,7.01,1425,251.63,Millet
89,64,87,7.36,36.83,1.5,0.68,27.76,56.8,2855.34,9.85,3.89,1353,77.75,Rice
87,23,65,7.2,21.64,0.3,1.4,31.77,79.64,1056.32,10.61,2.54,991,144.5,Sugarcane
68,22,46,4.54,35.83,1.13,2.09,18.64,52.48,1842.08,4.28,1.9,496,116.27,Potato
71,36,113,5.64,54.3,1.16,2.38,39.7,39.3,289.79,5.3,17,789,284.36,Millet
133,18,25,5.26,53.35,1.08,0.46,18.42,57.83,2746.53,8.16,17.02,1911,211.55,Sugarcane
126,50,94,5.17,56.99,1.21,2.17,14.77,87.81,2114,4.47,1.63,1575,160.77,Sugarcane
48,57,74,7.41,34.21,0.81,0.11,33.35,82.81,972.95,6.93,14.6,214,118.98,Potato
97,21,69,5.46,30.53,0.27,2.2,35.17,48.66,2113.33,10.72,5.83,1760,107.72,Rice
28,19,70,6.4,43.29,0.67,2.02,21.81,44.56,1019.13,4.81,5.23,606,225.05,Millet
95,15,20,5.49,30.84,1.04,1.46,26.23,59,927.23,5.12,11.68,220,194.4,Potato
61,43,84,6.82,12.1,1.04,0.5,22.42,69.31,1451.56,4.95,9.7,1343,266.79,Cotton
147,61,75,7.38,46,0.45,2.32,18.82,85.6,1880.18,8.36,4.59,2430,341.65,Wheat
39,50,41,5.82,24.05,0.53,0.31,34.4,66.8,786.17,6.43,1.11,502,117.91,Millet
91,15,28,6.91,12.45,0.83,2.7,32.71,80.17,2280.13,10.53,7.13,2023,184.24,Rice
84,11,65,7.8,11.03,1.15,2.34,24.56,71.76,1818.54,8.66,8.7,1021,214.08,Rice
132,24,14,4.88,56.57,1.31,2.25,23.67,36.09,220.89,9.36,10.03,1297,221.72,Wheat
43,26,12,7.34,22.6,0.31,2.29,15.4,83.51,1738.25,6.46,8.76,1229,74.97,Wheat
147,25,37,5.79,32.39,1.4,0.3,29.12,41.97,1378.56,7.93,8.23,520,140.96,Sugarcane
102,37,99,4.99,57.53,1.41,2.97,37.71,52,2074.21,6.97,19.3,337,182.85,Rice
82,81,96,6.68,33.38,0.21,2.59,31.57,80.42,2713.79,7.98,18.48,1417,109.44,Rice
79,19,103,5.41,13.93,0.86,1.57,25.19,88.75,935.42,9.51,8.43,1055,322,Pulses
118,19,81,7.79,37.6,0.96,2.19,11.16,48.64,2086.3,7.61,18.89,2157,76.48,Wheat
81,19,109,4.67,14.41,0.92,2.24,37.91,52.99,624.67,4.53,2.66,1255,94.69,Millet
49,82,38,4.89,14.75,1,2.51,19.24,59.14,439.66,6.97,1.24,1605,141.43,Cotton
41,37,86,6.58,52.57,0.85,0.84,19,59.88,2809.12,11.11,7.29,1387,131.37,Wheat
145,33,68,6.86,24.47,0.58,1.18,24.09,75.02,2614.41,10.59,4.52,452,91.82,Rice
61,28,34,7.42,43.93,0.32,2.42,22.87,79.03,1603.93,10.66,14.38,1315,295.1,Rice
117,77,31,5.54,35.45,0.47,2.33,38.87,89.46,587.3,5.45,12.9,2496,307.15,Millet
50,65,119,7.87,21.12,1.16,1.62,14.95,78.25,937.3,4.63,19.52,568,224.08,Wheat
131,76,106,8.31,35.89,0.51,1.25,30.67,47.99,1788.66,10.51,15.32,1035,271.26,Rice
141,51,110,6.5,13.45,1.28,2.91,13.2,51.49,2025.18,9.33,8.5,1142,253.46,Wheat
36,21,80,7.54,27.36,0.72,1.3,18.31,67.08,2133.7,8.07,6.11,909,344.76,Wheat
57,27,32,6.6,36.14,0.74,2.32,31.66,71.2,2293.88,9.5,2.04,1096,244.41,Rice
129,32,79,4.78,21.42,1.33,1.3,34.12,35.4,787.64,11.45,6.02,2461,130.48,Millet
41,15,88,5.8,43.01,0.48,1,24.07,50.62,1029.51,5.03,4.46,2321,326.19,Barley
75,62,88,4.85,12.59,0.45,1.96,33.68,42.16,235.34,5.36,16.94,1451,169.97,Millet
138,51,49,8.46,34.24,1.48,2.44,38.05,60.47,407.16,8.72,7.19,212,101.95,Millet
76,75,107,5.42,45.75,0.9,2.95,38.07,40.12,1066.57,9.65,13.99,909,324.34,Millet
54,39,23,7.04,31.5,0.45,0.53,20.27,64.84,720.18,9.15,13.31,1418,122.01,Barley
133,18,38,5.64,53.73,0.42,2.64,19.36,58.04,1579.11,6.03,2.13,1880,296.56,Sugarcane
144,51,25,7.11,41.61,1.32,1.62,31.79,54.24,2576.25,8.98,1.43,1572,207.55,Rice
148,43,102,5.34,57.92,0.98,0.41,29.62,68.94,2224.37,8.48,9.46,1807,156.92,Rice
71,49,96,7.64,24.21,0.35,2.4,21.77,54.98,2312.83,4.19,18.59,253,264.18,Rice
104,26,19,4.94,56.94,1.35,1.06,16.86,53.96,1880.71,8.98,13.15,2162,328.63,Sugarcane
84,38,56,8.08,40.34,0.78,2.62,28.55,69.07,2161.22,7.61,17.28,1203,202.76,Rice
148,59,13,7.86,47.26,1.49,0.56,22.91,33.44,704,10.83,1.84,1863,195.47,Wheat
40,85,21,7.22,55.11,0.57,2.16,13.96,55.95,1746.9,9.24,8.19,2335,90.95,Wheat
35,58,51,4.77,37.56,0.89,0.97,29.18,41.72,1797.66,8.37,2.12,1974,50.03,Rice
142,82,107,5.33,53.11,0.43,0.85,30.93,32.31,1960.39,11.16,7.48,1986,213.03,Rice
80,70,13,7.94,37.08,0.77,0.25,20.93,32.08,2381.99,9.31,6.4,687,224.28,Rice
73,55,93,4.99,39.96,0.43,1.5,34.96,40.06,2843.21,6,18.51,2119,260.32,Rice
45,55,101,5.12,32.25,0.6,1.24,12.21,56.04,2192.82,7.74,16.55,1136,252.3,Wheat
99,26,101,6.68,17.28,0.55,0.28,24.88,64,2783.18,9.38,16.32,1069,134.83,Rice
84,75,15,5.6,37.68,0.57,0.76,38.69,77.75,1739.78,10.57,1.47,123,72.18,Rice
119,14,23,5.39,58.87,1.46,1.51,15.71,66.46,1010.15,6.27,10.65,1065,154.25,Sugarcane
93,63,44,6.8,49.36,0.25,2.44,15.17,61.2,2043.88,9.81,2.85,447,266.07,Wheat
36,25,56,5.99,47.37,0.85,2.8,21.36,32.18,2946.62,9.46,17.45,1500,270.33,Rice
140,16,67,5.06,42.17,1.02,1.59,18.04,47.87,2187.19,5.18,9.59,443,224.31,Sugarcane
42,17,74,6.64,27.4,1.06,1.27,16.65,71.54,2913.24,5.22,2.85,2351,95.78,Wheat
154,81,28,6.05,18.48,1.18,2.87,38.5,46.23,262.7,8.01,19.69,1661,141.6,Millet
90,47,66,7.44,21.23,1.19,2.89,20.35,65.66,923.41,7.29,6.47,672,225.84,Potato
127,63,74,4.91,10.32,1.44,0.65,11.8,66.23,966.09,5.07,4.79,1752,112.96,Rice
98,85,22,6.98,43.67,1.18,1.64,36.99,48.31,1395.04,4.7,11.73,388,227.66,Barley
65,24,17,6.25,50.59,1.27,2.48,23.45,64.3,286.21,11.18,10.2,1421,63.66,Potato
97,59,27,6.12,23.45,0.89,2.48,32.08,36.84,2759.91,5.53,6.22,2210,150.34,Rice
35,65,44,5.43,14.59,1.05,2.09,21.02,73.62,2179.81,6.94,15.01,909,166.42,Rice
90,18,96,4.62,26.79,0.82,1.47,38.06,31.35,435.05,7.73,6.5,998,148.64,Millet
115,17,35,7.89,24.6,0.56,1.27,18.63,32.12,689.15,4.66,7.56,2129,100,Wheat
21,28,114,5.81,32.54,0.61,2.44,29.88,82.22,1888.7,5.11,14.3,2049,85.69,Rice
29,60,47,7.22,23.21,0.67,0.75,34.73,64.82,2743.81,8.2,11.86,1016,254.45,Rice
144,81,93,8.29,26.99,0.64,1.34,17.14,39.77,445.32,9.6,6.49,2430,88.2,Wheat
100,66,75,6.76,55.38,0.89,1.74,34.05,66.1,1413.25,10.76,18.53,1000,56.19,Sugarcane
159,77,35,6.09,26.74,0.52,2.51,33.77,52.19,760.04,10.9,14.66,2426,293.22,Millet
89,40,66,5.57,49.28,0.87,1.18,38.93,46.19,704.95,8.36,6.74,2059,324.15,Millet
51,12,109,8.24,41.29,1.39,1.69,37.68,78.68,2244.24,6.29,17.39,1843,204.2,Rice
124,52,34,7.23,26.88,0.73,0.91,21.66,58.64,2514.18,8.64,6.94,207,83.97,Rice
103,38,39,7.16,50.89,0.49,2.53,27.72,47.61,2779.21,8.98,19.54,1937,233.71,Rice
148,19,91,6.2,39.75,0.65,2.38,37.76,86.62,2115.16,6.3,18.25,2173,156.53,Rice
77,21,16,7.88,10.43,1.34,2.48,10.13,39.9,383.82,9.34,8.62,418,121.23,Wheat
153,55,36,7.35,13.44,1.42,0.27,28.82,38.52,1199.79,5.39,13.6,1079,311.27,Sugarcane
64,39,20,5.63,47.63,1.35,1.51,16.46,35.84,1436.36,6.37,11.18,73,222.73,Rice
116,41,110,6.9,32.33,0.57,0.49,32.16,37.47,972.49,11.44,16.52,1696,228.74,Barley
42,82,17,6.22,30.28,0.7,2.05,33.89,45.17,1711.63,8.08,17.39,2191,275.15,Rice
42,56,20,4.53,17.29,1.47,1,31.39,71.91,851.38,5.2,12.98,2390,74.82,Sugarcane
154,72,97,7.73,17.87,0.62,2.35,39.88,70.31,2718.4,9.35,11.56,327,202.64,Rice
98,35,39,4.99,49.89,0.38,0.29,24.38,75.81,601.78,5.84,7.45,64,122.55,Pulses
63,12,103,6.54,51.45,0.57,1.59,26.84,64.53,1392.95,4.28,18.1,864,117.3,Rice
46,32,24,5.84,38,1.45,0.46,22.27,59.56,549.58,10.98,12.52,975,146.34,Cotton
45,84,65,5.87,24.76,0.74,1.72,39.22,55.91,1203.11,7.48,2.28,1283,165.91,Pulses
116,83,44,6.41,56.64,1.41,1.86,37.68,82.48,1557.4,10.22,13.7,2025,70.76,Rice
55,59,48,8.49,41.2,0.34,1.44,39.6,50.61,1750.92,10.84,5.04,1286,279.98,Rice
128,45,33,6.13,49.83,1.2,0.91,39.55,83.49,1128.16,8.59,3.69,2141,338.56,Sugarcane
74,22,17,5.23,10.16,0.32,0.19,36.86,46.53,2466.98,4.78,19.73,834,294.15,Rice
88,38,52,6.95,32.52,0.46,2.02,37.93,39.44,1643.16,6.56,18.03,1205,252.12,Rice
80,47,51,5.45,53.55,1,2.62,13.6,45.31,2978.77,6.02,14.83,1369,333.18,Barley
149,86,93,4.92,26.91,0.76,2.23,15.21,59.94,545.87,8.83,12.15,1431,180.62,Sugarcane
74,14,50,4.7,46.33,1.07,2.69,36.56,85.55,713.93,7.29,8.32,633,321.6,Millet
141,29,56,4.59,42.88,1.47,2.8,31.8,40.64,2445.02,7.3,7.01,207,298.4,Rice
116,87,35,6.22,17.61,0.27,1.4,36.25,64.79,1751.94,9.24,7.39,497,236.57,Rice
99,23,61,6.21,48.75,0.45,2.12,33.1,43.06,1208.07,4.25,9.6,317,308.35,Rice
106,17,97,5.24,15.63,1.03,1.25,14.19,70.66,1349.26,5.06,7.5,967,99.16,Sugarcane
57,57,31,7.64,46.4,1.37,2.77,37.5,57.9,1778.61,11.11,5.27,2360,117.54,Rice
138,22,14,5.02,59.55,1.24,1.73,33.14,74.01,440.18,10.69,18.33,1182,140.38,Millet
97,33,24,8.16,57.9,0.81,2.28,27.12,81.37,2342.36,11.53,15.42,1620,145.78,Rice
54,88,45,6.85,50.01,1.17,0.14,25.97,50.08,1457.58,5.68,13.18,1802,50.59,Barley
98,74,110,4.61,36.73,0.47,1.77,27.21,86.29,1355.04,6.73,9.41,541,147.07,Wheat
86,43,72,8.35,43.74,0.22,2.25,21.71,58.11,2364.94,4.89,16.28,394,338.19,Rice
106,60,102,5.73,46.41,0.94,0.85,34.1,86.2,1793.74,9.12,4.06,2162,118.85,Rice
53,12,88,6.3,10.42,1.26,0.14,37.27,43.84,2311.63,10.25,3.65,1715,78.85,Rice
116,87,100,5.64,15.12,0.76,2.26,17.59,83.83,2800.18,8.94,19.13,985,129.17,Sugarcane
90,67,58,7.41,39.85,0.94,1.08,11.14,50.02,2848.34,8.77,18.9,2237,151.83,Wheat
22,81,64,6.44,10.33,0.75,1.34,16.09,75.05,1401.95,10.42,13.7,1435,97.11,Wheat
77,64,81,5.03,55.45,0.87,1.73,32.72,88.09,394.64,4.71,9.85,1806,303.75,Millet
51,89,69,4.92,34.48,1.35,0.42,36.05,84.73,234.98,9.94,17.9,927,57.07,Millet
50,51,66,7.4,22.89,0.82,0.4,20.46,57.82,2174.65,11.14,15.06,1142,102.65,Rice
101,30,38,5.45,29.69,0.21,2.89,14.57,50.69,428.33,9.17,15.61,1977,304.14,Cotton
62,19,28,5.05,52.54,1.24,1.08,35.76,66.76,1292.55,9.47,13.36,1372,90.72,Millet
154,66,104,6.5,56.36,1,0.84,16.44,72.35,2054.34,9.15,18.51,152,323.57,Wheat
124,34,82,7.71,15.81,1.15,0.24,17.26,62.41,2995.48,10.59,6.91,112,209.86,Wheat
20,65,19,5.62,48.9,1.37,0.6,12.78,80.91,824.58,7.17,6.06,2404,141.2,Pulses
80,47,110,5.61,38.91,0.57,1.35,37.31,33.5,227.19,10.87,12.17,2059,84.34,Millet
33,70,19,7.84,39.28,0.85,1.09,19.8,65.98,315.51,6.16,7.66,1020,288.63,Wheat
25,56,106,5.09,48.97,0.98,1.33,15.16,61.51,825.25,4.92,2.07,2092,110.47,Barley
122,63,98,6.97,21.14,0.65,2.14,38.61,32.36,2980.42,4.49,19.28,290,250.05,Rice
29,55,66,8.32,36.55,1.3,1.96,20.07,30.76,415.94,4.79,18.17,853,149.23,Cotton
90,77,63,7.87,25.97,1.11,1.53,32.42,66.37,2297.94,7.65,1.2,630,184.46,Rice
109,13,65,4.75,14.73,1.15,2.46,16.91,37.08,619.81,8.76,17.49,1733,279.08,Potato
145,75,77,5.78,15.25,1.25,2.59,31.8,76.11,770.54,9.09,10.84,2220,139.52,Millet
116,52,78,5.07,16.82,0.54,1.81,16.96,86.95,440.6,8.52,10.6,1764,113.81,Pulses
93,71,96,8.3,40.74,1.17,0.44,29.13,40.64,838.71,5.66,4.18,2493,68.6,Wheat
134,13,112,8.44,15.29,1.21,1.28,23.23,77.91,523.47,10.93,4.74,816,325.59,Cotton
70,74,64,5.44,38.51,1.3,1.94,33.96,65.49,248.76,5.69,6.34,2245,302.51,Millet
75,71,78,7.18,39.41,0.84,0.28,31.91,56.88,2436.21,10.61,11.57,754,229.25,Rice
60,11,81,7.87,55.19,0.86,0.16,38.06,69.02,733.38,9.71,10.17,753,67.63,Millet
51,18,90,5.43,41.32,0.33,2.85,21.3,78.14,532.1,6.84,6.25,1106,166.33,Cotton
34,66,10,5.25,59.28,1.31,2.22,32.63,88.24,962.16,7.38,16.31,480,163.8,Sugarcane
81,54,21,4.54,11.55,0.89,0.54,39.07,69.63,2310.57,10.51,7.68,1412,202.25,Rice
47,27,44,6.15,45.21,0.97,1.39,20.09,74.82,829.41,11.88,4.74,1888,150.56,Sugarcane
83,57,87,8.1,11.32,0.36,0.66,18.7,66.45,1717.33,5.95,8.86,2452,77.01,Wheat
149,51,91,8.11,46.47,0.98,0.13,33.07,63.9,807.7,9.51,14.41,590,188.32,Sugarcane
146,50,83,5.01,29.29,0.25,1.24,23.37,33.89,1283.86,4.59,7.15,666,68.22,Sugarcane
55,84,88,5.32,40.57,1.4,1.98,21.96,39.3,1659.74,4.65,7.05,1245,156.62,Rice
133,67,115,6.13,25.48,1.32,2.87,26.37,52.76,2321.89,7.61,3.2,4,295.08,Rice
32,51,42,7.62,17.96,0.45,2.33,38.07,68.97,988.74,4.15,2.93,2198,325.77,Millet
34,44,92,6.95,46.18,0.97,0.77,12.52,34.55,1450.14,11.28,6.57,1709,169.37,Wheat
108,47,107,6.56,55.23,0.98,1.08,23.97,62.66,2000.15,7.09,14.67,1320,140.42,Rice
41,76,118,6.87,19.18,1.24,1.61,13.3,30.79,970.67,7.05,11.22,468,200.82,Wheat
93,50,34,4.88,56.04,1.18,0.65,36.51,75.97,816.1,6.61,16.67,192,136.03,Barley
44,59,25,6.41,17.01,1.49,2.52,14.1,70.02,1792.94,6.39,14.65,837,87.32,Wheat
120,81,17,8.47,46.78,0.66,0.59,12.69,61.24,2866.7,4.75,13.12,1366,345.36,Wheat
136,88,44,4.85,57.97,0.36,0.94,38.91,64.27,2748.22,8.86,3.71,1958,125.06,Rice
60,54,94,6.58,17.37,0.95,1.78,26.9,85.97,1881.01,6.03,18.38,1487,160.97,Rice
107,80,92,5.68,31.75,1.19,0.46,34.78,84.4,1381.59,6.78,1.56,656,148.38,Sugarcane
129,28,55,6.66,26.87,0.57,1.91,24.11,77.57,1784.28,6.69,19.19,526,53.38,Rice
139,26,20,6.8,29.42,0.51,2.84,23.07,50.17,2445.59,6.72,16.27,1577,234.78,Rice
116,74,70,6.81,47.66,1.24,2.11,37.35,36.43,459.97,11.04,5.79,1475,199.75,Millet
76,86,53,7.91,43.06,1.18,2.46,39.7,49.29,2387.33,7.77,19.72,1652,327.93,Rice
149,65,20,6.06,58.43,0.46,1.37,28.56,75.12,2042.45,8.08,9.52,2265,247.59,Rice
115,50,20,6.57,19.27,1.33,1.16,37.55,66.66,953.32,10.27,16.29,2245,163.11,Tomato
140,51,31,4.54,37.16,0.38,1.05,35.88,72.33,2652.91,6.46,18.71,1015,152.93,Rice
81,15,94,7.66,32.46,0.34,2.02,26.32,36.32,423.82,10.08,10.46,479,78.01,Millet
156,78,100,5.54,55.94,0.66,1.6,38.23,39.51,2772.31,5.44,12.78,619,173.06,Rice
87,84,91,7.77,10.53,1.35,1.47,16.3,69.86,1286.18,9.67,13.44,2469,331.26,Wheat
100,82,71,5.56,59.46,1.1,0.39,36.55,52.31,2468.89,5.15,12.09,1673,188.57,Rice
36,49,115,4.54,33.99,0.71,2.05,19.28,52.15,632.48,9.51,4.53,557,262.92,Rice
136,50,57,5.12,41.28,0.4,2.2,10.92,53.56,1789.09,7.75,6.55,1724,195.54,Sugarcane
69,18,113,8.44,28,1.13,0.67,33.61,77.76,293.65,4.52,3.04,2296,186.95,Millet
131,17,111,5.78,52.63,0.98,2.3,37.9,71.94,980.45,8.81,9.28,2407,109.28,Barley
113,53,103,4.94,38.1,1.48,2.65,16.5,36.36,2523.04,9.53,4.52,781,53.6,Sugarcane
104,67,72,4.98,43.14,1.2,0.61,26.02,50.66,1472.19,5.62,4.33,1481,131.13,Sugarcane
93,76,60,5.74,42.45,0.33,1.41,32.48,70.43,2046.6,11.48,3.19,1756,285.72,Rice
128,22,54,4.65,28.2,1.15,2.64,19.95,88.57,2460.22,5.82,9.04,904,81.83,Sugarcane
37,28,118,6.55,13.8,0.53,1.51,14.41,84.74,1684.93,6.49,2.76,2301,348.31,Wheat
61,58,42,5.35,50.39,1.45,2.46,21.77,44.9,1840.31,9.89,14.86,1045,263.76,Rice
120,89,94,6.58,24.49,0.23,0.73,23.7,33.96,2345.76,5.6,18.1,963,86.76,Rice
64,87,69,5.06,52.45,0.51,0.29,32.27,64.4,537.25,11.37,6.95,1880,211.13,Millet
101,39,11,6.22,40.43,0.85,0.27,15.96,54.38,400.35,9.13,16.95,1713,333.2,Wheat
36,75,22,6.89,27.69,0.3,2.92,34.45,41,1941.38,9.99,12.19,1390,85.23,Rice
92,86,75,4.75,39.71,0.65,0.58,25.07,69.1,2930.18,4.95,8.71,1421,51.25,Rice
33,68,66,6.09,42.27,0.85,2.61,37.12,39.62,2005.3,10.57,16.43,152,92.62,Rice
151,62,52,5.71,45.33,0.78,1.02,26.97,51.09,2174.27,8.55,15.97,731,154.86,Rice
101,61,54,5.46,51.12,0.8,0.22,23.41,77.67,2043.94,10.16,18.87,2368,132.75,Rice
139,40,40,6.92,17.99,1.34,0.8,18.6,71.06,1895.95,4.57,18.87,837,111.51,Wheat
139,24,19,6.85,57.21,0.86,1.57,13.19,66.43,753.34,8.87,14.25,131,348.72,Wheat
66,29,32,7.02,30.54,1.42,0.41,21.15,85.85,2552.77,9.52,18.34,2155,243.41,Rice
126,14,95,5.14,53.02,0.39,2.77,22.41,37.52,1813.96,7.96,2.04,529,104.21,Rice
127,16,38,5.64,21.02,0.56,2.71,27.05,71.46,2939.42,10.68,4.61,1762,72.56,Rice
28,27,106,5.34,11.45,1.05,0.53,35.8,37.04,393.43,11.52,6.82,527,157.75,Millet
98,65,40,6.66,38.67,0.57,2.24,23.91,38.18,1035.76,5.78,16.06,771,189.34,Tomato
34,84,87,6.34,26.23,0.65,1.44,19.43,60.39,478.21,4.49,1.82,1725,257.55,Wheat
38,54,83,5.82,59.22,1.37,2.95,36.2,31.45,2605.65,10.18,15.4,122,241.35,Rice
109,37,27,7.64,15.22,0.9,0.26,32.02,60.06,2490.04,7.85,13.74,22,166.48,Rice
45,59,20,4.88,12.37,0.64,1.47,19.21,30.57,2364.56,4.46,17.68,1475,251.37,Potato
111,11,112,8.4,12.25,1.21,0.93,15.01,66.14,2100.1,4.71,1.9,1428,171.45,Wheat
101,77,56,4.97,20.84,0.29,2.21,18.73,48.72,498.47,5.82,12.81,1377,188.76,Cotton
150,86,12,7.59,38.96,0.93,0.42,13.71,35,1336.66,4.04,2.9,1786,94.48,Wheat
61,33,11,5.97,35.28,0.33,1.92,37.1,76.85,2172.62,7.76,2.07,2289,80.55,Rice
38,57,63,7.96,27.5,0.43,2.85,28.35,53.4,1210.36,6.96,19,358,187.19,Cotton
36,54,81,4.8,14.44,0.28,1.42,35.91,56.64,2209.96,4.37,5.23,1690,308.2,Rice
95,67,40,6,21.69,1.37,1.42,34.61,52.47,999.1,5.93,4.59,275,258.47,Potato
82,45,17,5.84,19.21,0.26,1.54,14.6,35.02,1721.91,9.92,17.62,1708,300.23,Maize
150,11,52,8.47,47.28,0.87,1.31,23.29,57.6,1192.69,10.46,6.94,402,139.94,Sugarcane
126,27,57,8.44,49,0.49,1.4,39.16,69.93,2780.2,4.03,17.1,145,272.29,Rice
68,58,11,5.26,48.85,0.7,1.44,17.01,84.2,1438.69,4.85,13.73,234,160.62,Millet
74,17,31,7.02,58.45,0.84,2.99,11.51,75.83,1002.69,11.99,4.6,1806,165.23,Wheat
118,67,14,6.64,54.21,0.79,0.44,20.38,34.76,359.63,9.19,10.87,741,168.29,Potato
71,24,16,5.12,34.89,1.17,0.93,25.33,39.95,607.27,9.48,13.56,2481,56.5,Millet
119,26,29,5.17,30.75,1.39,0.71,11.68,32.69,1781.74,7.03,14.73,1471,208.22,Sugarcane
136,32,101,8.46,55.79,0.59,1.68,22.8,37.16,2163.2,8.04,10.16,2208,144.58,Rice
137,75,86,6.31,40.56,0.23,0.11,17.6,58.83,2872.23,8.06,7.75,1352,139.41,Wheat
26,79,11,5,24.72,1.36,2.77,16.36,43.18,1871.05,6.78,19.03,744,182.01,Potato
65,36,41,5.36,38.22,1.47,1.64,17.92,68.88,2106.15,9.52,8.93,1936,75.06,Barley
65,46,99,5.57,59.61,0.76,2.7,13.16,31.94,1935.47,8.58,14.15,1903,108.2,Potato
119,58,12,6.54,52.47,0.79,1.1,12.3,81.43,2726.94,11.55,16.9,1447,58.94,Wheat
73,73,50,5.84,24.06,0.39,0.53,27.88,70.66,1046.83,4.05,4.21,2319,169.01,Barley
81,43,51,6.32,57.65,0.82,0.66,38.43,88.14,1889.02,11.08,10.18,2324,64.88,Rice
148,27,86,5.17,59.07,0.59,1.47,34.14,87.17,2887.39,11.59,11.49,2090,244.97,Rice
68,73,94,5.81,21.56,1.49,0.22,35.02,71.58,219.96,5.18,11.83,2229,88.77,Millet
44,83,54,4.78,54.78,0.44,2.37,32.05,39.48,958.74,5.78,3.83,349,226.72,Potato
29,53,110,8.06,54.16,0.69,2.39,38.68,43.32,2324.6,4.4,1.49,1709,341.43,Rice
137,26,96,5.3,11.99,1,2.14,38.52,46.65,1515.77,5.88,13.64,471,245.42,Rice
111,68,80,7.53,43.48,0.65,2.7,33.35,55.6,671.47,9.11,12.81,265,108.63,Millet
153,22,26,5.9,25.26,0.82,1.69,31.48,64.25,1800.62,5.73,14.3,2337,171.49,Rice
99,61,101,6.4,43.73,1.47,1.49,19.16,70.96,1642.2,10.82,5.24,886,60.97,Wheat
90,69,56,5.67,55.68,0.86,1.63,12.73,34.54,1471.54,11.32,7.42,985,275.62,Wheat
97,51,103,7.29,34.94,1.38,0.63,12.79,66.63,1156.89,4.22,11.84,667,190.55,Wheat
62,73,78,7.88,30.72,0.26,1.59,32.09,33.55,347.1,8.06,2.1,1156,178.4,Millet
109,75,33,5.65,56.08,0.36,1.67,10.85,79.62,1891.55,4.13,4.92,2293,93,Sugarcane
97,43,80,5.47,58.71,1.43,2.32,34.49,32.43,1648.32,8.95,17.74,1858,93.02,Rice
45,80,43,7.23,13.11,0.37,1.11,20.99,53.4,1839.01,6.78,3.93,2118,349.2,Rice
140,73,59,5.28,56.14,1.16,0.37,15.76,55.2,206.83,10.77,4.12,2261,76.43,Cotton
64,42,51,7.06,14.14,0.78,1.83,22.23,64.22,431.51,11.34,14.7,2013,345.33,Barley
82,21,42,4.88,26.86,0.73,2.39,31.1,35.73,669.55,7.99,17.79,2075,341.44,Millet
87,85,36,6.98,48.13,1.06,2.91,18.25,85.99,1455.63,11.62,19.45,343,192.77,Wheat
21,28,87,6.55,48.85,1.15,0.36,15.21,52.99,2462.12,10.93,16.89,2072,51.75,Wheat
127,18,68,4.96,46.29,1.41,2.26,32.14,53.77,888.37,4.77,14.53,765,249.46,Cotton
49,83,28,7.1,11.96,0.53,1.83,36.42,44.59,2463.35,6.85,17.84,1441,192.4,Rice
68,26,111,6.29,16.65,1.11,0.14,27.57,76.84,858.71,6.72,10.52,316,201.48,Potato
159,59,85,5.37,56.81,0.64,2.18,25.72,30.47,2297.32,6.43,6.54,2284,276.53,Rice
63,48,12,5.91,14.07,1.13,0.18,32.65,36.37,2647.85,10.38,14.68,2055,65.7,Rice
32,50,80,6.47,13.93,0.38,2.38,31.98,58.25,2486.1,6.41,8.73,938,329.85,Rice
97,19,108,4.87,51.78,0.79,2.19,10.19,88.1,2267.47,7.03,8.15,2279,280.48,Pulses
145,21,34,8.33,42.06,0.44,2.09,18.46,32.14,307.64,4.69,9.09,366,90.84,Wheat
117,88,24,7.16,27.58,0.64,0.45,37.96,33.72,1124.43,8.16,12.88,2061,69.21,Sugarcane
45,24,92,4.91,18.29,1.13,2.77,38.81,72.89,750.24,4.94,18.14,2305,277.7,Millet
67,37,69,7.79,54.21,0.5,2.71,25.31,74.13,1528.85,10.95,19.09,759,225.36,Rice
85,13,92,5.79,59.43,1.09,2.71,26.8,83.82,1192.01,10.39,13.43,423,143.36,Sugarcane
106,45,32,6.89,12.5,0.84,1.15,10.02,64.6,1929.84,6.42,1.68,919,115.67,Wheat
98,74,20,5.61,37.71,0.32,1.53,30.17,54.21,1784.08,4.04,8.74,490,122.42,Rice
42,56,68,7.43,23.07,0.7,0.43,16.37,57.06,1406.39,4.57,3.47,1218,204.78,Wheat
100,48,94,7.39,51.62,1.33,0.25,13.84,55.89,2348.75,5.74,11.61,2459,246.41,Wheat
67,47,43,6.71,27.3,1.49,0.27,19.14,88.41,241.45,7.99,8.51,1049,87.58,Wheat
143,53,112,5.46,45.73,0.68,1.75,29.95,52.81,2624.13,9.85,15.01,1434,231.38,Rice
149,60,16,5.51,36.98,0.27,1.03,23.09,35.76,208.26,4.79,12.42,777,197.24,Barley
103,35,115,6.03,37.08,0.37,1.78,20.47,47.38,1465.64,9.67,4.47,886,349.25,Sugarcane
39,45,53,5.08,52.9,1.22,1.82,31.8,87.61,2667.77,8.37,3.92,1082,324.25,Rice
65,78,100,5.85,33.52,1.05,2.73,34.41,55.69,1370.39,8.96,2.9,1959,175.5,Pulses
150,10,73,7.24,52.28,0.57,2.66,36.08,48.96,2315.88,11.42,15.11,1239,138.1,Rice
31,62,32,7.82,28.17,0.71,2.18,23.34,48.65,1328.2,11.62,7.31,2296,236,Potato
59,15,111,5.83,18.74,1.25,2.47,31.53,30.54,2582.59,9.9,9.37,1644,248.75,Rice
85,46,67,5.43,32.77,0.74,0.11,36.56,67.99,2997.84,9.54,9.13,2034,161.1,Rice
119,11,29,7.83,34.92,1.18,0.15,37.27,73.46,2715.22,10.1,13.52,381,204.99,Rice
97,78,36,8.06,33.92,0.58,1.43,24.76,51.18,356.1,9.38,1.88,640,230.1,Potato
35,50,69,6.14,50.42,1.14,2,20.66,82.37,615.12,4.08,7.74,1292,209.85,Cotton
102,60,17,4.61,38.23,0.81,2.4,37.01,74.57,1717.2,11.97,2.84,2201,182.19,Rice
63,56,110,7.28,54.42,0.91,1.4,17.84,66.05,2892.48,9.1,1.92,1140,294.46,Wheat
153,22,76,7.64,35.71,0.98,2.83,33.91,72.23,1337.71,7.91,2.55,1536,103.14,Sugarcane
119,85,11,4.57,21.24,0.79,2.46,37.26,76.17,975.72,7.62,9.01,1540,262.65,Wheat
41,78,31,6.88,16.47,0.81,0.4,32.19,61.62,2901.94,5.87,14.19,1704,308.13,Rice
37,75,79,6.85,53.42,0.55,1.38,30.4,53.87,2184.6,7.82,9.8,459,282.06,Rice
31,68,112,6.01,12.81,1.48,2.99,11.52,37.54,2357.22,9.87,5.65,568,253.92,Wheat
142,77,113,7.5,15.88,1.38,1.29,16.1,54.3,510.07,6.03,13.37,897,134.52,Wheat
136,68,45,6.21,13.18,0.89,1.22,30,63.01,935.17,10.76,4.84,327,78.13,Barley
70,19,117,7.21,31.19,0.25,0.95,33.56,86.87,1610.15,5.69,8.19,2390,243.34,Rice
90,22,33,6.57,36.63,0.42,1.51,11.9,39.29,2262.03,10.87,19.09,1390,197.98,Wheat
67,11,21,5.49,10.99,1.31,2.22,10.57,75.42,1172.4,8.67,16.76,828,114.72,Rice
38,24,90,6.93,35.78,1.41,0.24,19.35,44.44,771.96,10.7,18.36,804,112.91,Wheat
25,55,31,7.45,29.69,0.41,2.52,29.35,87.42,1424.03,7.34,4.01,847,142.13,Potato
103,66,92,8.4,48.68,1.15,2.76,25.36,65.69,1388.03,6.57,12.79,607,262.53,Sugarcane
72,19,82,6.02,51.5,1.01,2.37,10.25,55.97,2644.31,9.58,6.89,1285,307.12,Wheat
126,31,85,4.76,44.25,0.59,2.76,14.55,50.81,2814.54,6.9,16.51,2390,201.23,Sugarcane
120,88,105,8.45,33.67,0.77,0.38,32.57,42.12,672.68,11.62,9.64,447,266.18,Millet
67,86,104,7,20.81,1.08,1.41,18.93,72.87,982.58,9.92,14.99,571,125.17,Wheat
154,17,90,8.29,52.36,0.33,0.31,13.52,68.16,2400.87,7.44,6.92,188,171.3,Wheat
88,30,32,4.92,27.08,0.45,2.53,11.53,83.41,886.14,5.39,2.3,2171,279.01,Potato
30,31,83,5.87,27.81,0.24,2.86,35.51,65.84,941,8.45,15.29,989,208.21,Wheat
150,54,72,5.04,55.8,1.37,0.96,24.15,40.19,2094.59,8.77,12.44,1038,168.37,Rice
141,49,39,7.84,58.78,0.95,1.65,25.11,70.97,1630.33,11.75,17.47,277,261.45,Rice
88,31,28,8.02,54.91,0.88,0.96,11.84,82.73,2170.09,9.95,3.2,2254,226.91,Wheat
42,39,35,6.51,59.91,1.12,1.2,24.66,89.43,403.24,6.03,19.42,258,282.06,Cotton
56,71,99,5.25,53.45,1.48,1.48,29.37,71.1,1611.77,6.1,18.35,596,274.44,Rice
28,82,20,5.01,45.22,0.42,2.39,13.68,47.37,2083.97,8.64,13.4,1972,163.32,Millet
34,54,29,6.85,24.69,0.37,0.53,37.08,63.92,1528.35,4.95,10.98,2431,50.45,Rice
150,44,65,6.53,57.65,0.58,0.56,33.5,60.9,557.89,9.56,8.58,1714,331.35,Millet
112,51,54,7.28,53.83,1.38,0.69,34.06,60.72,574.88,4.63,2.79,178,210.24,Millet
36,14,77,5.72,22.04,0.73,0.25,26.1,34.72,1846.4,8.59,18.65,2157,347.43,Rice
91,36,56,6.11,34.46,1.23,1.97,20.02,41.67,603.32,11.86,4.71,2184,74.7,Cotton
140,79,85,4.59,13.5,0.46,0.65,29.21,61.45,1050.54,10.98,7.78,1663,276.89,Sugarcane
30,71,98,6.94,57.67,0.84,1.37,16.76,77.89,1435.3,10.75,4.53,180,211.43,Wheat
91,41,67,6.19,38.64,0.37,2.09,14.11,40.91,1861.29,10,5.96,661,62.85,Wheat
125,17,19,8.18,22.26,0.74,1.4,26.15,39.86,942.87,11.43,8.46,96,163.84,Millet
144,27,31,7.07,24.62,0.54,2.73,24.36,75.59,1334.69,11.44,14.24,1199,348.42,Sugarcane
54,87,80,6.09,59.03,0.91,2.33,14.51,71.43,1229.91,5.3,16.41,2132,309.43,Wheat
138,24,33,5.55,40.78,1.21,0.89,25.91,59.11,471.8,5.83,2.11,1493,340.48,Millet
33,35,75,8.12,31.03,1.42,0.48,26.39,33.02,2450.53,11.39,16.49,390,103.53,Rice
33,62,105,4.57,34.99,0.57,2.69,36.15,58.36,2278.68,6.2,16.07,1879,309.78,Rice
29,53,94,5.81,14.93,1.17,1.25,32.78,80.09,2395.56,7.04,3.56,2292,267.24,Rice
159,41,70,8.27,13.75,1.35,1.21,16.53,30.64,612.51,4.33,6.21,897,194.66,Wheat
57,37,16,7.12,39.64,0.36,2.45,34.54,36.16,1649.13,11.19,2.6,837,251.11,Rice
127,48,81,6.63,35.6,0.96,0.13,39.07,78.56,1124.73,4.58,10.2,57,253.01,Sugarcane
138,41,47,5.31,27.96,1,1.41,31.5,61.51,1175.79,8.24,19.41,578,79.81,Sugarcane
53,86,30,7.83,38.31,0.55,2.17,33.61,69.74,384.26,5.76,17.65,771,306.03,Millet
29,88,17,5.32,13.63,0.23,2.56,17.99,74.7,2848.34,4.22,17.61,2349,338.91,Potato
141,27,98,5.49,57.2,0.53,2.67,39.76,48.01,2831.16,6.32,3.42,747,316.13,Rice
134,79,37,5.27,24.69,0.96,1.45,15.29,47.87,1343.29,9.31,18.12,317,338.62,Sugarcane
20,20,101,5.13,13.59,0.46,2.56,32.53,45.84,2592.4,4.71,1.38,1676,265.25,Rice
31,41,63,8.31,18.48,0.57,0.2,21.86,40.04,1124.31,10.81,15.48,1426,53.9,Cotton
122,29,40,6.91,14.77,1.12,0.99,20.71,48.28,1766.37,9.53,6.69,2348,68.01,Rice
23,49,109,7.05,18.93,0.72,0.13,18.55,87.17,2284.89,4.47,10.53,2021,321.97,Wheat
117,17,98,8.32,30.84,0.29,0.58,23.23,35.16,1664.58,7.23,14.94,560,164.65,Rice
125,44,50,5.42,46.9,0.72,2.2,33.73,44.44,658.66,10.47,13.3,786,184.82,Millet
104,78,46,4.52,23.62,1.5,0.11,38.23,49.08,1261.3,11.46,7.36,241,306.2,Sugarcane
140,87,47,6.9,31.8,0.54,1.62,22.49,39.23,2326.61,9.03,16.53,842,265.85,Rice
151,30,60,6.53,56.44,0.54,1.3,29.55,34.64,2386.42,9.45,13.39,1032,246.93,Rice
101,33,85,6.41,24.79,0.42,0.46,33.65,39.71,1146.16,11.01,17.03,2106,163.5,Sugarcane
38,26,46,4.75,49.74,0.55,2.09,12.99,61.67,1713.33,7.64,7.96,1773,336.71,Sugarcane
149,27,110,6.32,17.89,0.95,2.11,38.82,65.81,779.93,9.66,3.23,683,309.48,Millet
31,21,40,5.65,18.92,1.45,2.21,16.35,42.92,903.03,8.62,8.07,339,197.9,Maize
100,25,71,5.6,32.81,0.99,2.32,37.45,60.23,605.47,9.56,10.4,236,228.64,Millet
93,13,27,5.39,21.71,0.73,1.01,39.6,30.37,1426.18,11.06,3.74,885,218.79,Sugarcane
117,43,99,5.83,55.15,0.71,2.98,13.01,66.12,2215.68,10.32,11.67,768,191.02,Sugarcane
25,55,15,5.91,12.54,0.23,0.31,36.78,30.08,2661.72,5.02,13.57,1789,84.25,Rice
155,84,18,5.74,39.86,0.2,1.98,29.23,68.57,1725.16,11.46,1.05,542,342.41,Rice
144,86,20,8.42,40.21,1.24,2.92,34.54,59,2025.7,4.4,11.54,1770,252.62,Rice
70,40,104,8.23,13.3,0.84,0.75,13.27,36.56,947.1,10.05,3.43,1659,280.04,Wheat
30,34,119,6.8,46.63,0.24,0.91,35.03,35.3,765.78,6.28,3.71,756,97.71,Millet
146,83,11,8.42,33.44,0.57,1.77,28.78,30.41,1307.97,10.24,8.16,325,60.37,Sugarcane
159,33,38,8.46,46.15,0.66,2.37,25.32,63.1,1764.95,4.12,2.76,1263,264.53,Rice
92,74,119,5.92,51.35,1.22,1.05,26.8,78.39,293.97,5.76,11.87,734,349.57,Millet
21,34,60,6.28,26.14,0.76,2.53,32.33,81.39,457.88,4.64,15.01,2192,264.95,Millet
27,37,115,8.34,34.22,1.23,0.8,18.93,64.15,1966.16,10.02,7.2,2287,233.42,Wheat
158,45,78,6.93,23.04,1.02,2.64,38.3,83.23,758.07,5.55,18.77,2426,73.75,Millet
143,15,32,5.35,20.08,0.24,0.83,19.23,81.72,1469.4,11.42,14.51,1776,143.4,Sugarcane
72,75,109,7.26,10.03,1.46,1.89,36.31,71.89,2822.24,7.29,19.79,1656,55.36,Rice
29,76,16,5.32,58.18,0.44,1.14,10.36,51.78,2615.29,9.75,12.53,45,170.71,Barley
131,81,65,5.86,32.05,0.56,1.03,37.49,79.63,378.37,10.6,9.76,1121,156.6,Millet
27,57,86,5.41,10.65,1.25,1.13,35.55,53.5,364.38,11.63,15.52,2041,153.84,Millet
55,79,115,5.48,10.45,0.45,1.55,13.73,54.2,606.7,7.69,8.5,2050,66.11,Cotton
125,87,71,4.52,24.42,0.72,2.55,32.11,70.68,525.93,9.37,1.02,62,247.48,Millet
33,76,83,8.02,10.7,1.32,2.3,21.22,85.68,910.68,6.91,5.05,2469,325.17,Potato
105,57,109,5.68,28.73,1.03,1.4,24.39,60,1241.79,6.27,4.91,2425,136.39,Sugarcane
69,74,89,4.85,13.15,0.59,0.92,12.06,40.63,432.24,9.49,10.29,722,77.43,Potato
39,53,24,4.85,11.96,1.04,2.58,16.38,38.55,1489.46,7.23,14.52,1859,312.83,Pulses
106,72,62,6.72,43.47,1.26,2.62,38.61,48.13,1683.51,8.58,11.58,2293,319.14,Rice
154,55,52,8.47,55.34,0.73,1.42,22.54,57.46,2052.47,5.59,2.96,2297,232.77,Rice
156,28,92,5.08,30.47,0.94,2.12,10.78,47.86,1337.75,9.72,5.95,588,158.09,Sugarcane
148,73,94,4.9,51.84,1.48,1.17,25.45,72.72,1028.51,11.76,3.6,2056,207.3,Sugarcane
57,82,44,6.25,11.46,1.45,0.53,39.84,62.56,2000.9,8.3,2.51,1987,277.41,Rice
63,80,88,6.75,48.88,0.86,1.03,19.98,54.4,2751.35,8.16,3.98,1047,126.78,Wheat
105,59,23,5.68,13.14,0.32,2.08,14.24,42.8,1310.18,10.83,10.88,1719,278.99,Sugarcane
63,72,102,5.71,51.92,1.11,2.33,29.31,66.32,1021.62,5.21,15.36,1742,140.46,Sugarcane
93,50,78,6.2,54.12,0.55,2.57,37.59,70.45,2209.61,7.15,8.54,1206,170.83,Rice
138,16,58,5.76,49.3,1.07,0.15,35.77,77.05,2656.37,5.39,4.82,2451,129.11,Rice
141,18,27,8.16,51.04,0.66,1.51,29.71,89.45,2887.44,8.37,9.18,159,119.49,Rice
153,13,60,4.67,38.07,1.13,0.89,15.52,43.88,816.41,8.93,7.27,134,315.22,Tomato
70,58,10,5.44,23.24,0.68,2.08,33.53,30.91,1047.76,11.31,1.85,1284,161.13,Maize
57,85,36,7.73,42.16,1.42,0.81,34.7,60.03,2736.41,10.65,18.53,2431,120.02,Rice
70,15,73,7.84,31.98,0.38,1.74,35.49,85.44,955.97,9.17,1.2,648,96.86,Tomato
29,30,69,4.95,10.27,0.29,2.16,22.12,44.93,1167.67,10.2,1.78,281,318.21,Wheat
139,24,100,8.4,33.84,1.22,2.33,22.27,75.35,1990.49,9.03,6.71,464,305.6,Rice
89,76,98,7.27,42.56,0.72,0.88,14.65,49.17,1790.78,8.57,15.76,2015,286.25,Wheat
104,75,50,5.59,10.69,0.81,0.35,33.18,53.47,2657.98,4.38,10.29,2035,114.26,Rice
76,65,30,6.32,41.07,1.41,0.73,32.12,86.86,1913.18,4.2,10.71,2333,257.39,Rice
145,77,23,5.69,42.63,0.97,1.84,12.99,57.66,1568.86,10.82,12.72,260,187.06,Sugarcane
58,41,29,5.1,17.91,1.06,0.22,10.6,73.52,407.05,6.26,1.76,2218,155.52,Cotton
52,75,101,5.66,31.55,0.23,0.56,38.55,62.99,2930.07,6.81,19.22,1777,317.39,Rice
37,38,94,6.82,58.22,1.07,2.99,10.52,75.83,1382.48,7.59,11.44,2415,284.76,Wheat
76,75,96,7.8,54.21,0.7,1.21,28.86,49.04,1803.22,4.34,16.65,1159,267.08,Rice
115,43,20,5.95,30.54,0.8,1.54,23.61,82.61,1605.68,11.69,9.15,601,63.96,Rice
67,36,75,5.89,27.49,1.25,0.13,33.32,62.94,2266.3,4.82,9.28,2323,183.87,Rice
61,69,93,6.37,16.2,0.88,1.82,12.63,48.55,2010.06,11.75,4.2,1740,68.41,Wheat
46,48,33,7.08,11.76,1.48,1.04,30.47,32.29,1159.48,9.66,7.84,2391,285.7,Cotton
93,53,98,7.51,24.87,1.24,1.64,28.45,30.79,1656.12,11.54,4.51,2319,84.94,Rice
129,45,46,5.81,57.01,1.15,1.63,35.61,51.2,2512.9,4.42,18.34,660,72.51,Rice
51,28,95,6.85,57.93,0.97,2.91,25.56,42.94,1973.68,7.58,7.24,1659,274.69,Rice
45,54,33,6.06,50.63,0.74,0.88,31.85,33.16,2872.85,11.62,8.59,499,317.33,Rice
44,30,24,7.37,27.54,0.27,1.75,23.13,63.17,2311.04,9.17,3.55,758,57.22,Rice
94,32,21,5.16,17.18,0.22,1.21,39.52,89.33,1558.53,8.37,19.85,1109,176.21,Rice
42,36,119,5.53,39.78,0.26,1.32,26.78,55.34,2459.63,9.37,11.86,1620,230.66,Rice
76,81,104,6.2,42.33,1.45,0.26,32.61,63.13,1438.13,5.49,11.92,1738,183.5,Cotton
145,28,116,8.06,31.23,0.62,2.1,12.79,43.19,796.93,9.97,3.76,2324,278.08,Wheat
106,50,73,6.79,44.58,1.11,0.67,23.88,42.29,1963.19,6.21,13.91,1707,51.68,Rice
50,35,40,8.36,47.33,0.97,1.46,11.93,49.7,1190.9,6.25,13.94,1104,239.32,Wheat
83,37,62,4.91,49.15,0.94,1.36,13.65,80.1,269.62,8.78,18.18,2436,192.77,Cotton
52,73,103,6.34,35.11,0.95,1.46,25.18,87.63,799.41,4.17,6.39,394,309.97,Millet
21,77,114,6.18,49.58,0.59,1.19,20.57,74.38,667.82,4.43,17.53,69,74.09,Cotton
37,89,93,6.9,11.27,1.35,0.8,23.79,31.23,2425.62,4.13,9.43,1928,98.25,Rice
103,60,81,7.75,44.02,1.39,1.4,24.88,56.3,2234.8,10.13,5.28,763,84.86,Rice
54,83,53,7.87,21.78,1.04,0.23,14.79,55.24,1920.67,4.22,13.55,422,139.49,Wheat
133,57,39,7.18,23.53,1.32,0.8,20.97,86.11,2816.13,4.77,1.62,2181,248.83,Rice
129,19,44,7.07,14.57,0.28,2.38,35.82,74.73,698.71,8.85,17.3,5,92.99,Millet
107,82,30,8.3,19.62,0.33,2.54,35.7,72.86,656.95,7.8,2.24,2202,156.87,Millet
91,48,113,6.03,59.6,0.93,2.17,24.72,63.89,2745.43,6.93,8.58,1038,216.03,Rice
144,28,72,7.83,30.77,1.3,1.93,32.47,68.75,2011.29,6.85,3.72,1111,104.25,Rice
49,73,101,8.19,56.39,0.61,2.45,32.61,71.92,1761.28,10.88,9.94,1249,305.9,Rice
72,28,112,6.47,18.14,0.91,0.47,11.32,63.15,2271.7,4.62,19.19,1880,77.48,Wheat
157,85,26,7.42,20.2,0.21,1.62,28.33,80.69,988.68,11.41,3.71,66,110.61,Potato
106,71,21,6.01,37.89,1.48,0.44,34.14,32.21,1865.68,5.89,3.04,331,321.67,Rice
158,22,27,5.14,27.48,1.2,2.36,27.82,86.48,1395.32,7.9,4.76,1810,249.06,Sugarcane
32,34,101,6.85,42.2,0.67,1.61,26.25,76.42,1059.52,11.66,18.83,344,247.86,Potato
59,51,69,5.29,31.1,1.48,2.45,25.94,61.74,2653.67,9.11,6.34,2490,296.27,Rice
108,48,76,6.33,50.58,0.32,2.42,25.24,81.62,649.85,6.01,12.53,751,219,Millet
87,39,24,7.99,31.58,0.8,1.45,33.35,79.68,250.08,11.86,6.48,2062,301.75,Millet
61,14,25,4.84,38.62,0.28,1.54,29.27,55.16,1205.49,10.52,14.67,949,321,Wheat
113,27,31,4.62,26.05,0.64,0.18,16.47,80.39,755.53,6.51,12.99,172,345.17,Sugarcane
38,30,104,6.93,45.2,0.49,1.62,23,41.3,2470.88,8.79,19.23,1999,333.46,Rice
42,59,72,5.82,42.74,0.61,2.06,25.86,58.15,554.58,8.45,7.25,2494,263.13,Millet
73,15,40,6.17,29.85,1.43,0.78,22.57,43.94,2824.97,8.93,6.94,733,93.87,Rice
84,59,10,6.12,23.8,0.76,2.96,17.13,37.46,669.11,4.98,15.8,1736,251.3,Wheat
159,89,84,4.85,40.71,0.62,2.93,13.74,83.68,2689.92,9.16,4.01,1162,92.9,Sugarcane
43,75,15,4.51,57.16,1.03,0.92,13.52,52.02,671.46,5.71,14.83,1304,133.1,Wheat
53,10,96,8.09,16.63,1.09,2.17,18.89,71.06,334.23,6.55,15.67,1060,65.41,Wheat
72,66,18,5.37,49.96,1.48,0.19,22.08,52.51,1565.97,8.36,17.31,2449,174.25,Rice
155,39,61,6.2,37.15,0.91,2.03,30.49,62.65,1197.83,5.7,14.11,950,275.88,Sugarcane
37,67,89,8.39,36.28,1.18,1.91,39.55,50.88,1873.94,11.14,4.17,395,104.1,Rice
76,61,71,7.81,58.08,0.7,2.48,36.92,74.56,1994.02,7.34,7.38,2433,108.14,Rice
131,46,67,4.93,40.29,0.42,0.98,34.41,77.19,2816.26,5.32,2.06,2176,244.83,Rice
24,57,111,6.53,51.53,0.76,2.65,34.41,55.83,2867.61,4.49,15.3,272,131.97,Rice
32,10,117,7.42,35.72,0.74,2.59,27.88,81.58,1585.93,10.25,14.13,1303,178.93,Rice
102,28,28,7.29,22.49,0.75,2.04,17.58,51.32,784.27,10.63,10.78,2212,136.04,Wheat
48,55,118,7.54,44.72,1.1,1.47,24.16,75.75,892.35,4.64,19.59,2204,175.47,Pulses
22,76,22,6.33,56.16,0.73,1.89,14.28,69,479.15,8.34,7.08,1235,147.89,Wheat
109,11,41,5.2,52.06,1.44,2.22,26.99,57.36,983.64,9.23,17.92,1074,329.78,Pulses
123,65,109,6.36,19.92,1.48,2.93,10.69,83.34,2751.88,11.27,4.45,941,179.03,Wheat
142,26,18,7.09,25.84,0.88,0.45,15.68,64.34,1220.89,4.39,19.15,1270,334.32,Wheat
95,88,119,6.93,35.84,0.93,1.01,31.37,80.41,1962.66,6.78,6.49,559,181.47,Rice
149,31,119,4.78,38.58,0.73,2.36,18.31,74,2947.48,4.96,16.32,1048,107.09,Sugarcane
127,36,58,4.76,19.69,0.66,1.29,22.6,61.95,498.86,7.43,3.13,1296,332.81,Rice
101,64,46,8.36,21.5,1.48,2.05,34.96,49.59,2371.06,6.98,8.77,2262,144.58,Rice
96,41,40,5.11,47.94,0.25,0.49,11.34,87.07,2159.13,8.76,19.35,2327,181.45,Potato
21,69,40,5.68,46.52,0.73,2.16,10.68,33.4,2493.31,9.4,6.91,489,119.92,Barley
146,37,68,7.57,51.96,0.4,2.05,16.87,83.67,584.07,11.72,15.83,1294,264.69,Wheat
154,37,64,6.14,56.65,1.14,1.8,30.53,60.38,1604.99,5.3,10.2,1276,311.94,Rice
45,83,28,5.23,25.41,0.45,2.32,17.08,74.92,1969.6,10.39,12.5,940,78.07,Barley
107,34,72,6.37,52.98,1.35,2.65,35.91,50.05,2328.23,10.77,12.37,1025,128.7,Rice
35,87,11,6.78,43.3,0.69,2.5,20.56,53.05,2195.37,8.52,11.83,1801,332.02,Rice
92,35,54,6.31,57.89,1.39,0.47,18.51,41.45,1798.71,10.3,10.18,2238,201.21,Wheat
51,84,105,8.18,23.6,1.48,2.26,16.99,87.26,1513.67,6.8,4.62,2316,326.43,Wheat
34,80,52,5.64,23.48,1.2,1.4,27.22,32.6,2836.8,4.28,1.23,1946,244.3,Rice
24,26,107,7.15,45.21,1.01,1.07,35.69,53.21,708.99,5.21,13.87,451,310.09,Millet
93,16,10,4.95,56.42,0.39,2.65,22.18,50.08,772.15,5.34,14.41,211,255.99,Cotton
71,65,94,6.07,51.23,1.41,1.72,17.58,78.78,511,11,15.7,239,76.63,Wheat
96,73,70,7.46,46.35,1.21,1.55,22.63,60.1,515.48,11.66,18.69,512,267.31,Cotton
129,29,12,5.4,29.37,0.57,2.38,37.14,40.15,2645.77,7.22,4.09,959,168.35,Rice
125,47,100,6.86,45.89,0.81,1.7,20.04,60.54,1898.27,9.25,17.92,1888,75.33,Rice
146,84,53,5.11,50.05,0.29,2.59,29.67,44.16,2818.26,6.43,5.48,1198,298.35,Rice
26,67,16,4.91,47.66,1.06,0.4,19.89,31.03,2683.22,7.56,11.3,2154,338.36,Wheat
59,25,42,6.59,43.84,0.36,2.35,30.24,62.67,1041.44,8.97,5.93,248,267.04,Wheat
118,60,18,7.2,12.36,1.05,0.58,36.43,51.62,1995.69,10.85,3.64,529,77.59,Rice
104,36,39,4.95,42.99,1.07,0.75,27.96,44.33,1262.43,7.41,1.98,1753,150.89,Sugarcane
84,60,27,8.17,33.91,0.62,0.62,38.42,40.33,2653.29,9.59,7.53,271,159.67,Rice
151,84,65,5.4,58.08,1.43,0.79,28.05,57.22,2255.9,5.99,19.46,698,313.13,Rice
30,25,99,4.98,40.36,1.21,2.22,39.25,82.18,545.75,6.63,9.98,2036,228.74,Millet
127,69,93,5.31,40.41,0.85,2,31.71,75.49,909.21,5.76,1.71,2090,108.51,Millet
45,85,111,5.18,59.7,1.39,0.77,29.58,30.28,2041.22,10.92,13.82,801,65.92,Rice
104,49,114,4.86,14.68,1.31,0.88,34.89,73.87,889.18,4.95,4.83,1996,188.13,Wheat
142,76,40,7.69,23.82,1.1,0.39,10.33,34.36,1695.31,10.16,2.11,933,219.2,Wheat
87,11,81,6.48,42.8,0.4,1.3,17.72,62.88,883.91,9.05,16.06,1543,274.09,Wheat
123,57,72,6.05,25.76,0.85,1.2,16.48,76.8,2111.07,9.2,9.48,2139,279.74,Wheat
99,61,96,8.3,27.31,1.32,0.52,13.33,57.2,410.04,11.02,19.57,175,84.22,Wheat
72,33,59,5.98,54.63,0.99,2.52,38.13,52.6,2219.43,8.25,14.58,632,305.09,Rice
125,87,98,5.17,38.97,0.91,2.57,13.93,86.37,1143.62,4.61,6.48,438,108.9,Sugarcane
63,11,10,5.6,15.14,1.44,0.42,17.89,31.76,1469.86,11.45,19.65,724,206.2,Potato
159,74,119,5.46,25.54,0.22,0.87,20.05,36.36,1554.01,6.7,17.55,1637,61.28,Rice
109,29,91,6.49,13.8,0.22,2.23,28.74,82.22,744.26,4.24,7.01,1938,77.74,Millet
120,43,28,5.67,37.81,1.36,2.62,33.02,83.17,2838.05,8.27,6.52,342,237.15,Rice
116,50,115,6.56,18.66,0.25,0.31,28.14,52.36,200.46,6.87,10.55,2078,238.97,Millet
28,50,73,7.18,52.86,0.63,2.72,32.47,62.41,1243.69,11.29,11.29,1122,197.27,Potato
31,84,62,7.61,38.87,1.4,0.28,22.06,39.86,559.88,8.09,11.99,711,233.68,Potato
88,32,15,7.34,12.97,1.1,1.94,39.87,83.06,1207.79,4.43,5.13,2162,272.76,Rice
47,47,26,5.32,25.04,1.04,0.16,15.1,58.14,491.05,5.9,2.04,1245,267.56,Pulses
75,53,55,4.96,40.82,1.05,2.79,21.99,63.85,1260.38,5.79,11.29,169,268.65,Tomato
118,76,118,6.67,26.77,0.61,1.13,34.97,37.08,742.86,10.11,12.52,1970,124.91,Millet
129,71,81,5.3,35.66,0.89,1.98,17.4,66.89,1750.6,4.53,19.2,1617,266.61,Sugarcane
96,21,115,4.84,55.47,1.02,0.64,32.53,71.75,233.48,6.6,11.33,2014,277.15,Millet
122,39,82,6.61,27.5,0.6,1.03,20.93,47.68,1617.07,9.37,3.97,1054,191.34,Rice
125,74,110,5.81,26.79,1.23,2.27,15.33,83.77,991.74,8.91,6.84,941,184.46,Sugarcane
128,50,64,7.52,50.99,0.62,2.92,22.1,42.23,1100.08,9.18,1.99,330,54,Sugarcane
131,29,100,5.76,25.94,0.29,2.98,33.54,83.84,1193.11,8.47,1.29,1944,314.09,Sugarcane
77,15,109,8.41,13.9,0.46,2.45,13.36,72.2,2027.62,5.41,10.08,337,213.4,Wheat
97,84,15,7.53,19.05,0.73,2.56,25.48,79.85,2321.76,9.39,13.58,2319,211.46,Rice
94,13,79,4.73,57.44,1.38,2.91,32.24,71.95,1123.17,11.61,19.08,1905,285.17,Rice
61,19,118,6.54,56.66,0.74,0.22,32.55,55.71,2789.98,4.33,13.04,1094,204.01,Rice
87,60,77,6.75,21.24,0.32,0.59,21.69,49.89,2289.46,6.89,4.44,142,181.01,Rice
52,47,95,7.28,37.68,0.46,0.25,23.99,74.04,1330.74,6.33,18.24,1360,59.09,Tomato
90,10,49,6.49,16.87,0.91,1.55,35.7,47.89,473.85,5.18,17.72,1483,250.69,Millet
75,17,100,6.43,43.73,0.43,2.88,16.25,33.71,1768.95,6.12,8.74,2122,183.07,Wheat
124,72,110,5.97,19.27,0.28,1.79,39.78,44.82,1918.54,4.2,10.93,713,332.33,Rice
120,42,75,5.59,12.49,1.13,1.71,22.58,75.31,581.66,9.14,10.49,121,303.71,Rice
70,24,18,8.28,51.24,1.22,2.5,18.26,77.59,2585.67,8.9,9.37,671,72.39,Wheat
93,40,20,5.77,26.27,1.31,2.79,10.08,46.6,1268,8.03,7.27,1492,266.71,Maize
140,30,29,4.75,15.43,1.3,2.13,13.75,49.68,626.64,6.51,19.75,1641,243.69,Sugarcane
24,12,52,5.17,51.7,0.69,2.7,32.7,62.96,1658.46,11.81,18.26,1755,299.24,Rice
102,75,112,7.93,48.12,1.15,0.61,29.48,45.72,1381.71,8.95,7.34,1084,343.48,Sugarcane
70,44,67,6.85,44.19,0.96,1.56,17.4,66.37,1998.04,11.1,12.67,2354,192.14,Wheat
29,50,87,7.62,55.56,0.23,1.16,37.81,46.92,683.2,6.45,2.62,892,276.61,Millet
159,68,35,7.74,34.46,0.72,1.06,35.07,37.25,258.14,10.04,15.16,1966,301.68,Millet
23,25,47,7.79,16.4,0.27,0.72,18.08,39.29,1534.09,4.05,17.03,1231,237.24,Wheat
114,65,103,6.7,13.07,0.31,2.69,19.9,45.03,640.16,9.41,9.87,56,98.81,Wheat
99,54,45,5.21,25.92,0.27,1.41,15.54,40.07,638.05,9.99,2.44,1272,89.09,Cotton
55,68,111,5.09,14.34,1.45,1.64,29.28,88.46,2098.19,6.16,12.06,1356,264.53,Rice
44,59,108,6.8,36.78,1.3,0.9,31.03,69.5,924.56,11.98,2.04,1053,343.11,Rice
117,21,64,5.97,10.72,0.77,2.89,21.88,40.76,2551.97,7.99,16.5,676,136.02,Rice
120,21,15,6.73,32.19,0.52,1.87,32.11,55.43,1641.27,6.96,12.12,517,316.4,Rice
28,42,12,6.49,18.92,0.29,0.1,39.75,46.15,1902.63,5.48,17.55,1689,349.4,Rice
80,58,74,6.91,28.41,0.76,0.88,28.36,71.07,1098.54,5.24,8.2,156,137.81,Millet
72,30,73,4.63,43.75,0.98,3,29.48,82.04,826.68,5.65,5.75,1555,94.37,Wheat
82,69,67,4.63,27.55,1.24,2.93,21.22,54.05,645.11,8.29,18.84,2084,150.53,Cotton
140,61,67,7.39,27.07,0.27,1.68,10.32,55.73,2179.83,8.29,18.12,2267,204.35,Wheat
124,63,27,5.27,59.54,0.74,1.74,38.62,53.91,2129.56,8.24,2.25,17,131.27,Rice
23,48,32,7.11,45.94,1.47,2.71,33.17,56.95,1579.49,10.88,17.4,2241,339.27,Rice
112,58,105,6.69,35.69,0.36,2.15,30.87,32.15,2387.67,4.01,18.63,1864,92.1,Rice
47,73,38,8.43,38.97,0.72,2.8,10.89,65.56,2447.26,6.14,9.61,1053,138.03,Wheat
99,35,32,7.84,41.01,0.56,1.49,32.77,87.12,1438.1,11.09,17.96,139,138.33,Rice
95,80,45,6.15,11.23,0.37,2.93,30.1,77.12,2023.23,4.8,9.5,1220,213.73,Rice
135,16,79,6.97,14.01,1.29,1.66,27.07,81.68,2753.89,5.56,2.09,2486,243.17,Rice
88,81,90,4.97,42.46,1.11,1.97,28.71,43.75,428.06,6.61,11.38,1318,62.34,Millet
117,71,91,6.05,28.22,0.74,0.34,37.55,66.43,233.96,10.5,18.78,1786,333.45,Millet
20,33,104,7.44,12.77,0.68,1.87,10.2,83.58,1525.41,8.67,11.15,2497,319.77,Wheat
115,49,15,6.99,24.88,1.28,2.33,14.71,34.12,1128.87,8.45,3.64,263,348.22,Wheat
36,85,43,6.44,16.51,0.32,1.37,36.84,82.64,443.62,11.4,9.35,1456,175.12,Millet
131,56,53,5.21,55.82,0.39,1.56,10.25,33.87,619.35,7.9,3.02,1466,50.46,Wheat
110,17,53,7.71,20.15,1.38,1.24,37.11,88.98,921,11.58,12.12,2398,250.71,Potato
107,63,36,5.59,17.18,1.26,2.91,10.89,35.04,478.31,5.07,12.87,1033,88.95,Cotton
109,18,109,7.78,41.31,1.21,1.48,33.38,52.08,1093.42,7.2,13.62,1380,202.82,Sugarcane
68,12,61,6.95,36.1,1.01,0.47,36.73,33.28,571.84,10.58,2,2236,78.14,Millet
57,63,51,5.99,38.8,0.58,0.18,28.38,33.41,1949.14,5.2,17.11,1696,228.9,Rice
151,30,34,4.66,31.8,1.42,2.34,29.24,81.98,2150.55,5.4,18.42,1598,334.88,Rice
78,57,83,5.43,33.36,0.84,1.69,11.52,33.82,2371.37,7.05,6.45,392,193.65,Barley
87,56,48,8.06,48.94,0.56,0.11,16.33,77.56,2635.34,11.43,15.88,814,72.8,Wheat
149,77,119,7.77,21,0.68,1.21,36.98,84.41,208.67,5.46,10.18,1182,55.79,Millet
68,72,48,6.8,29.83,0.22,2.75,34.71,86.1,693.92,11.64,11.09,212,62.68,Millet
145,25,21,6.37,57.89,0.53,2.85,11.79,81.84,2481.04,9.38,5.61,1858,82.07,Wheat
130,83,20,7.09,19.5,0.44,0.26,34.39,87.31,285.37,7.77,18,522,212.92,Millet
67,14,116,6.36,24.69,0.38,0.46,22.7,33.11,2063.24,4.14,19.21,344,85.66,Rice
70,20,12,7.08,19.58,0.24,0.11,26.82,89.8,706.12,8.2,13.44,2364,127.18,Millet
62,38,31,5.73,11.02,0.49,2.62,13.25,31.23,1618,7.33,3.88,1123,141.18,Potato
117,88,13,7.85,23.49,0.33,0.31,21.96,39.99,2894.46,10.33,11.16,1964,62.26,Rice
143,79,17,7.31,12.32,0.26,0.41,23.05,34.86,2016.36,8.47,6.75,1725,149.75,Rice
99,57,23,5.82,17.73,0.38,0.76,30.08,74.64,1231.02,11.79,9.57,1446,105.63,Maize
130,24,93,7.82,28.13,0.46,2.76,29.73,35.22,2129.21,4.9,13.82,897,80.77,Rice
46,43,97,6.45,11.04,0.74,2.1,26.47,47.56,215.57,11.32,2.34,1226,330.74,Millet
132,69,23,5.2,47.65,0.96,1.89,10.94,68.28,2861.4,7.04,4.86,75,255.73,Sugarcane
105,71,101,4.81,49.78,0.62,2.38,14.85,59.88,1164.45,8.06,15.25,1667,125.97,Sugarcane
133,11,25,7.3,30.57,0.38,2.11,14.81,38.17,2944.33,10.83,1.73,532,143.24,Wheat
143,89,41,7.96,59.23,1.42,2.26,36.63,61.29,2093.96,9.48,12.44,2341,198.24,Rice
68,28,73,7.73,43.95,0.87,0.31,37.05,50.44,1004.58,11.57,6.08,674,328.14,Tomato
95,58,85,7.12,47.19,1.16,1.81,34.19,65.16,1922.75,11.88,18.15,2171,85.64,Rice
74,87,25,5.07,19.62,1.1,2.28,15.25,62.31,1264.7,9.13,16.83,1881,250.83,Potato
75,37,61,4.88,51.87,0.57,1.74,35.2,89.37,1999.83,8.48,18.47,296,325.69,Rice
114,57,28,5.88,57.25,0.93,0.13,15.63,81.81,2413.85,6.02,2.78,1120,228.31,Sugarcane
63,46,78,7.92,21.82,0.98,0.71,26.64,30.22,1518.23,6.2,19.9,1228,303.91,Rice
106,83,21,8.35,44.32,0.66,2.89,32.02,40.56,821.93,6.03,3.73,1560,246.05,Barley
103,58,102,5.47,47.35,1.07,2.14,11.55,84.79,2948.07,10.28,17.53,1275,79.48,Sugarcane
35,57,14,7.55,25.26,1.23,2.1,27.94,62.37,1355.41,8.92,8.14,881,205.58,Maize
56,82,51,6.8,33.75,0.67,2.01,17.53,75.57,693.89,9.89,19.15,63,60.92,Wheat
96,38,26,4.63,14.88,0.22,0.47,24.94,60.21,2269.8,10.53,1.02,1163,204.63,Rice
64,69,81,6.67,18.65,0.65,0.11,21.52,77.15,2034.78,11.15,14.09,30,211.26,Rice
81,38,113,7.72,13.08,0.35,1.38,30.6,37.97,2486.47,5.18,19.92,158,269.49,Rice
119,67,113,5.6,38.01,0.4,1.39,24.68,74.27,204.69,11,14.18,801,61.22,Cotton
71,57,103,8.09,41.26,0.68,2.45,19.05,82.18,1172.48,9.17,14.42,1529,159.61,Wheat
38,32,19,5.45,55.81,0.47,0.63,37.31,45.94,1080.68,11.34,13.68,218,272.22,Wheat
128,36,93,4.81,37.11,1.42,0.9,38.77,52.1,2786.75,11.43,19.61,1428,180.71,Rice
63,16,118,5.14,23.03,1.05,0.33,34.06,65.43,1179.07,7.41,14.63,1044,308.56,Potato
26,58,25,7.85,12.97,0.87,1.26,27.42,82.09,1676.25,9.71,10.44,768,250.91,Rice
136,63,114,6.17,54.25,0.21,0.84,36.53,84.47,209.87,10.61,5.71,1820,244.04,Millet
87,77,25,7.69,33.94,0.33,0.86,28.05,62.07,2462.81,6.06,15.76,462,158.22,Rice
53,87,51,6.62,46.87,1.23,0.84,14.46,69.48,519.14,7.89,4.06,196,114.29,Wheat
88,51,12,6.42,10.73,0.71,0.77,10.52,82.37,2670.53,6.07,2.18,726,262.09,Wheat
74,83,32,7.73,34.41,0.26,1.03,31.78,43.88,2258.31,4.71,15.5,1203,123.5,Rice
29,68,95,6.19,26.29,1.27,1.66,32.57,79.51,1757.89,9.58,8.01,1645,314.05,Rice
61,53,37,7.71,11.52,0.59,1.37,37.77,45.71,2297.44,8.58,5.03,2305,328.66,Rice
60,35,119,4.9,48.78,0.7,0.28,34.73,64.86,2420.09,7.2,15.57,67,251.18,Rice
141,32,54,7.05,35.65,1.47,1.33,29.19,86.08,2304.87,5.7,17.49,1153,52.85,Rice
157,82,109,7.31,26.66,0.22,2.55,15.71,60.69,2050.51,5.52,3,219,317.01,Wheat
29,17,77,8.1,50.29,1.14,0.39,27.82,35.6,2665.93,6.24,8.88,578,95.47,Rice
121,62,111,5.4,32.35,1.43,2.84,23.04,83.75,1384.46,11.86,1.45,2269,202.05,Sugarcane
147,23,33,6.92,10.17,0.28,0.99,16.96,65.1,1785.27,11.7,16.73,422,74.02,Wheat
155,80,28,6.23,57.22,1.33,0.14,33.97,34.27,2914.26,10.76,1.16,1530,254.28,Rice
111,16,84,6.03,22.78,0.74,0.83,14.49,30.63,1242.29,4.55,8.42,1992,189.61,Wheat
132,18,49,4.93,51.53,1.34,0.3,28.91,45.68,2302.57,10.65,18.15,2451,339.79,Rice
97,12,55,5.04,50.82,0.6,1.74,28.32,37.22,1297.05,10.05,12.08,1447,154.53,Barley
104,87,49,7.85,18.12,1.48,1.02,19.11,67.71,1516.48,11.51,16.25,720,58.87,Wheat
49,26,71,7.5,33.7,1.04,2.44,22.88,65.8,1139.77,7.73,3.56,296,348.79,Wheat
68,53,119,6.03,12.01,1.02,2.22,13.5,80.45,628.61,8.12,3.18,915,80.63,Wheat
28,55,112,7.81,27.73,1.25,1.46,10.77,60.8,2922.17,8.54,7.73,845,240.54,Wheat
88,67,27,4.82,46.55,0.77,1.73,10.39,45.19,1452.46,8.37,13.79,653,196.36,Wheat
77,37,21,7,21.85,0.54,1.87,15.23,33.02,982.17,6.51,4.1,316,76.1,Wheat
81,23,23,7.97,15.86,0.54,0.89,36.01,30.63,2009.59,5.29,2.25,554,256.34,Rice
71,18,91,7.86,35.36,0.63,0.5,25.68,85.55,510.6,9.69,19.54,1401,55.83,Millet
59,35,70,5.99,36.85,1,1.19,13.51,38.67,1721.54,11.3,6.52,1143,274.09,Potato
82,11,117,7.48,43.79,1.29,0.38,37.16,59.95,1807.53,9.33,12.86,200,182,Rice
69,84,115,6.21,47.96,0.85,1.01,27.07,77.69,748.67,10.63,13.53,655,246.8,Millet
97,43,21,7.86,44.79,0.72,1.7,10.84,85.72,2886.92,8.17,1.73,454,240.53,Wheat
116,28,113,6.62,52.27,1.23,1.67,32.88,42.1,1865.1,8.04,11.75,1835,290.96,Rice
62,48,36,7.56,21.15,0.58,0.45,24.2,43.92,823.33,11.88,4.81,861,182.92,Pulses
55,22,15,4.81,38.49,1.1,0.12,25.99,40.78,2533.63,11.96,2.71,59,163.19,Rice
141,14,97,6.86,28,0.34,0.36,28.4,39.54,1059.71,8.87,8.54,2491,236.95,Sugarcane
127,59,42,6.7,58.11,0.35,0.2,12.83,57.3,2243.75,6.97,16.06,921,312.45,Wheat
29,32,118,6.94,32.01,1.04,1.26,38.43,68.15,1959.45,6.98,19.41,751,141.52,Rice
114,38,89,7.28,57.99,0.31,1.23,17.66,72.38,647.11,9.37,10.41,1190,306.67,Wheat
25,81,59,8.17,48.45,0.4,0.8,28.65,49.63,464.53,5.79,17.86,2355,324.6,Millet
76,35,21,7.64,45.92,1.01,0.72,35.67,67.43,1901.03,11.84,18.96,954,63.93,Rice
148,88,104,5.38,34.58,0.77,1.25,19.96,30.14,2071.25,9.7,9.42,1241,141.53,Sugarcane
90,66,66,7.8,32.17,0.93,0.35,28.83,83.3,566.96,5.29,3.76,422,172.37,Millet
40,10,110,4.99,36.33,1.47,0.72,39.67,82.19,683.61,6.91,6.89,1637,88.57,Millet
111,37,62,6.99,24.68,1.02,1.28,35.55,62.65,340.25,5.79,8.36,977,348.05,Millet
146,71,22,8.03,55.23,0.97,0.38,33.38,44.6,576.6,4.69,9.64,283,149.64,Millet
99,56,81,4.9,49.72,0.69,2.54,23.18,88.33,1846.62,9.16,13.25,1960,225.02,Rice
75,87,111,7.9,50.07,1.02,2.06,23.54,78.64,761.78,4.84,13.26,551,301.7,Rice
135,68,12,7.69,31.66,0.22,1.21,24.57,31.02,1008.25,7.17,11.32,252,234.19,Sugarcane
44,40,73,6.52,13.55,0.92,0.54,30.71,58.18,1754.7,9.36,5.34,1684,208.41,Rice
24,79,93,5.74,44.15,0.29,0.66,14.33,36.12,1359.6,5.29,7.91,2107,319.96,Potato
139,58,67,6.12,28.72,0.49,0.45,35.83,37.93,2566.63,11.07,8.86,1099,233.71,Rice
40,14,13,8.37,53.52,0.93,0.56,10.54,30.08,1798.97,5.48,13.61,2244,290.96,Wheat
37,40,117,5.31,49.02,1.07,1.33,15.1,71.26,569.78,8.89,3.69,1473,248.67,Pulses
76,46,54,6.82,17.27,0.7,0.81,24.45,45.15,1276.1,11.39,5.59,778,103.68,Wheat
112,88,75,4.83,40.09,0.74,2.67,17.56,48.29,924.54,4.76,6.39,1825,258.18,Wheat
38,24,45,5.37,44.61,0.85,2.89,20.97,32.82,925.16,4.84,10.85,2434,285.4,Pulses
147,61,32,7.55,38.41,1.19,2.1,19.98,30.48,918.11,5.01,15.39,1717,301.84,Wheat
116,78,118,5.71,35.7,0.22,2.45,18.07,77.56,1371.46,6.86,17.04,854,52.97,Sugarcane
150,20,28,8.44,21.39,0.78,0.84,21.41,69.68,569.78,9.37,15.1,305,166.94,Rice
40,52,49,6.5,21.8,0.22,2.03,25.16,52.94,906.7,8.31,15.22,185,180.07,Potato
59,79,81,6.57,48.4,0.61,0.27,24.29,34.19,2164.11,6.39,5.58,1568,81.2,Rice
86,32,25,4.65,10.93,0.88,2.88,34.36,76.55,2516.84,8.94,17.81,2435,130.18,Rice
146,49,67,8.33,48.95,0.3,2.04,19.24,85.58,238.51,7.57,2,197,336.07,Wheat
74,72,116,5.2,36.34,0.83,1.02,18.46,61.65,433.68,6.82,11.26,1493,85.95,Maize
128,11,27,6.65,56.81,1.4,2.34,25.13,38.34,2594.13,7.06,2.68,968,138.75,Rice
117,88,45,6.08,59.87,1.09,0.15,11.44,69.15,801.03,6.87,12.42,671,318.47,Wheat
131,82,33,6.16,43.17,1.22,1.19,13.35,34.29,1074.09,8.09,1.9,768,341.84,Wheat
134,56,10,7.07,30.61,0.95,2.7,34.09,39.93,1143.85,7.04,13.18,247,255.61,Sugarcane
136,39,10,7.15,33.75,1.37,0.86,24.81,58.24,2624.45,6.56,1.64,101,152.76,Rice
106,25,73,5.12,20.21,0.39,2.04,12,44.94,655.72,6.57,4.14,1450,311.67,Sugarcane
100,68,71,6.5,14.96,0.78,1.14,23.21,85.81,2475.11,5.75,15.31,2233,286.41,Rice
85,56,119,7.66,38.94,0.98,1.24,21.95,78.53,1509.54,5.68,6.75,2275,302.63,Rice
38,39,45,6.27,50.27,1.34,2.26,17.38,46.61,2392.87,6.29,17.8,772,219.65,Wheat
154,18,84,5.16,23.09,0.6,2.74,21.16,87.83,2126.55,11.78,2.86,930,58.48,Rice
137,74,27,5.75,30.98,0.2,0.58,15.65,52.7,2249.88,5.63,11.08,1014,144.63,Sugarcane
61,68,25,5.35,37.74,1.47,0.9,23.47,64.1,518.77,7.56,18.59,1975,328.89,Wheat
61,73,26,5,55.39,0.23,1.51,22.26,63.84,1064.58,11.27,8.85,237,157.15,Barley
78,17,33,6.01,16.93,0.4,1.88,28.23,68.98,836.05,4.09,7.23,1939,195.01,Millet
39,61,107,6.66,21.84,0.75,1.46,38.26,44.62,552.58,8.84,19.35,1152,236.98,Millet
92,27,77,4.79,55.93,0.85,2.44,15.56,85.32,1989.86,10.96,9.06,2286,273.95,Rice
36,67,108,6.92,11.98,1.28,2.33,22.52,45.94,2146.37,5.34,14.28,2482,312.91,Rice
46,58,88,8.47,42.81,0.78,1.28,26.87,69.89,596.15,10.5,18.48,1853,120.42,Millet
21,41,11,8.36,41.98,0.91,0.22,26.41,75.95,2351.82,9.17,1.2,2147,230.75,Rice
82,57,104,7.82,29.16,0.46,0.66,29.84,82.89,1003.11,10.57,11.82,949,124.88,Sugarcane
81,54,82,5.57,33.41,0.94,1.51,18.04,57.42,1255.03,4.57,14.56,2041,319.91,Maize
119,63,19,4.59,52.75,0.65,2.79,29.04,72.7,2981.11,4.57,8.96,1422,236.81,Rice
38,55,62,7.83,18.25,0.33,1.75,16.04,35.12,737.56,5.14,13.79,577,181.81,Wheat
36,40,98,4.72,21.58,1.43,1.64,13.76,76.68,530.74,11.83,16.32,264,243.63,Potato
88,46,60,5.32,35.62,0.31,2.2,34.95,75.34,951.83,11.04,7,2079,253.7,Potato
136,25,78,6.68,30.49,1.08,0.54,24.21,54.64,2809.05,8.58,7.14,162,81.02,Rice
100,55,23,5.21,38.72,1.38,0.53,21.92,48.81,536.14,8.23,2.67,558,156.06,Barley
58,55,115,7.84,56.04,0.43,1.1,37.86,52.81,1924.64,6.04,19.15,1671,60.58,Rice
55,87,111,7.61,55.86,0.51,2.99,31.29,35.43,2420.63,5.7,1.63,1986,284.6,Rice
151,70,113,7.52,21.5,0.75,2.64,30.31,68.27,2782.64,5.88,9.94,1346,124.47,Rice
48,55,75,7.76,25.11,0.58,2.07,15.83,84.78,1538.49,9.84,11.12,352,79.48,Wheat
70,60,91,5.38,18.1,1.19,1.23,16.28,69.94,1481.53,9.07,3.68,2223,290.66,Wheat
33,71,102,7.42,56.39,0.64,1.71,24.49,64.83,2517.3,8.01,10.31,1194,303.03,Rice
88,44,62,5.92,29.89,1.48,0.98,29.57,89.44,748.35,10.67,6.6,2233,54.23,Millet
76,51,93,7.17,32.49,1.32,2.06,21.86,62.51,1494.04,4.47,16.25,1858,140.04,Wheat
31,54,73,4.99,50.13,1.36,1.31,11.93,50.75,1985.65,4.29,16.64,1628,275.6,Potato
36,77,81,7.32,35.65,0.28,0.45,30.49,72.28,2160.26,10.57,9.22,21,308.29,Rice
49,84,110,8.39,15.99,0.43,0.72,33.21,61.29,513.17,7.33,9.26,2007,186.87,Millet
107,56,58,4.67,31.89,0.42,1.87,38.33,88.33,2628.05,9.32,2.44,1129,327.55,Rice
118,88,99,4.88,41.53,1.07,2.11,22.26,83.88,2491.09,7.23,7.79,1009,211.42,Rice
42,39,71,4.99,45.96,0.22,0.38,17.74,86.81,1087.74,7.51,8.71,254,226.01,Tomato
148,33,46,6.22,42.27,1.25,2.44,37.77,30.06,1533.87,4.18,9.49,2059,108.36,Rice
98,75,58,5.66,15.96,0.91,2.49,31.45,50.05,1275.31,8.24,9.61,319,251.2,Tomato
51,52,77,7.73,25.22,0.94,2.2,11.92,67.63,2947.08,4.28,2.75,1507,128.63,Wheat
28,43,42,6.4,46.68,0.9,2.08,27.4,48.5,1835.18,6.81,4.1,1036,209.29,Rice
34,32,31,6.44,54.01,0.9,0.77,10.86,69.39,957.3,5.09,9.24,776,243.27,Wheat
46,70,79,7.37,12.36,0.46,2.77,16.8,72.9,2288.65,5.74,8.19,413,156.22,Wheat
128,46,42,5.95,12.11,0.57,0.88,12.13,67.4,2500.6,11.26,3.71,990,290.41,Sugarcane
95,22,37,5.91,42.17,0.83,0.63,16.15,57.5,2233.16,11.75,13.32,2218,248.72,Sugarcane
84,80,97,7.53,37.4,1.08,1.95,24.7,71.81,433.86,4.26,3.24,267,52.92,Wheat
128,16,13,7.62,17.77,0.55,1.16,18.97,76.82,1005.66,11.31,1.1,2134,220.69,Wheat
148,51,75,4.56,37.41,1.25,2.81,12.64,71.77,1214.82,10.81,12.64,56,69.16,Sugarcane
29,47,86,5.08,58.72,1.25,1.43,24.46,78.72,807.25,8.13,2.57,250,140.85,Potato
66,61,119,5.35,41.55,0.56,0.57,31.25,86.84,1547.78,7.87,2.15,2105,251.91,Rice
142,53,58,5.91,32.46,0.93,2.88,11.59,36.15,1094.59,7.1,2.63,2189,122.18,Sugarcane
78,73,20,5.67,51.38,0.65,1.59,36.47,84.39,302.09,9.23,18.79,1413,81.58,Millet
115,22,44,7.17,20.64,0.45,1.6,29.59,46.41,2025.74,5.46,3,1479,160.65,Rice
122,37,48,7.81,30.72,1.25,1.22,25.58,63.83,1420.71,4.59,16.94,1875,158.06,Sugarcane
143,10,19,5.27,36.39,1.49,2.52,21.89,86.54,278.71,11.84,15.76,2311,84.4,Wheat
105,52,116,6.75,35.23,0.94,0.93,21.8,67.2,2812.12,10.57,16.98,1669,268.18,Rice
131,51,83,5.97,56.05,1.39,0.14,20.07,35.05,2022.9,7.04,12.5,1640,85.61,Rice
46,59,81,6.52,24.63,1.03,1.54,13.47,59.95,407.05,4.52,3.95,435,265.2,Wheat
37,69,78,6.98,12.83,0.94,2.79,12.38,83.66,2690.31,11.66,15.65,1908,231.86,Wheat
101,10,32,8.07,55.82,0.82,0.89,19.26,54.73,1378.41,4.41,11.74,1820,267.55,Wheat
91,60,43,5.27,20.85,0.51,0.87,30.01,80.88,870.89,4.02,11.8,148,163.5,Barley
73,25,41,4.85,28.95,0.31,2.24,18.65,77.65,328.82,6.31,12.57,1985,260.09,Potato
90,48,25,7.01,36.54,0.78,2.35,34.37,84.39,2285.5,9.96,3.82,1619,166.07,Rice
57,24,77,6.08,58.79,0.93,1.36,21.41,45.78,2914.1,10.76,6.54,1408,269.04,Rice
156,42,63,5.15,36.76,0.86,2.52,28.94,59.79,718.88,8.68,19.88,670,266.05,Millet
54,62,37,4.97,32.39,1.1,0.6,22.96,50.11,1367.36,7.68,17.6,2438,62.38,Tomato
101,26,117,6.74,39.18,0.45,1.16,24.93,62.06,865.03,4.12,7.83,486,111.96,Maize
152,15,69,5.7,58.54,0.66,1.27,17.5,31.15,1802.92,6.78,19.74,633,101.43,Sugarcane
23,40,87,8.49,50.9,0.74,1.01,25.42,44.5,2639.63,4.67,2.32,718,93.98,Rice
42,78,85,6.12,18.45,0.44,0.73,13.32,88.44,565.95,5.75,7.63,2017,300.23,Wheat
67,49,69,5.35,50.16,1.38,1.08,21.6,66.19,1034.99,4.55,11.55,904,215.96,Potato
144,39,94,7.02,52.05,1.09,0.15,23.45,40.4,661.05,11.17,12.8,1499,163.85,Cotton
74,78,89,5.48,44.53,0.32,2.14,31.12,60.5,840.29,9.66,16.3,2481,113.52,Sugarcane
87,85,53,6.48,42.86,1.13,2.08,22.01,71.88,563.8,7.63,15,160,189.83,Millet
107,16,11,6.43,32.04,0.91,1.41,29.96,66.22,1976.97,11.45,14.07,1922,286.32,Rice
20,22,32,6.31,42.08,0.88,1.04,15.24,60.12,321.8,5.67,19.51,2291,245.44,Wheat
154,13,102,7.68,46.88,1.49,1.36,10.76,70.44,2241.15,11.63,12.37,1154,208.37,Wheat
114,59,55,5.37,16.14,1,2.82,25.18,40.02,597.95,4.59,1.12,1536,334.33,Millet
159,12,116,8.12,22.87,1.37,1.85,24.22,56.29,946.7,10.4,12.72,1156,245.06,Pulses
125,21,82,7.67,19.7,1.39,2.22,30.09,75.02,1166.79,6.63,15.42,1264,88.03,Sugarcane
152,74,63,5.83,52.06,0.33,0.77,19.41,64.77,1266.95,5.06,18.44,558,237.83,Sugarcane
127,36,80,5.22,44,0.21,0.37,10.9,84.38,684.19,9.29,8.45,1542,231.98,Cotton
61,59,102,5.62,32.54,0.77,0.34,31.71,56.63,1568.68,9.08,1.98,1473,324.96,Rice
121,86,117,5.83,51.3,1.2,1.47,38.27,37.93,2705.34,11.47,3.41,1649,225.29,Rice
143,26,90,6.73,45.84,1.27,2.18,21.83,32.93,1484.43,6.21,18.25,1857,275.81,Sugarcane
159,81,18,4.69,55.68,1.22,2.34,28.33,58.65,277.99,10.13,19.06,1437,308.75,Millet
122,41,79,8.16,13.84,0.78,2.19,26.34,56.25,1217.52,11.37,5.42,248,289.39,Sugarcane
93,60,53,4.89,35.46,1.17,2.75,26.98,45.39,1328.8,7.65,13.84,2200,187.28,Barley
127,26,93,5.62,45.34,1.13,0.25,36.02,65.43,993.37,7.34,9.99,1232,83.58,Barley
141,43,83,4.94,20.37,0.61,2.58,32.09,45.01,1028.72,6.95,12.48,420,129.82,Sugarcane
36,44,82,5.53,26.36,0.42,2.02,33.09,42.98,756.99,11.87,1.96,1412,96.53,Millet
90,33,21,7.85,30.95,1.01,0.61,12.7,67.33,2878.69,8.87,19.32,2052,191.1,Wheat
81,63,106,6.96,49.72,1.08,2.08,14.4,86.7,1682.44,11.38,9.96,678,264.9,Wheat
60,27,41,5.41,34.68,0.94,1.58,29.9,42.17,1702.93,7.6,15.68,86,53.83,Rice
138,59,43,7.99,34.64,0.48,1.14,26.21,40.97,1391.69,11.06,10.81,2362,217.75,Sugarcane
64,55,92,7.7,31.54,0.56,0.82,33.23,61.16,1927.37,7.7,17.28,551,89.83,Rice
77,57,42,7.51,21.43,1.12,1.45,12.79,37.17,1385.15,5.26,13.02,656,197.32,Wheat
145,42,73,7.89,56.15,1.45,0.79,26.99,47.65,2129.1,8.79,7.09,1917,273.06,Rice
63,36,57,6.98,25.89,1.43,0.34,24.58,89.45,447,10.96,10.47,2494,208.41,Pulses
34,10,25,6.51,38.37,0.88,2.55,35.64,80.46,283.1,4.27,16.02,2476,60.82,Millet
97,68,59,6,17.44,1.35,1.82,15.61,72.37,1774.79,6.27,6.1,886,322.42,Wheat
89,19,32,5.4,31.71,0.24,1.15,20.46,31.56,2255.47,11.57,15.95,666,193.28,Rice
120,34,35,6.73,55.19,1.32,1.4,14.51,45.9,2073.24,6.16,14.47,1958,309.19,Wheat
22,66,118,8.06,59.77,0.82,2.61,23.55,64.18,1316.2,7.19,1.16,321,330.08,Sugarcane
105,75,63,6.88,28.09,1.22,1.03,36.44,72.62,209.01,6.62,17.47,2236,262.31,Millet
93,24,53,8.18,17.7,0.21,1.2,30.11,70.1,538.26,6.08,10.9,617,74.21,Millet
70,37,114,5.93,25.72,1.33,2.32,32.33,41.13,1297.69,7.14,18.62,298,327.75,Barley
86,22,46,7.28,26.36,0.97,0.68,12.8,57.98,2060.2,10.81,1.21,1786,299.59,Wheat
95,23,18,7.09,42.23,0.51,2.01,23.56,41.91,1073.73,6.64,17.37,380,282.05,Potato
112,75,103,7.18,34.81,0.65,1.36,35.16,85.41,1688.48,9.63,15.63,449,95,Rice
26,43,22,7.08,48.42,0.46,1.55,35.12,63.44,691.47,5.97,13.56,2288,165.55,Millet
32,34,69,5.39,45.07,0.75,2.38,39.64,53.42,674.78,5.45,12.36,222,60.56,Millet
139,63,115,5.07,22.57,0.63,2.98,25.78,85.08,2279.77,10.46,12.39,1681,245.17,Rice
85,88,89,8.41,49.21,0.89,2.51,10.06,84.24,1427.51,5.02,16.94,859,313.1,Wheat
23,21,119,4.68,52.37,1.26,0.57,36.97,60.25,2857.3,10.19,19.88,1953,242.57,Rice
157,18,11,6.37,39.92,1.48,0.75,38.69,71.21,791.65,9.09,9.78,751,199.49,Millet
107,40,104,6.2,56.38,0.53,1.29,37.83,49.13,1453.73,8.29,11.76,662,300.95,Sugarcane
36,87,69,5.94,49.15,0.34,2.19,33.16,48.46,727.2,7.68,4.45,2144,133.9,Millet
71,62,66,7.63,39.77,0.71,1.58,16.36,62.97,916.67,8.28,8.45,650,127.78,Wheat
153,52,52,7.48,55.31,0.39,2.72,14.17,80.8,1992.16,5,4.22,161,228.29,Wheat
88,47,28,8.12,40.02,1.28,0.24,31.03,65.83,2746.96,5.97,1.2,1475,340.75,Rice
156,51,20,6.08,36.06,0.85,0.85,14.21,57.54,559.59,4.15,14.75,1078,196.17,Wheat
40,81,87,6.76,27.81,1.01,0.74,38.6,69.85,562.84,9.59,6.81,1595,170.26,Millet
43,57,56,8.07,54.14,0.4,2.26,23.37,78.74,2866.9,10.38,17.53,1042,185.61,Rice
23,76,98,8.48,16.14,1.17,1.45,10.92,77.24,2261.57,9.52,10.33,1563,56.93,Wheat
22,75,72,8.38,33.68,1.47,0.14,14.52,52.24,1075.91,9.67,16.28,1908,172.88,Wheat
87,25,16,7.37,36.87,0.83,2.34,18.71,86.14,1339.41,10.91,9.05,884,212.71,Wheat
120,25,88,5.07,37.74,1.45,1.15,31.11,30.95,2408.91,9.62,16.82,782,170.56,Rice
73,40,103,4.59,42.59,0.25,0.86,32.12,57.05,2156.7,6.8,17.26,849,97.16,Rice
54,67,40,7.8,35.29,0.25,0.63,16.39,84.45,1906.64,5.91,9.87,1033,265.96,Wheat
75,37,97,7.86,22.84,1.45,2.84,29.46,71.76,2621.21,7.28,18.73,1324,75.3,Rice
127,13,64,7.49,52.85,1.11,2.83,10.95,72.24,1074.75,7.71,6.61,1698,285.11,Wheat
59,19,34,5.62,42.88,0.45,0.32,13.09,39.39,791.52,6.18,8.1,1858,74.41,Potato
87,60,81,7.06,52.91,0.67,0.78,26.05,64.92,1347.4,6.35,10.06,657,124.85,Pulses
65,27,39,5.76,23.8,0.86,1.97,31.11,88.02,220.91,9.68,15.21,522,343.15,Millet
97,56,45,6.3,41.85,1.11,2.04,37.43,42.69,1620.4,5.66,8.58,419,146.44,Rice
25,41,59,6.03,45.71,1.29,1.31,23.13,49.63,1222.65,10.14,2.59,553,255,Maize
36,39,23,8.15,29.17,0.31,1.75,13.6,53.32,569.41,6.06,1.04,2370,302.95,Wheat
118,45,38,5.44,50.61,1.05,2.14,37.87,51.59,2651.36,7.25,17.58,1159,208.94,Rice
100,18,36,6.81,10.13,0.82,2.86,23.12,67.62,744.36,6.2,13.16,1038,191.93,Potato
21,45,59,5.94,39.75,0.98,2.2,24.92,44.07,2176.7,10.57,4.23,1616,94.35,Rice
96,38,45,7.15,40.68,0.86,0.42,35.63,60.34,2176.02,7.15,18.14,642,137.15,Rice
85,25,43,6.76,36.69,0.79,2.18,27.57,54.01,319.25,11.83,14.72,695,276.34,Millet
71,30,30,8.2,41.5,0.47,0.3,19.04,68.67,1397.4,8.81,15.54,619,163.45,Wheat
111,73,47,4.91,18.36,0.81,1.56,26.22,44.52,1533.85,4.13,9.54,603,72.74,Rice
41,75,84,5.38,44.24,0.45,1.63,28.75,63.19,2489.06,10.52,15.31,1377,257.48,Rice
130,68,106,7.57,26.79,0.26,2.36,36.69,74.42,1948.44,9.51,12.51,2111,239.6,Rice
126,37,88,5.98,32.6,0.69,0.13,17.05,71.58,377.3,6.05,14.96,67,269.11,Potato
86,64,85,5.16,26.66,0.23,2.64,26.78,80.06,1456.56,6.15,7.43,530,160.31,Wheat
159,40,97,6.51,33.7,0.93,2.03,37.61,87.37,1042.39,7.94,11.17,14,293.45,Sugarcane
88,42,59,7.11,41.08,0.29,0.19,11.36,81.24,678.65,9.33,1.68,1624,204.47,Wheat
103,69,46,4.68,51.92,0.77,0.56,15.84,86.29,972.92,11.2,4.08,1309,153.24,Wheat
122,50,84,5.67,34.17,1.47,0.21,20.39,31.05,2552.62,5.33,17.27,1954,241.42,Rice
58,55,28,7.74,26.16,0.21,2.32,30.35,67.74,1935.99,5.34,13.46,1582,69.84,Rice
32,58,10,6.58,34.4,0.68,0.6,35.26,46.06,1419.19,9.58,16.73,2134,328.14,Barley
60,74,90,4.64,44.44,1.08,0.23,15.98,78.54,2217.36,6.54,11.66,2381,299.43,Barley
76,51,49,5.63,27.34,0.41,0.5,17.4,79.14,2911.02,5.82,9.21,689,50.53,Sugarcane
31,32,64,7.06,30.71,0.93,1.72,34.7,32.87,2796.06,9.5,16.49,1356,252.9,Rice
32,36,89,5.3,38.14,0.54,1.54,14.45,65.73,471.19,4.48,1.9,42,193.82,Potato
139,41,35,7.81,24.7,0.49,0.81,17.84,81.05,1130.38,8.25,14.05,1014,97.06,Wheat
116,12,52,7.21,20.45,1.36,2.83,31.98,65.24,1076.76,9.12,12.58,1855,63.43,Sugarcane
76,69,68,6.39,17.02,0.46,2.58,14.98,55.53,1750.77,7.08,1.68,1809,245.87,Wheat
59,85,60,8.16,27.63,0.69,1.01,34.84,34.61,453.16,5.01,7.38,451,51.22,Millet
137,88,116,6.07,12.42,0.42,1.48,24.72,73.82,2780.81,6.74,10.85,1181,125.96,Rice
99,26,24,5.44,39.17,0.57,1.6,23.43,34.48,2391.08,7.45,1.62,1723,266.18,Rice
147,41,17,7.15,18.8,0.58,2.29,14.06,65.87,543.75,5.29,6.85,1051,166.7,Wheat
54,16,103,6.79,28.87,0.62,1.34,30.39,85.06,911.95,7.91,1.28,1172,158.83,Potato
22,80,23,5.84,23.46,1.03,1.68,36.52,55.15,600.58,6.71,6.16,1877,287.3,Millet
139,78,106,5.87,41.52,1.17,1.3,30.76,76.21,1537.44,11.2,19.57,1083,300.18,Rice
24,67,115,6.09,52.52,0.86,2.31,19.51,77.99,2692.34,4.51,9.62,2216,220.7,Wheat
30,49,16,5.66,41.67,0.99,1.71,30.96,30.62,2004.96,9.36,19.04,2033,115.08,Rice
145,57,27,7.34,37.13,1.26,2.5,25.3,84.9,1895.47,9.78,16.28,2321,246.13,Rice
90,60,21,7.11,43.45,1.5,0.26,35.61,41.33,408.58,8.87,5.98,944,112,Millet
136,66,11,6.26,11.5,0.79,2.72,23.79,46.96,2737.62,8.17,18.8,285,146.69,Rice
157,80,59,6.09,16.14,1.42,2.48,17.12,82.25,986.12,4.92,6.7,2440,100.29,Wheat
125,46,102,5.96,14.75,0.84,2.47,13.04,71.2,2720.38,8.87,7.56,430,271.66,Sugarcane
135,84,30,5.63,14.91,1.22,0.51,18.43,52.31,1471.28,8.53,6.76,1470,51.45,Sugarcane
86,83,16,4.84,23.02,0.95,0.86,26.91,35.27,1680.58,11.3,9.4,2239,78.48,Rice
50,64,100,5.57,36.6,1.35,2.94,15.1,53.17,1894,10.98,2.4,1081,90.4,Potato
94,50,21,5.78,15.73,0.78,2.86,11.19,87.98,1007.83,4.16,16.51,2004,225.73,Tomato
90,29,93,6.69,56.76,1.1,0.76,23.47,36.28,2539.56,11.88,2.56,1268,315.69,Rice
85,42,66,7.6,52.71,0.81,1.36,20.42,80.77,2883.38,8.52,10.09,676,194.86,Rice
89,49,87,6.08,58.58,1.31,0.55,22.61,49.52,993.79,11.33,2.32,1378,281.86,Maize
60,43,83,8.28,12.13,1.49,0.86,23.62,69.27,200.39,5.19,13.44,1747,305.44,Wheat
39,71,114,7.81,52.57,0.52,0.64,32.98,67.89,1671.72,9.57,9.55,1216,201.67,Rice
159,28,32,8.44,50.19,0.82,0.33,38.83,49.54,1859.98,7.67,1.02,223,169.09,Rice
58,52,39,8,55.11,0.31,1.78,17.87,33.26,377.77,5.07,9.19,1369,335.74,Wheat
64,78,67,6.97,36.4,0.38,0.8,38.27,38.93,2084.11,4.18,7.91,1060,294.12,Rice
158,72,104,6.89,49.39,1.41,2.98,16.85,63.95,1017.79,5.73,18.37,987,287.54,Wheat
89,19,61,5.02,12.56,0.91,1.59,32.65,86.93,2884.27,4.13,12.38,248,247.23,Rice
144,22,65,7.39,13.79,0.71,1.14,30.44,85.55,2387.96,8.78,16.72,1805,62.67,Rice
110,14,19,6.9,15.93,1.07,2.75,11.57,36.81,403.23,6.44,3.75,1568,253.31,Wheat
89,67,28,6.53,55.74,0.93,1.9,31.75,82.51,2872.23,11.63,3.4,2138,294.66,Rice
149,68,28,7.27,13.06,0.58,0.47,37.03,44.03,836.24,9.06,4.48,1291,325.75,Barley
103,85,117,6.28,15.01,0.49,1.54,37.91,84.59,2435.32,10.11,18.93,2436,290.86,Rice
108,68,96,6.6,56.52,0.97,1.38,30.56,75.51,2001.18,7.47,2.89,38,311.01,Rice
98,86,68,6.09,15.37,0.44,2.32,33.6,87.68,1701.64,6.14,10.19,597,178.76,Rice
132,24,53,7.37,53.49,0.38,2.11,12.15,56.5,2811.46,10.14,2.45,669,154.58,Wheat
112,86,114,8.01,49.46,0.61,1.18,14.84,73.9,1896.45,7.74,15.42,989,54.59,Wheat
91,10,68,7.86,12.01,1.32,1.46,17.87,74.12,2604.43,12,8.31,2437,330.96,Wheat
68,47,105,7.64,11.09,0.25,1.6,25.94,59.77,2517.55,8.74,12.62,1891,239.8,Rice
71,62,93,4.56,36.72,1.28,1.33,21.59,88.47,2082.09,10.76,2.36,1979,321.87,Rice
52,61,13,8.15,59.86,1.01,0.41,29.71,44.62,1573.03,6.3,9.2,1794,336.36,Rice
41,10,106,5.6,53.94,0.25,2.73,23.37,89.17,474.84,7.41,3.54,1676,320.98,Cotton
133,20,74,8.05,25.5,0.98,2.05,33.25,78.73,631.19,5.92,7.17,264,99.62,Millet
152,67,22,5.29,29.32,0.75,1.46,31.41,66.97,1691.86,10.2,4.59,1823,99.9,Rice
37,49,76,6.26,29.4,1.29,1.75,32.42,34.54,1130.18,10.06,10.15,1266,308.57,Maize
137,69,21,7.5,46.71,1.38,0.72,34.87,45.56,781.97,8.74,17.98,1586,240.39,Millet
136,53,102,7.06,27.06,0.57,1.64,35.03,80.48,2907.84,9.85,8.55,597,148.18,Rice
56,15,64,6.16,17.39,1.22,2.26,33.39,73.69,2604.11,6.88,18.17,1016,100.36,Rice
83,37,70,7.21,47.36,0.6,1.65,11.98,87.76,1404.8,11.02,15.72,990,150.87,Wheat
157,40,104,6.7,32.9,0.58,1.49,28.7,53.81,2639.05,11.38,15.19,1745,300.85,Rice
98,17,50,5.6,13.84,0.45,1.44,10.59,83.67,366.49,9.31,15.84,1570,127.44,Cotton
142,14,45,7.09,49.5,1.08,2.31,32.31,81.71,477.84,6.98,14.5,20,205.79,Millet
63,63,11,5.32,39.27,0.54,2.28,11.83,87.97,2854.51,10.73,4.86,1072,87.73,Wheat
101,26,31,7.28,34.47,0.8,2.28,39.5,46.35,2128.64,11.84,16.93,183,290.68,Rice
106,47,31,4.51,43.67,1.26,0.81,28.42,59.67,2340.07,8.63,8.14,1109,292.39,Rice
35,18,50,6.7,35.27,1.23,1.89,15.46,34.86,2532.09,9.28,6.12,157,155.68,Wheat
73,83,104,6.1,42.42,1.31,2.36,24.05,65.46,349.03,10.81,16.83,496,109.45,Barley
121,87,118,5.71,53.37,0.41,1.73,34.8,73.94,2209.89,9.38,12.73,2153,181.84,Rice
117,23,23,6.56,40.68,0.96,2.36,15.4,44.28,1199.04,5.57,5.81,1232,314.86,Wheat
21,35,102,7.08,42.98,1.39,2.58,26.1,40.18,2490.4,7.38,17.87,2175,175.7,Rice
113,71,44,8.36,40.69,0.25,0.6,10.11,68.37,1285.53,8.9,11.24,2063,320,Wheat
78,34,59,7.83,36.56,1.23,0.99,33.65,53.59,2349.32,7.71,1.45,350,323.34,Rice
88,89,18,7.37,18.6,0.52,1.84,15.84,55.59,2723.61,9.44,11.01,1462,282.07,Wheat
138,45,105,6.42,26.78,1.07,0.94,21.62,58.27,1150.01,6.25,19.15,1596,203.74,Sugarcane
111,89,68,6.07,44.66,1.13,2.83,25.91,60.69,1514.22,5.27,4.08,1834,250.93,Rice
64,42,65,4.63,31.27,1.4,0.66,14.35,41.73,1704.79,4.23,6.72,1865,103.28,Pulses
43,12,100,5.94,30.31,0.86,1.14,37.8,64.66,2125.96,4.31,5.34,66,152.06,Rice
110,20,19,7.89,47.96,1.3,2.98,24.06,34.15,2563.49,6.85,5.19,993,187.2,Rice
113,67,34,6.04,10.28,0.26,0.65,16.95,36.81,789.09,4.17,2.47,1682,99.36,Wheat
77,73,54,6.35,43.95,0.75,1.4,32.05,72.69,2847.79,6.17,9.86,26,337.16,Rice
147,27,106,5.59,34.46,0.77,1.01,36.83,73.89,2399.63,8.11,16.55,1823,145.14,Rice
26,56,20,5.6,28.84,0.9,2.45,37.38,45.98,590.7,9.95,5.56,832,165.13,Millet
66,53,110,4.75,27.03,0.83,0.98,22.93,41.08,1140.35,8.71,14.51,1967,85.45,Cotton
72,68,18,6.96,18.64,1.46,0.57,20.78,33.24,903.82,8.28,11.89,1634,129.72,Maize
57,59,16,6.29,26.71,0.3,2.81,37.88,55.13,645.26,5.94,5.03,966,95.84,Millet
72,78,80,6.92,29.57,0.54,1.02,11.59,60.54,2005.25,4.13,11.82,851,226.39,Wheat
67,38,43,6.69,31.87,1.46,2.25,32.52,83.97,384.22,5.04,10.93,487,222.09,Millet
114,76,92,7.7,43.62,0.78,0.94,15.33,30.15,1876.56,11.85,5.29,2304,77.32,Wheat
156,11,29,7.5,32.68,0.94,0.62,23.97,54.35,2517.59,11.42,1.32,41,309.56,Rice
83,34,115,7.59,49.81,0.31,2.43,38.61,55.16,1213.3,6.49,8.73,2152,286.76,Millet
112,28,98,6.5,41.99,0.57,0.26,27.43,83.19,1571.09,6.57,7.14,1010,218.17,Rice
144,49,14,5.92,19.48,0.25,1.06,25.7,41.76,603.6,11.13,6.37,1207,167.87,Millet
58,11,102,8.23,23.86,0.38,2.36,11.85,33.97,2217.15,4.63,14.27,1682,229.92,Wheat
23,74,64,4.72,13.96,1.02,1.59,18.32,52.9,2744.49,5.37,14.48,1720,82.56,Tomato
145,71,100,5.11,57.29,1.19,2.1,10.09,66.74,2251.73,4.94,18.61,1715,69.2,Sugarcane
22,63,98,6.18,54.33,1.33,0.29,36.25,81.49,544.38,10.97,1.52,286,258.51,Millet
83,54,110,6.96,14.24,0.53,2.27,29.35,46.14,1167.29,4.05,18.3,1094,56.54,Rice
48,58,24,4.53,38.7,0.63,0.6,13.54,45.08,684.96,4.12,13.81,1265,219.2,Cotton
135,78,57,7.38,58.02,0.94,2.45,20.9,49.56,1850.42,10.51,13.53,197,271.08,Rice
30,47,13,6.73,47.36,0.31,1.74,34.34,37.09,2223.01,9.1,19.85,1446,183.16,Rice
116,13,87,6.44,34.59,1.25,2.24,14.21,88.63,2930.88,8.51,2.48,1975,299.38,Wheat
121,26,90,6.19,22.06,0.83,0.72,16.91,62.44,1608.17,11.38,16.26,1132,191.96,Wheat
40,62,30,6.58,23.95,1.46,1.25,26.24,46.33,1984.37,7.87,12.27,1459,298.64,Rice
58,62,89,5.15,46.81,0.35,2.43,14.35,51.7,498.41,7.73,4.07,699,218.35,Millet
121,40,99,4.93,49.03,0.37,2.74,21.48,81.96,634.71,7.37,15.65,1321,83.21,Cotton
65,31,18,5.66,36.43,0.65,0.76,39.46,70.42,848.75,9.22,7.81,1550,273.98,Barley
85,20,75,7.34,16.05,0.47,2.4,26.32,63.19,352.12,6.59,5.8,642,326.02,Millet
110,43,116,6.85,56.69,1.11,0.41,31.05,73.49,1342.89,9.35,11.97,278,120.34,Sugarcane
130,24,88,6.42,52.24,1.43,1.33,29.9,75.35,2863.33,9.63,10.06,1511,106.16,Rice
101,19,44,6.79,17.03,0.32,2.82,16.35,41.65,2028.17,5.69,3.98,818,261.74,Wheat
142,62,97,6.74,12.84,0.51,2.84,35.38,39.52,1420.89,8.76,14.89,1523,341.34,Sugarcane
118,57,60,5.73,36.79,0.51,0.96,13.66,88,1582.86,9.81,6.93,1059,205.77,Sugarcane
54,40,111,4.89,24.21,0.86,0.66,37.65,41.14,610.55,11.69,10.35,2082,72.61,Millet
122,46,87,8.09,24.16,0.79,0.53,16.48,57.89,470.87,11.51,6.49,294,110.87,Wheat
148,37,110,6.9,14.36,1.14,1.49,38.64,88.97,925.28,5.64,9.37,1755,264.7,Barley
44,40,46,7.29,57.67,1.15,0.37,33.94,55.03,1058.19,8.62,5.74,655,122.04,Sugarcane
62,79,15,6.36,51.51,0.94,1.13,15.13,60.89,543.97,7.75,10.14,98,236.11,Wheat
103,23,91,7.53,15.69,0.97,0.15,14.81,77.9,2135.94,6.79,4.05,2336,195.1,Wheat
70,25,95,6.84,53.83,1.3,0.85,12.54,50.42,2784.89,6.74,6.37,147,275.23,Wheat
149,34,91,4.72,44.15,0.72,2.71,17.42,55.86,688.28,11.77,5.05,1848,150.96,Maize
145,48,60,8.06,26.27,0.22,1.4,29.77,49.93,2546.76,4.29,7.86,1321,60.68,Rice
88,75,75,5.72,53.56,0.48,0.31,25.61,47.24,1035.31,10.82,16.77,1093,70.19,Millet
28,47,105,5.05,39.9,0.25,1.98,28.4,58.31,1899.31,7.63,10.41,1218,228.11,Rice
21,50,26,4.85,52.43,0.71,2.87,10.93,74.75,448.36,8.53,9.06,1369,77.86,Cotton
29,49,74,7.38,33.46,0.67,1.44,12.4,82.04,870.04,9.91,11.88,223,168.44,Wheat
133,73,18,7.32,35.03,0.33,1.91,30.76,58.21,642.62,7.65,15.91,2269,232.13,Millet
95,25,22,7.3,24.55,1.18,2.77,35.44,49.26,651.58,11.9,6.64,2231,153.49,Millet
104,86,109,8.16,29.38,0.92,1.32,20.78,84.7,2813.7,10.94,16.33,2034,173.96,Rice
68,68,110,5.9,38.39,0.49,2.03,14.99,50.16,1218.76,5.71,5.74,793,310.67,Tomato
89,20,67,6.74,57.35,1.19,1.38,19.25,76.5,749.04,9.36,17.11,2244,282.93,Wheat
150,10,39,6.98,40.01,1.07,2.89,22.36,74.92,679.62,7.8,16.84,1511,331.45,Barley
152,22,40,8.42,17.37,0.45,1.56,28.9,32.99,2084.2,6.89,12.23,1879,328.6,Rice
109,39,32,5.75,10.35,1.48,2.67,22.28,40.66,2211.77,6.81,7.78,87,270.54,Rice
45,78,72,8.33,52.55,0.43,1.57,36.91,64.37,2943.32,5.3,8.87,2201,176.28,Rice
91,27,37,5.09,28.22,1.2,2.04,22.04,82.06,1953.02,7.66,16.45,1693,171.48,Rice
24,87,68,7.56,25.75,1.46,1.22,15.44,65.64,1484.66,8.77,2.56,518,203.64,Wheat
34,22,19,7.03,50.04,1.14,2.76,17.45,74.56,827.61,10.39,15.95,1572,211.89,Wheat
142,41,98,7.77,57.27,1.07,1.98,23.95,74.06,310.14,6.31,3.53,1217,161.38,Potato
20,80,109,4.61,47.4,1.37,0.16,33.47,59.66,2666.2,10.19,16.49,1721,153.53,Rice
22,81,99,4.81,18.69,0.55,0.15,36.08,63.65,2408.79,8.43,18.13,2270,57.16,Rice
66,59,35,4.78,29.57,0.56,2.06,15.56,34.28,2429.27,6.06,10.76,392,167.19,Tomato
114,80,118,6.87,47.97,1.03,0.43,10.1,85.66,1101.75,10.3,15.3,424,229.76,Wheat
32,89,86,6.91,55.35,1.35,2.18,36.08,70.46,1201.26,8.82,4.85,871,209.93,Maize
139,40,26,8.12,59.93,1,1.03,16.85,39.27,2394.21,11.64,15.66,2071,148.71,Wheat
74,60,49,6.37,35.58,1.47,1.66,34.65,44.64,2125.18,6.31,14.35,771,250.16,Rice
85,36,77,4.77,51.13,0.49,0.61,26.52,30.28,2018.9,11.79,3.18,2213,96.27,Rice
109,69,32,5.34,12.33,1.27,0.81,22.12,45.84,1753.14,8.44,10.58,2404,264.37,Rice
81,42,44,4.53,24.29,1.41,1.37,14.4,49,1231.42,7.64,15.56,241,179.09,Sugarcane
121,62,84,7.61,28.58,0.76,2.03,30.16,70.99,2275.53,11,2.76,960,345.11,Rice
158,81,85,7.76,58.78,1.45,0.55,34.54,58.6,1210.54,5.26,13.52,733,230.61,Sugarcane
27,42,18,8.49,10.17,0.46,0.92,23.83,80.57,2257.17,7.7,16.22,570,336.37,Rice
116,50,88,6.15,25.4,1.44,0.7,23.39,35.21,733.19,5,7.62,2455,255.17,Millet
136,28,54,4.58,56.52,1.37,2.6,32.66,72.42,1853.28,8.91,8.26,1626,83.58,Rice
83,50,46,5.44,25.33,0.29,1.98,25,82.49,1200.5,4.34,6.21,289,348.94,Rice
40,51,78,6.85,21.25,0.88,1.46,33.57,55.28,2520.02,11.84,4.55,215,276.37,Rice
134,32,28,8.35,46.5,0.89,2.85,11.62,47.32,1652.34,4.07,19.2,1178,241.84,Wheat
104,84,84,4.91,47.27,0.27,2.23,35.73,56.73,1947.24,11.46,14.37,387,271.38,Rice
39,42,82,4.99,33.61,0.25,2.8,17.86,77.33,433.12,9.15,2,1076,273.8,Cotton
27,29,108,7.31,57.35,0.21,1.83,15.08,85.14,1586.67,10.58,18.63,921,130.23,Wheat
77,34,36,7.17,20.14,0.88,0.5,10.97,33.94,2386.05,6.86,3.19,2301,62,Wheat
65,61,22,5.5,55.67,0.8,2.06,35.02,61.71,2607.96,5.95,18.56,1699,63.55,Rice
50,21,66,7.75,47.78,1.42,0.68,11.8,68.38,2219.28,5.39,9.58,2162,190.27,Wheat
112,41,69,5.02,28.41,0.64,1.1,38.63,31.05,1372.01,8.25,10.23,132,116.4,Sugarcane
28,42,21,8.2,50.35,1.06,1.58,26.95,40.87,920.93,6.13,11.26,1584,199.83,Millet
34,83,18,5.3,16.66,0.21,0.56,30.96,33.75,1289.62,11.04,2.78,874,349.57,Maize
113,77,115,4.83,16.55,1.06,0.16,31.76,47.42,1772.48,4.24,13.63,2213,183.32,Rice
157,24,101,5.86,56.5,1.39,1.05,18.78,42.32,216.24,4.68,13.43,2327,188.85,Barley
48,60,86,5.25,14.74,0.66,2.49,34.19,59.21,2753.62,5.73,11.98,413,53.65,Rice
99,15,93,6.61,10.2,0.61,0.14,38.39,69.32,1162.41,4.66,17.87,74,290.85,Maize
55,78,86,7.25,29.45,1.01,0.42,21.1,80.53,2431.06,10.62,10.09,1206,331.76,Rice
103,78,36,6.46,15.19,0.63,2.44,35.06,48.26,1696.53,4.03,14.5,349,301.51,Rice
128,44,99,7.14,53.15,0.72,0.99,33.16,33.02,2054.13,9.21,7.45,323,107.47,Rice
137,43,72,5.96,56.13,0.56,2.82,27.69,30.23,2326.59,7.64,18.57,2209,252.86,Rice
56,72,102,4.61,34.12,0.65,1.2,21.03,80.67,1006.15,10.18,18.71,1578,160.14,Potato
105,77,38,8.4,31.27,1.08,2.41,22.46,82.69,1897.03,7.28,10.16,2477,97.79,Rice
90,27,31,7.78,36.95,1.4,0.85,19.23,36.06,2304.61,9.16,14.98,872,274.84,Wheat
112,35,82,4.79,21.31,0.96,0.28,22.79,30.61,2358.59,9.11,5.43,724,101.01,Rice
99,70,97,6.3,24.9,0.21,2.66,39.69,78.02,1364.81,6.91,13.23,2093,53.2,Barley
121,87,115,7.04,15.05,0.54,2.79,20.9,68.44,2239.84,4.91,2.62,2118,121.54,Rice
33,83,28,5.26,32.32,1.44,2.15,29.97,63.37,1045.32,7.46,17.39,367,63.81,Rice
136,57,47,6.81,40.58,1.38,2.33,19.59,61.99,547.95,11,14.71,1383,276.39,Wheat
92,81,104,6.63,56.51,0.35,0.12,24,76.43,516.18,10.37,19.14,611,65.1,Cotton
110,40,48,5.33,46.95,1.38,2.29,12.51,47.6,1615.97,6.97,15.79,1606,79.42,Sugarcane
109,43,24,5.06,46.15,1.45,1.47,32.9,53.35,1273.13,10.94,4.48,185,98.79,Sugarcane
48,16,63,7.54,25.4,0.62,1.41,29.83,34.67,850.86,7.51,9.88,1825,79.72,Pulses
68,16,41,5.79,54.41,1.11,1.67,20.42,63.97,1295.3,5.57,11.31,1974,190.15,Sugarcane
91,56,119,5.48,57.35,0.93,0.89,25.75,87.65,1353.16,10.91,16.74,2480,241.73,Potato
152,17,55,7.45,56.61,0.64,2.12,36.17,47.03,1750,7.95,11.46,2222,151.13,Rice
61,87,70,7.44,11.94,0.4,0.96,11.33,85.75,362.18,7.47,10.06,824,147.77,Wheat
154,10,102,5.61,40.22,0.68,1.72,37.91,73.75,2742.46,5.88,14.55,1347,164.68,Rice
61,86,61,7.99,42.16,1.41,0.5,24.12,44.03,1242.16,10.12,13.2,569,260.54,Wheat
124,12,43,7.25,24.75,1.25,2.06,35.79,69.77,1923.06,8.4,15.23,244,63.36,Rice
46,62,82,5.88,59.62,0.63,0.65,35.84,51.97,1057.92,5.66,10.03,39,347.83,Millet
77,47,44,6.21,24.56,0.91,0.59,11.76,37.34,2332.69,6.07,14.75,765,340.38,Wheat
65,60,79,7.41,20.83,0.73,0.17,33.45,35.56,1484.35,7.06,19.45,2459,196.92,Wheat
85,24,46,5.35,34.21,0.81,0.45,31.99,31.03,1101.03,8.27,4.45,174,79.86,Millet
44,76,87,6.38,26.16,1.19,0.77,11.3,77.87,2898.66,10.44,1.99,2401,215.99,Wheat
92,73,70,7.11,56.2,0.91,0.74,38.22,83.09,2622.58,5.66,11.84,1430,285.35,Rice
136,77,58,6.66,32,0.44,1.05,29.04,58.95,704.92,9.91,4.01,1427,236.99,Millet
148,14,18,6.93,30.51,0.55,0.26,15.03,61.2,2161.79,11.33,4.14,2147,288.31,Wheat
106,19,28,6.68,41.29,0.94,2.81,13.69,71.5,2312.09,7.17,13.77,619,131.9,Wheat
93,17,96,5.3,14.06,1.1,0.45,26.86,72.05,296.76,6.93,9.02,1921,98.98,Millet
144,21,114,6.14,47.84,0.86,2.14,11.77,49.45,2890.7,7.82,1.62,2315,189.16,Wheat
86,73,37,6.63,48.42,1.01,1.65,14.93,39.55,852.32,10.54,11.67,1790,87.88,Wheat
25,68,89,7.62,33.7,1.23,1.7,38.45,55.83,2743.45,4.74,5.64,92,296.94,Rice
144,76,35,7.12,57.78,0.91,0.41,32.34,71.82,2031.4,7.1,9.24,1187,150.36,Rice
77,59,47,6.21,38.97,1.47,0.81,28.4,78.25,1633.91,4.23,1.74,923,266.62,Rice
89,32,49,8.4,44.76,0.51,2.36,16.26,35.35,2400.35,8.14,2.21,183,322.54,Wheat
72,49,34,4.93,56.22,1.4,1.44,16.56,65.3,2090.08,11.55,4.64,136,108.51,Pulses
85,87,108,5.33,43.32,0.52,1.43,23.37,33.25,2272.69,5.28,14.65,969,123.66,Rice
77,86,78,5.87,31.59,0.89,1.68,32.62,79.49,2602.14,6.04,16.01,739,82.5,Rice
101,85,80,5.41,11.24,0.79,1.36,10.12,70.01,1519.31,9.59,7.53,783,54.04,Sugarcane
106,27,32,7,46.41,0.68,2.44,11.33,71.8,1392.04,9.52,3.39,1348,66.57,Wheat
21,30,98,4.66,58.24,1.45,2.27,36.1,75.7,2719.38,8.77,18.79,1751,107.59,Rice
56,10,74,5.21,33.51,0.55,1.02,34.42,59.74,2434,5.93,15.96,1942,332.71,Rice
122,47,31,5.67,26.99,1.08,2.46,30.84,47.93,253.89,4.53,4.13,225,219.53,Millet
43,50,73,7.23,35.96,1.25,1.6,24.99,77.14,2030.69,5.78,5.31,1603,293.13,Rice
131,51,77,8,46.42,0.46,1.92,14.35,76.64,2730.93,9.11,1.69,1396,326.17,Wheat
84,18,67,7.69,10.03,1.47,2.61,13.07,38.1,2114.03,6.37,18.12,411,64.58,Wheat
148,32,37,5.23,54.36,0.91,1.48,37.16,84.17,1749.63,10.73,18.73,2372,184.25,Rice
136,87,87,6.76,54.32,1.39,2.29,21.48,43.27,692.49,8.93,2.57,1907,156.14,Barley
135,20,106,4.62,37.06,1.06,1.92,30.87,48.39,2861.62,4.4,3.79,622,184.03,Rice
124,80,77,5.74,16.12,1.04,1.34,23.69,42.95,1953.78,4.71,4.9,840,85.93,Rice
22,40,115,7.72,43.59,0.65,2.39,31.93,87.94,482.87,6.24,4.44,943,344.99,Millet
65,35,84,6.33,16.89,1.2,0.4,15.8,47.97,2797.4,8.59,18.87,400,229.85,Wheat
74,39,112,5.1,35.38,0.24,1.79,24.54,88.28,1646.49,11.5,5.97,2497,336.28,Rice
94,43,105,6.25,14.68,0.92,0.23,21.31,68.28,640.23,4.83,8.12,1360,193.42,Maize
64,55,13,5.29,39.45,0.24,0.55,17.35,40.59,834.29,10.65,2.31,949,139.4,Barley
96,78,10,6.07,25.9,0.6,1.84,27.93,63.23,2909.87,8.58,12.94,345,262.01,Rice
43,14,35,6.45,51.55,0.33,0.99,26.11,82.94,1422.57,6.91,6.05,2452,112.65,Wheat
54,70,42,5.9,50,1.39,0.86,24.87,63.7,1375.09,9.14,5.66,53,296.58,Barley
43,47,90,8.25,59.92,1.02,2.87,27.73,37.96,1561.27,10.28,19.57,879,337.94,Rice
47,37,36,6.75,22.88,1.07,1.16,14.28,47.22,2161.46,6.87,1.73,2213,163.67,Wheat
35,35,51,7.87,13.09,1.31,1.74,21.12,43.49,1222.06,11.36,4.55,1027,183.15,Pulses
78,70,78,7.54,32.15,1.15,1.65,19.74,37.55,1378.92,8.41,10.75,386,90.83,Wheat
34,32,80,7.14,14.17,0.36,0.28,33.08,49.64,2289.13,5.26,11.68,1960,303.23,Rice
30,55,73,6.49,18.92,1,2.06,11.07,69.66,1491.35,8.37,14.55,344,173.36,Wheat
98,39,34,4.51,39.87,1.47,1.59,18.46,52.95,2198,10.12,4.97,130,167,Wheat
134,76,81,6.95,39.61,0.48,1.21,37.55,56.63,2894.21,8.69,8.49,1070,116.94,Rice
87,42,107,5.92,12.17,1.01,0.29,19.01,49.24,2895.07,8.67,6.46,325,343.91,Millet
62,12,114,4.97,32.15,0.93,0.95,14.56,89.67,1451.62,4.22,16.86,412,218.07,Barley
88,78,13,6.28,36.51,0.71,2.66,32.72,65.17,855.82,7.71,7.84,956,297.89,Potato
157,51,21,7.44,23.4,1.44,0.6,11.44,80.03,903.45,6.92,5.96,48,173.63,Wheat
94,71,67,8.35,53.6,0.66,0.74,22.79,56.48,2493.82,4.35,12.72,1567,214.63,Rice
122,67,104,6,18.05,0.32,0.7,35.66,40.12,423.22,9.45,3.04,2416,76.74,Millet
60,66,20,6.67,22.7,1.45,2.68,38.62,80.81,313.16,5.46,17.13,686,196.5,Millet
78,10,110,7.9,17.85,1.15,2.13,17.47,75.81,2107.97,6.8,6.3,516,147.73,Wheat
58,82,117,5.84,15.83,0.65,2.66,18.89,49.79,2748.32,8.62,16.66,1472,158.89,Potato
22,69,68,5.07,53.95,0.56,2.75,27.02,66.39,846.25,7.52,19.84,2453,90.14,Tomato
26,78,45,5.63,23.89,1.41,2.79,16.8,35.61,352.81,9.61,1.41,242,247.54,Tomato
68,68,118,8.1,46.13,0.56,1.51,14.52,31.58,2706.81,10.76,4.65,1559,84.18,Wheat
45,55,31,5.14,31.4,0.9,1.48,22.78,78.95,1191.65,5.35,15.19,1465,334.15,Pulses
120,43,74,5.82,41.79,0.48,2.5,12.17,86.52,1739.22,6.23,2.57,1324,162.44,Sugarcane
98,34,59,6.36,56.41,1.49,1.06,36.83,50.64,2541.49,5.49,9.48,375,229.6,Rice
21,51,13,7.89,52.23,1.2,0.16,20.03,65.85,900.01,7.99,3.86,1016,215.52,Sugarcane
146,38,109,8.25,13.45,0.94,1.06,20.09,73.04,1883.42,4.63,9.93,1844,322.55,Rice
151,34,81,6.2,52.26,1.17,2.18,33.74,74.76,2976.23,9.93,1.24,2114,67.93,Rice
39,63,98,8.23,32.59,1.39,0.46,20.25,58.86,2275.67,5.02,3.86,2069,192.24,Rice
136,82,101,5.15,27.51,1.45,2.38,32.83,66.8,1312.55,11.57,6.22,266,198.99,Sugarcane
51,76,61,5.13,43.62,1.22,2.46,15.44,69.42,2350.45,10.72,4.76,1314,309.55,Rice
47,24,111,8.3,57.51,1.3,0.39,25.87,36.2,260.96,11.75,7.87,1467,265.39,Millet
96,13,109,6.54,14.71,0.72,0.38,33.06,68.71,802.95,4.32,3.75,331,302.04,Barley
20,47,109,5.24,48.4,0.71,0.68,23.5,60.65,2285.1,5.64,16.6,1521,317.36,Rice
75,29,52,6.45,20.18,1.25,1.13,12.15,52.71,934.26,11.69,10.88,319,70.74,Wheat
54,32,114,7.63,29.01,1.19,1.64,32.11,45.7,553.12,11.88,6.89,1852,320.33,Millet
131,46,55,7.81,53.69,1.37,1.51,24.82,68.28,1021.25,6.25,6.61,722,127.63,Sugarcane
49,71,13,7.96,37.29,0.37,2.57,19.49,40.01,679.74,8.79,5.64,2184,176.86,Wheat
73,17,22,6.78,13.37,1.1,0.51,39.78,78.65,1377.81,5.66,10.6,591,310.77,Rice
55,46,47,7.97,35.4,1.04,2.12,36.28,40.31,548.71,11.16,11.09,483,67.05,Millet
99,54,54,6.54,49.48,1.24,1.69,11.13,76.3,2545.57,5.09,19.84,2280,91.23,Wheat
77,42,34,6.93,36.44,0.23,2.24,27.81,79.05,2383.93,9.51,12.95,2207,141.14,Rice
102,16,76,7.53,18.34,1.27,1.09,20.64,86.38,1059.52,6.32,11.1,894,290.55,Sugarcane
84,31,64,6.2,32.25,0.62,1.47,11.12,57.8,1655.8,6.99,1.73,2314,176.56,Wheat
88,14,105,4.79,56.22,1.09,0.18,10.34,33.82,2594.1,8.38,11.45,2316,143.73,Rice
147,24,48,5.9,42.91,1,0.44,27.51,70.66,2801.26,7.42,10.4,702,263.95,Rice
70,30,74,7,46.49,0.77,1.19,19.6,46.96,455.04,8.19,18.04,2339,293.14,Wheat
41,26,84,5.27,49.3,1.17,1.5,31.1,35.56,2221.66,9.44,14.73,1544,191.55,Rice
126,65,11,5.09,14.53,1.45,0.35,23.63,81.35,579.29,6.37,10.11,299,61.1,Wheat
128,59,78,5.67,39.08,0.62,2.49,32.99,38.38,256.09,9.91,5.33,1005,293.73,Millet
135,16,95,4.63,28.8,1.17,2.84,34.39,60.38,421.04,7.34,14.58,1874,243.53,Millet
120,59,71,7.47,16.96,0.61,1.83,29.72,77.31,1812.46,4.17,6.45,1175,205.06,Rice
119,69,55,5.53,20.14,1.3,0.25,22.54,41.95,1255.92,10.77,7.71,546,200.12,Sugarcane
87,16,86,5,49.06,0.77,2.24,39.65,83.8,532.29,6.25,14.15,2477,127.98,Millet
55,49,96,7.3,18.07,0.78,0.73,19.2,49.9,1528.11,10.88,6.94,1705,206.12,Wheat
41,54,40,7.87,25.62,1.2,2.23,25.44,53.79,1623.05,9.96,6.64,623,266.34,Rice
85,68,108,4.58,24.24,0.85,1.36,25.61,37.89,2404.71,7.25,9.4,1233,71.49,Rice
40,84,111,5.43,12.43,0.55,0.25,22.85,68.67,2058.25,9.2,13.61,1174,97.8,Rice
119,64,114,8.28,33.11,1.49,0.91,13.64,59.72,1504.71,11.94,18.89,2135,230.99,Wheat
147,73,44,6.04,48.3,1.01,1.34,20.62,88.45,1108.14,6.46,3.83,2443,84.93,Sugarcane
63,74,54,8.25,11.11,1.04,2.24,16.46,71.9,205.62,7.6,5.8,1745,259.76,Wheat
122,63,86,5.6,15.63,1.04,0.49,37,75.54,2529.72,5.19,19.72,1272,244.96,Rice
66,49,63,5.37,46.01,1.35,0.93,29.66,41.95,947.56,10.97,12.73,79,170.4,Wheat
58,62,80,5.36,39.68,0.44,0.34,18.63,72.77,797.01,8.42,1.18,237,284.02,Cotton
48,53,78,4.84,45.76,0.28,1.89,26.97,63.44,2256.88,4.82,18,1894,141.19,Rice
73,72,38,8.09,21.51,0.7,1.48,35.6,54.23,400.62,8.78,6.36,631,336.39,Millet
109,11,81,8.42,50.19,0.93,2.79,38.03,76.96,935.33,7.74,11.45,1687,55.27,Potato
104,88,17,8.32,33.99,0.57,2.25,12.25,88.71,1418.16,6.46,7.98,1630,82.41,Wheat
36,30,63,7.91,40.52,1.1,2.36,33.61,35.69,1436.43,4.15,4.31,1916,226.8,Pulses
99,59,16,7.89,14.61,0.3,0.58,38.99,77.33,641.97,5.73,12.44,2290,247.54,Millet
92,61,92,7.14,20.25,1.23,0.87,24.02,85.17,312.34,5.65,5.08,1988,347.77,Millet
68,18,112,7.8,48.67,1.13,1.59,39.87,48.91,1517.49,9.72,5.33,1235,122.25,Rice
120,29,32,5.33,21.2,0.48,0.14,38.71,51.78,1200.9,6.07,16.25,1457,283.04,Sugarcane
21,27,109,6.05,14.63,0.59,2.62,29.71,77.69,997.58,11.83,13.22,772,118.26,Wheat
78,39,115,7.06,39.86,1.25,2.36,35.43,87.22,957.76,5.47,18.45,1574,336.07,Potato
116,74,41,8,37.4,1.21,0.27,18.9,86.34,1611.7,11.14,9.32,1001,181.35,Wheat
118,33,71,7.14,40.39,1.26,2.56,37.52,33.34,260.66,6.92,10.6,2483,65.49,Millet
122,56,54,7.86,40.92,0.62,0.11,27.76,82.29,497.03,12,2.32,196,117.99,Millet
21,53,77,6.4,35.01,1.46,0.43,25.29,65.19,1110.57,10.43,7.84,384,164.1,Millet
60,38,39,7.37,34.69,1.13,0.26,35.07,55.27,1543.48,8.83,1.93,40,149.54,Rice
142,86,115,8.42,56.21,0.28,1.49,36.68,80.73,2142.72,10.65,7.65,1949,175.39,Rice
101,77,48,5.11,36.69,0.82,2.37,31.04,78.03,1020.7,11.17,8.77,642,237.73,Sugarcane
151,26,14,8.21,40.87,1.06,0.62,10.75,60.56,2067.73,11.98,4.29,1976,140.76,Wheat
159,14,76,6.59,23.35,0.42,2.34,27.92,54.64,1284.02,5.36,17.25,14,65.26,Sugarcane
48,59,31,7.07,53.55,1.37,0.64,34.65,58.35,2369.22,8.68,7.4,1736,187.12,Rice
154,49,37,8.01,11.22,1.18,2.97,26.36,49.1,1545.73,7.09,2.04,1961,181.36,Rice
33,55,31,6.14,37.86,0.31,2.58,38.05,70.83,1715.89,7.08,8.42,1475,202.42,Rice
31,60,95,6.17,29.19,1.39,2.24,36.92,83.52,1418.2,9.06,11.41,2,149.95,Wheat
118,20,107,6.61,40.2,0.73,1.82,25.89,45.03,572.1,8.03,10.08,962,52.43,Millet
152,21,38,4.58,28.01,0.79,0.8,22.11,79.53,679.27,10.48,11.7,2006,162.2,Cotton
100,22,52,6.49,45.88,1.22,0.45,11.65,51.64,1321.38,6.63,17.77,1860,131.83,Wheat
125,73,51,5.66,11.02,1.04,1.43,28.98,37.91,476.69,8.24,1.56,1765,198.44,Millet
51,17,69,8.21,30.29,0.77,1.27,17.98,32.43,592.54,11.72,16,107,75.66,Wheat
93,74,86,4.85,51.56,0.54,2.06,30.05,58.76,1946.46,4.72,8.14,377,265.11,Rice
100,18,80,6.34,22.51,0.87,0.59,33.96,64.1,1973.08,6.15,8.3,736,278.68,Rice
88,11,83,8.29,12.64,0.95,1.73,22.26,30.36,556.82,4.81,12.21,1785,255.46,Cotton
64,87,101,8.1,34.83,1.02,2.11,10.47,69.16,2590.69,4.5,12.28,1364,283.85,Wheat
125,22,77,7.31,58.83,0.99,0.97,35.96,61.11,2598.83,4.13,3.01,1789,136.57,Rice
156,11,68,6.86,13.21,1,2.36,26.47,89.84,1263.24,6.92,13.04,861,86.8,Sugarcane
119,77,105,5.62,13.5,0.82,1.35,19.44,36.27,1594.29,10.79,4.33,971,109.72,Sugarcane
28,85,95,5.97,39.76,0.93,0.57,29.01,72.3,2444.33,5.93,6.6,2334,299.93,Rice
81,57,93,4.86,22.5,0.58,0.66,30.23,43.02,2335.58,6.6,10.19,1991,312.14,Rice
48,83,93,7.64,30.51,0.41,0.91,14.42,42.38,1215.69,10.85,13.68,1508,60.13,Wheat
144,12,15,5.8,51.53,0.99,0.56,29.39,31.12,1087.87,5.2,15.39,130,339.88,Sugarcane
133,77,82,7.17,19.94,0.26,1.73,18.6,30.39,2060.16,5.89,14.66,489,257.78,Wheat
153,15,37,5.93,45.96,0.28,2.85,34.11,41.2,1217.86,9.7,10.88,1470,346.6,Sugarcane
139,14,86,6.36,35.22,0.52,2.7,38.25,40.53,2130.46,9.93,4.23,51,105.24,Rice
98,12,40,6.72,55.25,0.45,1.04,13.08,30.03,562.95,6.87,13.86,2350,296.16,Wheat
112,19,48,7.71,58.65,0.69,2.61,37.52,73.03,2081.71,4.08,19.56,918,274.35,Rice
23,52,59,5.34,34.25,0.68,2.87,37.1,60.22,2398.41,7.05,16.51,1741,343.88,Rice
101,28,87,6.1,39.23,0.35,0.95,20.29,53.77,2732.89,9.72,9.19,1522,85.02,Rice
94,23,95,5.02,47.29,0.52,2.73,10.87,36.23,1477.31,9.72,9.73,424,293.27,Barley
33,30,46,4.8,25.93,0.21,2.99,29.9,50.03,1768.85,7.36,19.13,1242,213.13,Rice
150,52,118,6.92,21.34,0.66,2.41,20.34,58.24,1008.95,6.79,2.29,683,199.8,Sugarcane
133,37,97,5.26,58.23,1.24,1.23,15.75,89.88,621.38,9.62,12.27,480,79.68,Tomato
81,30,81,4.74,31.63,0.55,1.86,13.26,60.64,684.71,11.59,3.68,1041,178.95,Cotton
125,45,24,8.09,10.08,1.04,1.16,15.88,31.17,2564.81,10.34,2.43,1910,205.65,Wheat
83,33,60,6.64,51.89,0.33,2.99,17.12,42.46,1716.13,5.83,6.4,2112,164.22,Wheat
121,63,114,5.04,39.98,0.22,0.3,33.87,51.27,1253.67,11.7,5.36,223,166.77,Sugarcane
125,47,79,4.71,18.43,0.85,2.69,33.51,57.36,2619.06,8.88,1.87,2259,130.65,Rice
39,26,32,4.98,11.51,0.8,0.32,24.83,70.46,518.64,4.9,17.21,61,323.56,Cotton
77,31,34,6.39,24.57,0.45,0.22,26.6,65.44,1863.85,6.69,16.87,1949,141.47,Rice
131,54,104,7.17,56.39,0.57,2.83,37.53,60.56,2414.1,9.79,13.93,2362,117.91,Rice
76,83,55,7.07,56.67,0.24,2.62,37.24,80.27,549.77,10.96,15.6,937,340.04,Millet
138,70,102,5.08,25.55,1.24,1.15,34.86,41.77,537.53,8.24,2.26,731,52.5,Millet
116,20,32,7.03,51.8,0.59,2.88,21.23,34.67,293.45,5.1,6.18,1431,285.16,Pulses
111,70,19,6.12,32.09,0.49,2.6,21,80.29,2837.49,4.99,12.24,1239,117.4,Rice
71,47,82,6.36,42.72,1.25,2.72,36.64,57.73,2138.11,6.61,17.95,278,119.08,Rice
56,75,86,7.71,26.72,0.25,1.83,37.8,63.2,400.03,4.3,14.43,2027,281.38,Millet
27,42,41,5.83,35.8,0.57,2.88,33.95,80.24,2079.52,7.35,1.34,1830,151.93,Rice
63,52,60,5.09,24.69,0.54,2.45,32.71,86.75,1050.11,10.22,5.54,256,288.09,Potato
117,40,118,7.99,13.06,0.54,2.83,26.74,63.12,506.13,7.69,8.69,2207,214.88,Millet
152,44,50,5.35,16.97,0.21,0.92,20.15,78.74,2978.22,10.64,12.81,580,283.57,Rice
137,46,74,5.68,24.53,1.42,1.64,17.22,62.69,703.67,9.26,13.63,1038,71.9,Potato
88,56,74,7.33,58.81,1.32,2.62,14.21,32,2435.91,5.55,12.61,32,267.96,Wheat
64,32,110,7.23,58.28,0.74,1.78,31.85,87.35,2667.93,5.72,2.35,1191,228.16,Rice
156,45,49,7.7,51.38,0.78,2.42,33.31,79.07,1684.92,6.8,15.4,1558,301.23,Rice
51,49,27,5.24,21.63,0.88,2.92,20.76,75.21,2932.81,8.3,13.73,1213,105.73,Rice
52,24,45,5.91,32.08,0.82,2.43,10.18,56.51,535.63,9.43,5.05,2277,215.87,Cotton
145,46,40,5,31.99,1.21,1.01,38.16,86.55,2890.44,5.38,10.43,1907,240,Rice
86,13,63,6.66,29.35,0.83,0.44,23.11,59.39,397.85,5.23,5.87,1931,60.25,Tomato
49,31,72,5.67,12.24,0.45,0.89,39.24,73.25,1536.55,4.1,14.04,1053,256.93,Rice
133,31,10,7.26,36.73,0.35,2.02,30.32,36.04,2594.08,4.9,5.1,1833,228.6,Rice
48,87,61,4.5,13.64,1.39,0.13,13.72,43.13,1748.94,10.01,1.38,2067,194.9,Potato
150,87,109,4.74,50.1,0.26,0.65,19.81,55.45,1833.69,4.44,9.2,2366,76.87,Sugarcane
49,26,66,6.23,44.57,1.37,1.05,29.71,64.88,650.76,8.85,1.82,787,275.86,Millet
156,81,18,8.33,27.64,1.1,2.64,29.48,78.33,2956.17,8.81,1.82,1867,263.31,Rice
149,89,95,8.06,42.36,0.73,0.25,16.96,44.45,847.15,11.94,4.63,485,205.02,Wheat
81,89,101,8.48,21.65,0.44,0.24,15.31,76.46,2605,9.42,14.7,1030,110.04,Wheat
22,47,99,6.17,23.26,0.6,1.7,18.3,83.4,2878.36,9.59,18.91,1574,170.75,Wheat
87,33,83,4.69,25.71,0.89,0.62,33.61,79.11,986.18,4.72,10.74,1710,213.47,Barley
44,15,65,5.72,49.85,1.05,0.8,17.26,67.34,2245.44,11.01,13.88,130,193.97,Rice
63,77,56,7.2,20.53,1.1,0.63,31.05,78.6,425.05,6.56,1.94,264,149.12,Millet
74,15,12,5.04,38.14,0.78,1.79,36.1,82.65,2276.05,6.5,16.02,2201,130.43,Rice
156,35,11,5.7,20.02,0.69,0.26,21.75,63.31,1556.14,7.73,9.52,814,120.79,Rice
149,50,63,4.72,24.25,1.2,2.83,10.21,78.61,530.22,9.66,10.17,1933,147.16,Wheat
60,84,46,6.4,21.77,1.4,0.46,14.26,55.27,2705,6.36,16.25,49,173.61,Wheat
83,47,65,5.34,42.25,1.39,2.86,19.36,61.35,2100.81,10.22,3.21,332,249.81,Barley
50,89,40,4.86,36.34,0.92,2.36,15.7,33.16,672.05,5.96,9.66,963,54.44,Potato
66,52,106,6.14,46.06,0.3,2.5,18.69,83.01,1691.86,4.98,11.25,2084,288.03,Wheat
149,62,105,5.9,21,0.3,0.6,26.32,38.42,1112.44,9.57,12.66,1184,78.82,Sugarcane
115,24,116,6.65,10.46,0.72,2.04,10.63,46.57,2189.58,11.37,14.44,788,100.66,Wheat
96,65,21,7.5,44.03,1.15,2.47,11.93,49.05,1956.89,11.28,12.99,1135,229.32,Wheat
129,65,67,4.95,15.74,0.85,1.72,35.67,36.95,730.72,4.5,17.11,2353,62.47,Millet
88,40,76,7.66,22.32,1.02,1.7,25.67,85.31,877.91,7.13,19.66,466,302.34,Barley
77,66,35,4.61,25.28,1.3,0.56,38.07,88.2,2172.72,6.3,1.32,964,283.87,Rice
125,60,87,6.27,47.34,0.25,1.3,10.1,81.91,2090.45,7.64,8.85,173,267.72,Wheat
63,33,21,6.85,41.29,1.4,0.54,10,50.78,1074.28,4.4,8.77,1191,93.86,Wheat
93,67,99,8.33,19.21,0.63,2.92,32.19,33.31,1539.08,7.29,15.26,489,133.18,Rice
75,82,25,6.8,39.89,0.26,2.09,24.29,40.97,1508.15,11.69,6.52,1980,282.31,Rice
146,13,62,5.13,45.41,1.29,0.24,37.41,76.33,548.44,8.54,1.29,1987,178.7,Millet
49,19,81,6.57,29.44,1.41,1.48,33.6,47.16,1938.96,5.74,2.42,151,193.11,Rice
90,72,58,6.08,22.3,1.2,1.95,25.12,83.56,940.42,10.47,18.55,49,94.13,Maize
137,82,58,6.42,43.95,1.25,0.38,24.36,80.11,1487.71,7.18,18.45,876,329.71,Sugarcane
74,24,101,5.29,40.54,1.33,2.03,34.34,44.22,400.93,4.51,5.87,123,346.26,Millet
86,72,16,6.5,13.9,0.88,0.61,34.11,71.61,1919.32,6.82,18.78,1136,269.1,Rice
22,28,24,5.1,43.33,1.08,1.28,18.31,56.54,2550.88,10.51,17.64,1270,269.23,Tomato
45,72,114,7.48,34.43,0.57,1.91,30.24,42.9,1794.86,5.77,14.09,615,104.79,Rice
76,65,45,6.88,47.67,0.52,1.16,29.3,65.41,1871.06,6.61,5.65,2222,163.65,Rice
145,30,81,4.81,19.54,0.99,1.2,35.68,80.24,2085.26,6.17,3.25,403,143.12,Rice
72,43,83,8.06,22.91,1.15,2.55,36.06,85.61,749.74,11.18,4.19,1629,94.36,Millet
62,26,24,6.97,37.17,0.72,1,18.05,33.52,392.61,6.35,4.76,1280,136.25,Wheat
68,27,71,5.76,34.09,0.72,2,36.39,55.12,2591.2,5.92,16.34,2193,317.46,Rice
61,75,27,4.68,29.32,1.44,2.56,37.74,66.27,2570.5,11.42,7.1,403,148.94,Rice
30,60,55,7.03,47.3,0.87,0.54,13.29,50.28,1725,12,13.88,1380,130.36,Wheat
122,74,110,5.99,38.24,1.48,0.23,27.21,49.06,751.8,8.75,15.6,1958,249.69,Millet
117,52,114,8.13,45.51,1.32,2.49,23.09,76.32,2488.28,11.48,9.24,1924,123.7,Rice
104,66,118,4.64,17.66,1.03,1.7,22.06,76.95,816.69,10.14,5.06,537,321.27,Potato
119,19,70,4.66,46.45,0.21,2.5,31.14,73.74,2610.56,5.5,10.02,2281,107.91,Rice
123,46,52,8.3,33.08,0.58,0.72,13.89,83.91,1386.55,9.47,3.55,60,332.61,Wheat
65,57,53,8.36,11.69,0.74,2.51,34.6,59.68,360.97,10.32,16.49,341,275.06,Millet
63,78,108,4.61,21.72,1.05,0.38,10.8,77.27,2487.25,9.94,16.32,248,232.39,Wheat
41,65,75,7.36,11.29,0.71,2.66,27.35,30.67,1769.76,8.24,18.74,1724,169.86,Rice
133,85,64,5.39,32.84,1.28,2.49,16.76,89.25,1091.4,8.12,16.43,729,135.82,Sugarcane
144,45,95,7.31,26.29,1.06,1.75,30.02,85.15,1468.21,10.57,13.33,687,244.25,Sugarcane
143,40,88,7.97,59.37,0.65,1.86,25.76,80.48,2681.36,9.51,8.18,1510,127.37,Rice
49,64,110,4.9,53.43,1.22,1.1,39.99,65.27,768.84,10.34,10.43,255,273.87,Millet
27,47,48,5.46,51.28,0.59,0.68,35.87,62.65,490.61,5.66,4.54,2162,339.88,Millet
117,82,109,4.6,35.06,0.28,1.42,20.1,39.01,2397.41,11.73,13.8,712,133.94,Rice
76,24,14,4.68,50.35,0.42,2.01,25.85,33.24,1940.72,9.86,16.86,1832,192.94,Rice
130,25,66,4.62,23.34,0.2,3,19.53,45.35,2635.91,7.38,14.25,1963,177.51,Sugarcane
92,86,24,7.7,38.03,1.28,2.47,31.86,39.06,1077.54,8.79,19.18,1660,189.9,Millet
134,62,100,5.69,29.65,1.02,1.36,22.67,63.65,1771.51,9.12,19.49,2071,176.4,Rice
39,65,25,6.47,18.57,0.94,2.26,13.46,49.95,318.78,10.41,14.23,1540,190.98,Wheat
44,16,66,7.65,13.63,1.06,0.41,29.82,53.27,2570.7,9.61,15.18,544,96.72,Rice
38,66,109,6.48,37.91,1.05,1.3,10.33,31.58,735.31,10.76,7.22,375,130.13,Wheat
24,64,111,6.22,14.88,0.94,1.33,18.92,62.92,520.93,7.16,1.86,432,299.32,Wheat
94,61,91,4.55,45.9,1.3,3,37.21,69.37,1556.75,7.37,17.31,847,100.72,Rice
147,13,108,6.77,56.07,0.77,1.23,12.83,50.06,2285.76,5.51,14.07,32,166.95,Wheat
91,52,34,5,18.11,1.25,0.34,25.13,37.88,787.35,8.13,19.33,216,86.54,Millet
59,49,31,7.56,33.55,1.22,0.29,33.85,72.22,853.72,7.21,1.01,150,54.51,Wheat
45,39,40,5.53,46.94,0.46,2.13,37.14,37.74,1083.66,9.32,14.6,901,261.53,Cotton
46,19,110,7.2,24.34,0.79,0.94,26.8,79.01,2471.06,8.82,6.1,1602,172.99,Rice
102,16,43,7.08,56.04,1.29,2.62,14.6,62.76,2292.59,10.86,9.44,441,327.85,Wheat
147,45,96,6.97,54.42,1.28,1.5,38.23,44.25,955.59,5.35,9.58,18,277.41,Maize
52,44,25,5.57,15.19,0.23,1.06,32.48,83.92,914.37,11.32,1.68,541,308.38,Cotton
116,48,79,5.57,11.37,0.49,2.3,21.87,38.51,2738.02,5.76,17.19,2345,150.57,Rice
130,45,68,7.95,58.82,0.75,1.31,18.31,66.07,1921.49,9.77,2.68,988,243.98,Wheat
35,29,24,4.55,57.82,0.26,2.24,11.43,67.05,829.95,7.99,19.1,1296,57.37,Maize
42,58,91,5.23,31.11,0.54,2.17,15.74,32.24,593.07,9.62,11.85,421,257.88,Cotton
154,68,111,6.94,12.53,0.54,2.2,33.33,66.58,385.23,8.29,6.22,1944,170.21,Millet
45,58,22,7.77,40.94,0.48,2.59,13.26,71.65,889.78,9.22,13.14,877,143,Wheat
115,35,33,5.93,24.67,0.72,2.56,13.88,84.61,2216.09,10.02,18.62,1099,319.27,Sugarcane
31,45,22,7.11,56.84,1.26,2.03,15.88,72.54,1240.64,5.54,15.83,1354,348.41,Wheat
91,52,74,6.73,49.73,0.52,2.88,21.86,59.07,2902.07,6.74,4.15,2291,247.03,Rice
152,52,45,4.76,42.48,0.96,0.16,15.67,81.2,1107.92,10.94,6.89,2140,138.65,Sugarcane
125,85,58,6.99,24.23,0.92,2.8,37.13,51.23,620.56,10.69,3.06,993,316.6,Millet
136,42,91,7.76,45.06,1.26,0.53,17.73,81.33,694.46,9.45,14.89,1886,297.92,Wheat
45,87,57,8.47,24.46,0.71,0.71,37.58,80.64,1567.67,6.44,4.82,1091,325.73,Rice
152,54,106,4.62,11.88,0.49,2.47,39.55,66.22,2824.88,5.65,15.17,1823,150.27,Rice
41,54,111,7.14,35.42,1.36,1.26,32.64,50.68,2720.78,4.39,3.5,510,117.55,Rice
32,24,52,6.16,34.43,1.28,1.33,10.22,65.47,713.29,11.47,15.49,2434,204.36,Wheat
126,26,15,4.54,48.15,1.01,0.86,17.2,84.35,2312.55,9.09,10.77,2225,339.46,Sugarcane
42,21,90,6.96,53.28,0.32,0.75,18.02,68.19,2306.66,7.3,16.94,2321,94.17,Wheat
116,31,77,4.99,27.72,0.22,0.41,26.28,80.4,662.85,9.52,10.86,633,229.88,Millet
37,32,23,6.01,32.47,0.44,0.67,14.75,50.68,1034.95,7.66,5.72,1109,79.21,Wheat
136,87,39,5.55,33.52,0.46,1.74,12.32,47.54,412.91,6.81,13.94,367,142.73,Millet
49,21,119,5.94,26.21,0.38,2.15,15.29,45.35,409.61,8.01,6.71,621,93.79,Potato
45,77,93,6.47,47.17,0.54,2.24,19.82,59.48,1437.89,9.89,2.75,1515,80.48,Wheat
58,60,17,5.94,36.11,0.64,1.17,11.48,55.92,1555.27,10.7,16.71,473,346.26,Barley
149,22,63,6.71,55.7,1.18,2.77,15.86,81.25,291.69,4.8,14.86,2261,91.27,Wheat
132,66,75,5.45,42.52,1.12,1.05,15.03,36.76,2905.44,4.52,2.09,1672,119.33,Sugarcane
153,64,110,7.04,20.59,0.34,0.42,33.17,63.24,1561.67,6.72,18.61,2325,107.86,Rice
65,37,13,7.92,18.24,1.47,2.84,15.09,54.2,2405.95,4.31,4.87,248,315.57,Wheat
69,53,83,5.4,28.62,1.18,1.67,33.75,86.25,1977.81,7.96,15.13,317,165.63,Rice
125,28,93,6.53,27.35,0.41,2.92,25.25,77.3,1934.07,10.59,1.42,886,70.04,Rice
91,55,69,7.09,30.36,0.36,1.24,32.74,56,1048.77,6.78,10.1,588,207.57,Rice
93,12,62,6.76,19.18,0.31,2.3,23.51,68.44,2683.91,7.81,5.88,1766,99.77,Rice
36,29,108,5.96,58.91,1.15,0.42,37.03,74.74,1039.27,8.59,11.55,642,253.39,Potato
89,34,83,7.07,17.29,0.51,2.58,18.3,34.27,2864.23,11.31,6.13,1102,178.72,Wheat
25,84,101,4.61,42.63,0.29,0.6,33,70.42,310.36,11.41,10.44,1243,225.7,Millet
45,65,24,5.98,10.65,0.75,0.3,14.9,38.37,521.16,9.05,1.21,4,334.83,Potato
159,70,109,6.63,30.35,1.12,0.38,36.48,41.34,2234.39,4.08,18.25,119,238.29,Rice
118,64,10,4.58,25.46,0.6,1.72,10.85,57.67,1904.35,5.52,16.36,562,70.49,Sugarcane
41,44,31,6.53,29.1,0.83,0.95,23.72,88.77,2207.78,5.61,1.47,733,285.95,Rice
70,87,100,7.12,34.9,0.45,2.89,22.64,87.13,1996.52,8.79,19.74,461,292.08,Rice
123,68,102,7.54,40.02,0.76,2.57,28.71,84.14,1676.17,9.66,18.63,1466,317.88,Rice
108,48,24,4.95,39.18,0.67,2.43,23.23,32.06,287.33,4.71,13.53,1322,164.22,Potato
157,66,83,8.46,41.54,0.76,2.45,27.67,81.17,2464.96,6.32,8.49,1883,116.83,Rice
28,76,93,6.92,52.23,0.81,2.68,35.85,76.57,1628.41,8.06,17.79,1244,216.03,Rice
98,43,31,5.95,54.34,0.32,2.61,14.26,59.93,496.28,10.17,17.31,71,237.42,Barley
71,50,59,5.5,46.86,0.32,2.79,17.32,49.53,738.97,6.76,9,20,208.8,Millet
149,31,57,6.79,13.95,0.54,2.81,34.08,75.34,2053.61,7.98,14.39,741,274.13,Rice
32,36,82,8.03,58.06,0.35,0.97,16.84,36.42,415.64,7.97,16.4,546,201.58,Wheat
70,30,60,6.58,57.37,0.53,0.74,37.17,69.03,2634.55,11.41,16.53,1267,339.16,Rice
53,50,105,7.15,45.59,0.23,1.96,26.22,70.31,2414.06,10.76,19.5,1370,163.61,Rice
54,40,26,5.93,35.87,0.66,0.46,12.46,63.22,1057.7,10.86,16.2,945,84.45,Barley
150,36,115,6.05,22.53,0.48,0.71,10.62,82.67,2673.83,5.33,11.54,1739,187.26,Wheat
139,46,92,5.64,47.82,1.36,2.34,32.89,49.79,2678.49,11.21,16.28,2195,139.57,Rice
89,75,113,7.32,53.89,1.32,1.98,35.69,58.69,2545.96,7.15,6.74,1318,95.96,Rice
86,63,100,5.94,43.26,0.59,1.99,17.2,75.52,1061.44,8.36,5.69,1197,215.31,Millet
122,18,60,5.26,41.45,0.82,2.86,17.22,73,2036.41,8.91,6.63,1810,161.88,Sugarcane
92,51,46,5.98,19.65,1.44,2.04,38.62,63.75,1463.98,7.44,11.34,204,108.4,Barley
135,45,107,7.92,27.89,0.88,1.35,29.69,46.33,1708.87,6.75,12.18,770,224.76,Rice
152,19,58,7.45,46.16,1.3,0.91,15.03,47.66,1347.13,5.98,7.09,1327,262.83,Wheat
86,68,68,5.84,10.84,1.27,1.08,23.46,74.47,211.17,8.11,10.15,2273,107.64,Maize
158,49,19,8.13,42.06,1.42,0.91,37.31,30.34,227.93,10.7,11.96,2266,321.27,Millet
140,63,39,4.8,48.33,0.6,0.2,28.64,69.16,2363.98,10.12,6.27,1719,219.51,Rice
113,48,94,4.7,26.74,0.26,0.86,22.22,44.9,2849.87,8.08,2.08,977,77.62,Rice
148,16,30,5.01,13.81,0.34,2.52,14.53,70.38,842.9,6.74,3.01,1849,193.66,Wheat
110,13,43,4.97,50.96,0.94,2.21,31.78,41.22,1724.1,4.1,12.64,804,256.01,Rice
111,24,82,4.85,17.09,0.89,1.9,18.29,52.59,1056.91,5.66,18.51,2498,54.82,Sugarcane
82,85,107,7.15,28.54,0.59,2.72,26.98,75.23,1537.12,5.49,9.47,1460,75.64,Rice
48,57,59,6.9,45.36,0.52,0.87,28,75.31,530.82,8.71,10.66,805,271.62,Millet
31,15,85,7.09,50.85,1.12,1.78,26.66,42.58,2231.14,11.37,1.76,611,130.06,Rice
96,82,56,7.25,53.12,0.64,0.19,17.39,52.58,1645.51,6.53,19.09,2064,157.03,Wheat
60,44,94,7.53,36.52,0.99,2.69,31.25,60.15,1064.43,10.35,17.31,1497,145.42,Rice
149,81,93,5.33,33.79,1.13,1.4,26.98,65.24,2057.99,6.64,10.27,1389,152.82,Rice
56,80,15,6.99,52.42,0.76,0.62,22.11,74.55,1631.48,11.71,17.76,544,208.46,Rice
43,77,59,6.82,38.15,0.45,0.79,11.56,31.42,1331.99,5.56,9.3,775,80.06,Wheat
118,67,118,8.27,38.93,1.32,2.56,19.94,36.92,1692.95,7.26,9.69,993,298.1,Wheat
119,86,109,5.43,31.7,0.32,0.42,20.57,39.46,2870.3,5.19,13.98,1898,143.35,Rice
158,28,72,4.73,28.64,1.28,2.78,33.73,41.44,393.99,5.81,7.14,1461,273.16,Millet
77,71,21,7.11,34.03,1.29,1.18,25.4,31.82,2787.14,4.85,17.75,509,243.47,Rice
48,80,50,7.46,28.24,0.94,0.83,37.96,85.23,553.73,4.88,5.06,787,267.4,Millet
79,19,40,5.63,27.18,1.02,1.06,32.52,39.73,777.84,9.03,19.25,427,225.19,Millet
114,34,11,6.78,59.68,0.67,1.29,26.14,34.42,2941.71,10.27,18.61,1450,175.77,Rice
61,53,25,4.74,26.81,1.29,1.69,15.07,58.3,2468.13,4.65,7.57,623,67.03,Wheat
62,67,10,8.34,22.82,0.54,1.8,16.63,86.47,1184.8,5.77,13.55,2392,180.57,Wheat
93,34,13,4.94,27.7,0.93,1.4,14.8,87.86,1333.22,6.57,10.44,284,53.37,Rice
83,85,56,4.77,39.54,0.2,1.39,23.29,70.58,1037.52,11.49,12.11,1723,50.02,Pulses
21,49,74,4.68,55.55,1.42,0.93,31.68,40.7,830.48,8.78,4.28,1674,124.41,Sugarcane
85,85,61,6.21,49.39,1.43,1.21,32.78,30.23,370.46,4.86,15.22,1541,285.83,Millet
50,79,56,4.89,52.11,1.12,1.45,12.88,50.1,294.27,6.96,10.7,688,121.11,Wheat
134,19,108,7.48,52.95,0.75,1.83,24.88,37.53,1604.47,9.72,2.98,2071,266.3,Rice
45,75,86,8.1,56.03,0.43,0.48,24.44,75.31,1684.3,11.83,16.19,1649,215.5,Rice
48,34,59,5.54,21.75,0.84,2.32,23.17,88.15,2332.38,9.91,18.13,102,266.76,Rice
97,80,54,7.02,32.92,1.23,2.07,19.04,35.02,466.36,5.45,1.12,1673,88.75,Wheat
44,20,51,4.67,29.26,0.99,0.97,24.27,53.82,1641.2,10.55,16.33,2413,121.29,Rice
67,45,104,6.05,29.09,0.89,1.43,25.5,84.15,2788.49,4.03,11.78,2076,253.77,Rice
84,58,93,5.67,42.61,1.3,2.85,27.99,73.7,2587.45,7.86,1.96,1278,286.85,Rice
86,57,65,5.41,30.09,0.61,0.16,21.32,82.19,1696.79,6.76,9.47,1993,222.9,Rice
109,16,80,7.08,40.82,1.32,2.45,38.35,85.38,574.18,11.57,8.9,1476,56.59,Millet
156,86,66,5.02,29.11,0.77,1.58,20.17,54.76,636.94,4.37,4.65,1714,337.01,Sugarcane
57,60,113,7.94,25.56,0.2,1.89,36.85,71.62,1536.55,6.04,7.84,109,276.42,Rice
106,26,42,7.16,27.65,1.15,2.09,34.04,72.56,1928.59,6.08,10.56,2147,346.48,Rice
84,41,37,7.34,50.19,1.34,1.42,23.96,67.85,2940.13,7.39,11.43,2380,188.31,Rice
46,35,53,8.24,40.05,0.83,0.66,24.89,49.55,2527.62,11.39,3.77,856,52.56,Rice
125,31,65,8.27,58.7,0.79,2.74,36.1,79.93,1360.23,9.22,12.14,1674,122.66,Sugarcane
142,22,53,6.71,51.63,1.25,2.25,24.78,76.13,1180.47,4.97,5.88,864,74.1,Sugarcane
63,21,93,6.48,34.29,1.35,1.72,30.38,56.71,237.76,10.6,4.1,753,324.11,Millet
119,80,105,5.84,22.12,1.47,1.4,34.28,55.26,221.6,9.04,7.29,104,238.76,Millet
47,10,82,7.36,43.7,0.65,1.55,37.24,30.65,1528.43,4.13,13.1,238,209.31,Rice
36,42,43,6.65,46.33,0.97,2.49,16.54,80.61,394,11.35,19.23,2027,144.08,Wheat
146,23,23,8.23,33.21,1.27,0.14,39.26,47.04,637.81,4.38,16.67,1103,120,Millet
142,73,77,5.45,21.5,0.89,2.61,38.96,58.25,2945.06,8.88,17.44,819,276.57,Rice
150,52,38,5.74,37.86,0.8,0.24,18.92,54.68,2208.28,8.81,5.11,1037,128.06,Sugarcane
95,67,88,5.76,22.69,0.94,1.89,28.41,70.69,1466.3,8.87,9.77,782,238.98,Maize
65,50,26,7.72,57,0.66,1.07,11.41,53.41,2602.07,10.79,9.48,952,175.06,Wheat
88,77,92,4.9,41.44,0.45,2.07,15.03,40.78,696.76,4.99,9.75,554,232.61,Wheat
156,48,111,6.32,24.6,0.29,0.35,27.51,82.12,1290.09,8.28,4.79,1123,196.36,Sugarcane
104,10,18,6.21,20.79,0.99,1.71,29.5,41.01,1025.3,8.59,17.02,479,110.85,Sugarcane
30,50,36,4.79,45.84,0.69,2.58,26.04,31.71,2987.3,7.18,7.3,149,128.19,Rice
88,54,58,6.14,45.39,1.35,1.53,31.14,41.77,2723.09,8.22,10.01,2286,320.76,Rice
118,88,88,6.55,39.86,0.49,0.34,33.79,57.31,1673.03,8.01,7.89,247,52.43,Rice
110,22,46,4.76,40.72,0.6,0.21,15.05,55.39,1387.31,10.07,7.6,1652,87.55,Sugarcane
113,80,37,6.54,40.19,1.46,1.9,29.79,77.78,2994.71,5.17,12.67,520,108.24,Rice
134,18,59,8.34,28.01,0.92,0.3,26.88,41.7,777.72,4.24,19.87,235,59.45,Millet
50,72,64,8.42,56.87,0.65,0.31,13.53,76.54,1342.08,11.45,17.81,1051,187.95,Wheat
30,32,13,6.63,33.96,1.32,1.33,16.86,35.78,2192.95,6.51,18.63,1453,194.94,Wheat
106,63,94,6.56,11.02,1.17,0.71,22.59,58.42,2170.73,10.33,9.25,1066,133.27,Rice
140,56,107,5.64,27.42,0.95,0.69,35.91,81.92,1807.88,6.56,4.61,1319,187.27,Rice
149,48,28,8.49,16.51,1.36,1.49,16.51,54.78,2865.29,4.03,1.26,1441,235.15,Wheat
124,35,46,5.6,28.17,0.32,0.91,15.49,87.8,890.95,5.72,1.83,1277,77.85,Wheat
46,10,13,6.31,40.41,0.71,0.74,31.63,67.86,1792.16,4.84,14.8,508,184.7,Rice
21,23,46,4.51,11.13,1.25,1.59,39.27,75.4,2469.34,10.58,7.9,170,123.75,Rice
122,83,60,5.9,53.51,0.7,0.94,23.42,60.59,850.89,5.37,13.42,26,238.25,Millet
120,74,41,4.79,40.52,1.4,0.33,20.5,55.79,2639.22,11.95,11.5,108,313.22,Rice
40,78,54,7.48,24.77,0.4,2.08,17.62,35.08,1989.56,8.9,19.62,656,293.54,Wheat
77,76,21,6.74,25.56,0.64,1.8,11.49,37.2,1267,6.58,14.54,578,194.1,Wheat
152,58,50,6.79,33.28,0.75,0.72,15.35,64.3,2013.54,8.04,19.67,1215,69,Wheat
104,59,65,5.65,22.4,1.09,1.79,12.8,66.82,2798.57,11.69,6.7,1999,245.52,Sugarcane
112,67,89,7.76,10.22,0.45,2.87,24.82,89.09,2966.89,9.09,7.3,59,348.76,Rice
39,62,23,4.51,11.33,0.21,2.87,39.35,81.46,988.02,10.03,10.69,1105,240.39,Maize
80,66,63,5.83,27.89,1.47,1.64,33.62,80.67,2745.41,7.95,10.43,2063,58.75,Rice
57,27,72,7.14,16.21,1.37,0.38,28.05,47.2,308.04,8.26,10.89,879,88.11,Millet
44,25,74,8.13,11.12,0.59,1.43,24.6,54.71,220.37,11.87,17.19,1480,155.13,Pulses
149,11,67,5.44,52.96,0.83,0.18,28.52,36.13,1884.53,8.84,14.57,1963,277.2,Rice
140,22,105,6.66,23.71,0.84,1.3,21.28,64.89,1548.61,8.34,4.38,1882,105.19,Rice
45,54,30,6.65,35.16,1.33,2.74,15.35,34.17,1513.71,10.99,12.15,1227,65.32,Wheat
86,89,13,8,18.97,0.98,1.46,27.69,56.81,855.39,7.59,4.33,1599,209.92,Rice
20,81,82,4.7,12.34,1.27,1.7,25.84,63.97,1872.89,7.79,9,797,163.97,Rice
70,52,55,6.2,47.24,1.39,0.56,38.34,43.69,247.44,9.68,18.28,927,126.96,Millet
24,81,95,5.23,16.25,0.94,0.15,29.49,76.53,1414.67,5.28,2.39,2244,142.58,Wheat
32,63,21,4.59,11.29,0.57,2.98,33.2,70.49,1227.42,5.04,19.3,609,324.06,Barley
159,83,39,5.09,39.36,0.85,1.08,12.78,38.87,740.55,8.95,5.21,1163,245.91,Barley
67,40,103,8.41,10.67,1.31,0.91,32.83,89.02,1630.09,5.47,4.34,1687,326.97,Rice
76,85,105,5.36,31.81,0.96,1.76,39.49,62.52,2132.73,7.48,10.13,1641,78.91,Rice
134,18,69,8.24,24.44,1.36,2.26,29.72,31.59,2476.31,10.44,18,2369,145.45,Rice
54,82,109,5.32,25.97,1.36,0.83,32.26,51.01,1494.3,6.48,4.56,820,205.17,Wheat
95,57,80,8.23,10.19,0.69,1.62,39.39,88.76,871.69,9.94,1.14,424,248.77,Wheat
113,27,90,7.12,58.22,0.78,1.06,21.74,84.14,787.71,6.62,8.96,1697,177.59,Rice
24,20,74,4.95,35.85,1.08,1.49,34.73,39.07,1821.72,4.32,11.9,1376,79.89,Rice
41,71,23,6.83,38.63,0.34,0.57,21.99,81.3,1289.91,4.73,15.2,14,248.9,Wheat
122,28,53,5.77,43.31,0.81,1.58,22.78,67.1,1089.16,7.47,2.06,2170,332.92,Sugarcane
150,83,117,6.03,49.88,0.39,0.24,29.75,31.3,1664.33,6.54,10.92,2139,324.33,Rice
143,33,111,6.26,40.4,1.3,2.54,17.69,75.45,1757.98,7.75,4.17,569,135.13,Wheat
72,22,35,6.19,48.11,1.43,1.92,39.78,54.77,854.72,8.18,9.17,1768,303.38,Rice
88,55,100,7.16,32.44,0.38,2.83,19.88,53.77,1259.25,11.54,19.42,2003,266.97,Wheat
123,62,118,7.57,28.56,1.07,1.84,13.69,52.97,2181.56,7.78,19.62,658,239.63,Wheat
35,38,25,5.82,51.16,1.03,0.63,19.68,65.79,1284.72,10.86,19.72,2157,327,Maize
135,45,119,8.2,53.27,1.19,1.5,35.68,72.85,1443.48,10.81,7.9,1774,55.19,Sugarcane
95,80,16,8.25,16.89,1.1,2.03,19.42,68.86,1992.08,11.1,14.36,1962,339.55,Wheat
128,26,41,4.66,37.13,0.48,1.19,28.34,44.51,734.25,8.3,17.58,496,330.6,Millet
58,57,98,4.56,44.18,0.58,1.7,38.06,72.41,2627.02,6.29,10.61,1871,325.72,Rice
108,86,104,6.2,14.18,0.41,0.57,17.8,38.13,1147.52,10.29,10.02,78,210.42,Wheat
131,33,25,6.86,56.48,1.4,2.35,13.94,88.28,2125.44,6.58,14.72,422,79.68,Wheat
66,63,114,5.61,36.01,0.88,2.74,12.91,58.42,1032.18,11.17,10.55,2336,198.27,Barley
156,10,87,5.54,42.27,1.47,1.01,23.21,35.48,2014.8,4.84,12.06,468,291.86,Rice
147,88,98,7.21,18.91,0.78,2.4,13.13,64.6,976.56,9.43,9.61,1206,175.78,Wheat
96,76,71,6.91,23.22,0.92,0.37,23.61,64.62,2294.54,7.85,14.9,737,121.11,Rice
34,15,39,5.17,16.05,1.23,0.82,35.88,32.33,493.59,8.86,17.15,577,319.8,Millet
55,87,80,8.04,23.2,1.24,1.44,33.32,30.65,1060.96,4.89,9.63,26,121.93,Pulses
82,64,21,7.22,34.62,0.5,1.22,27.45,89.77,1789.02,11.77,10.33,2496,333.82,Rice
88,47,76,5.95,51.68,0.57,1.9,35.51,53.41,1972.93,9.72,18.53,1347,119.18,Rice
93,42,100,7.23,36.69,0.33,1.73,13.01,44.73,586.87,6.28,11.7,666,121.23,Wheat
43,17,55,4.95,22.22,1.25,0.35,28.28,62.86,1094.7,11.12,10.02,48,300.4,Potato
68,88,92,6.37,12.23,1.23,0.48,13.47,30.5,485.01,7.62,19.45,320,113.87,Wheat
26,87,52,5.18,41.1,0.31,0.25,24.46,30.77,2536.17,5.49,2.26,2240,154.39,Rice
23,29,110,4.67,31.01,0.53,2.86,23.9,36.77,2954.25,7.44,12.84,1995,216.7,Rice
109,64,64,5.85,59.22,0.78,1.97,17.95,78.15,994.64,6.55,1.49,1323,258.03,Millet
79,57,54,5.1,48.99,0.9,2.58,34.9,44.89,1552.72,9.67,9.53,662,94.01,Rice
74,65,69,7.03,50.42,0.88,1.67,16.85,60.21,1618.28,4.17,7.16,951,280.59,Wheat
35,19,115,7.2,10.61,1.48,0.66,26.56,43.42,660.46,11.04,9.26,938,184.57,Millet
48,61,80,5.09,48.89,1.19,1.92,24.47,62.69,2069.31,7.46,18.16,829,318.58,Rice
33,59,89,4.6,19.73,0.35,1.57,22.95,60.53,1646.99,4.9,10.67,2106,246.69,Rice
98,43,41,7.67,39.29,0.58,1.28,11.01,54.04,1638.79,10.14,12.09,1137,119.21,Wheat
52,45,17,4.51,32.37,0.65,1.18,30.9,55.99,364.03,11.91,7.26,1738,156.71,Millet
40,70,86,5.88,38.58,0.61,1.99,10.38,69.2,423.77,11.22,19.72,896,289.06,Potato
42,25,71,6.48,16.67,1.22,1.89,34.62,80.53,2900.02,5.32,19.52,1769,149.13,Rice
76,88,84,7.77,32.84,0.67,0.54,17.99,49.16,2831.19,5.73,17.56,819,89.18,Wheat
112,27,29,7.85,11.85,0.84,2.47,13.6,61.93,251.04,11.9,14.45,149,343.03,Wheat
39,80,27,7.4,12.05,0.89,1.94,22.51,81.25,1713.29,5.62,9.13,94,331.75,Rice
38,56,110,5.49,42.89,0.55,1.65,26.78,40.08,381.58,6.41,3.4,2220,136.51,Millet
122,41,15,7.38,57.58,0.62,2.27,19.31,88.77,2420.81,8.98,18.27,1507,159.65,Wheat
96,52,93,5.49,48.87,1.21,0.55,13.65,75.04,337.91,6.33,11.14,928,311.16,Wheat
52,49,105,5.36,33.46,1.33,2.77,10.55,51.97,1738.08,7.05,11.67,1016,51.02,Cotton
37,74,119,6.69,12.79,0.25,0.88,31.11,52.51,1933.96,9.93,2.95,961,165.97,Rice
92,44,117,7.22,12.25,0.99,0.86,36.59,42.32,468.96,8.75,16.06,1355,66.6,Millet
36,78,38,4.71,17.89,1.02,2.46,13.02,46.07,1864.24,10.48,11.49,2129,309.71,Barley
38,59,13,4.74,58.79,1.16,1.07,16.92,65.22,2836.7,10.2,5.91,130,192.11,Barley
89,21,80,7.64,29.93,1.1,2.51,10.61,30.22,472.56,10.39,4.26,1195,347.21,Wheat
139,85,52,7.94,52.17,1.34,1.05,36.55,31.39,2117.07,5.42,12.67,861,108.73,Rice
120,67,93,6.92,45.26,0.3,1.7,23.34,89.19,959.51,6.06,17.41,1764,149.05,Wheat
53,72,43,6.22,40.27,0.7,0.77,37.76,44.13,966.13,5.46,10.98,1434,102.07,Wheat
103,82,109,7.88,57.39,1.22,2.22,24.04,79.77,1723.55,4.98,17.35,380,56.95,Rice
93,58,80,7.42,21.52,1.3,0.58,35.87,66.74,2797.96,10.8,4.56,1509,331.74,Rice
107,45,42,6.82,32.74,0.54,2.71,38.55,56.76,846.02,4.03,11.51,2103,279.4,Barley
104,63,24,5.78,53.24,0.96,1.18,20.05,73.93,2981.33,9.02,9.38,1994,298.14,Rice
30,56,105,5.29,37.59,0.43,1.47,29.22,33,456.06,10.98,7.14,1247,166.46,Millet
110,41,95,6.17,22.32,1.31,0.17,29.99,75.36,2832.5,5.34,2.9,1158,325.55,Rice
146,62,49,5.65,20.45,1.15,2.93,10.64,81.42,249.96,11.45,4.92,1224,76.69,Tomato
132,41,102,5.86,47.64,0.49,2.46,23.15,46.81,654.09,11.66,17.88,358,89.03,Cotton
99,71,98,6.56,10.64,1.01,1.4,35.66,48.1,2933.88,8.65,7.88,1309,183.21,Rice
26,46,14,5.18,55.71,0.86,2.77,38.39,36.18,945.14,9.34,17.3,929,93.02,Rice
35,47,87,7.72,10.92,0.54,2.8,36.98,81.35,219.89,5.49,16.47,1986,84.92,Millet
35,39,59,5.08,41.55,1.36,1.65,39.19,78.47,2678.18,11.87,6.79,2346,208.33,Rice
31,67,108,6.42,40.24,0.39,0.78,29.59,55.51,2759.12,9.92,10.09,2093,109.55,Rice
54,41,75,7.48,38.92,0.81,1.51,16.98,52.66,2284.36,8.13,9.61,1646,293.23,Wheat
40,75,98,6.44,33.72,0.96,1.04,27.26,55.65,2830.76,8.01,18.04,1623,318.81,Rice
36,60,63,5.94,52.62,1.27,1.4,22.63,55.22,943.88,8.94,12.68,1180,259.24,Tomato
51,20,89,6.4,42.97,0.4,2.74,17.76,55.78,2006.85,5.49,9.31,2404,120.62,Wheat
60,68,55,7.89,49.09,0.99,0.92,33.18,38.74,2278.58,8.78,10.87,2214,283.77,Rice
153,29,89,8.46,15.78,0.21,2.53,28.88,30.81,2926.09,4.56,16.99,656,65.02,Rice
46,46,20,7.02,12.49,1.27,2.81,33.7,75.75,2714.8,8.84,6.85,294,240.67,Rice
85,82,58,7.67,11.43,0.51,2.43,18.08,50.62,365.38,8.6,8.9,2356,327.95,Wheat
156,58,108,4.56,17.36,1.14,1.63,37.12,59.45,1149.34,6.86,3.48,369,229.01,Sugarcane
111,28,32,8.02,43.35,0.98,1.74,17.16,48.45,1922.34,4.72,11.79,2201,325.94,Wheat
80,64,64,8.32,34.7,0.27,2.48,28.06,52.9,2595.08,8.4,19.43,1511,243.13,Rice
22,49,14,6.8,47.61,0.44,0.23,11.71,34.49,983.05,7.5,7.54,1691,286.19,Wheat
122,16,73,7.52,19.59,0.55,2.23,26.23,52.22,222.55,6.5,18.87,2385,185.87,Millet
74,14,44,6.55,28.35,1.35,1.63,12.96,57.79,723.48,7.42,16.29,898,238.14,Wheat
20,51,102,5.64,54.42,0.83,1.25,19.97,79.97,1390.95,4.49,16.06,409,65.1,Pulses
120,57,78,7.91,56.79,1.39,2.32,35.82,49.33,371.21,4.68,15.11,2041,58.59,Millet
64,16,63,6.89,56.09,0.26,0.87,36.81,35.31,318.52,5.15,15.44,922,90.29,Millet
45,20,12,6.82,50.92,0.21,2.7,33.02,75.55,1324.53,8.43,7.4,143,207.01,Barley
140,82,15,7.14,44.41,1.43,2.1,21.03,52.54,2014.05,6.26,16.81,2131,291.7,Rice
65,58,96,7.92,55.68,1.14,1.87,27.36,84.92,2189.41,5.88,19.5,1882,299.86,Rice
141,39,119,7.43,45.71,1.22,1.62,16.72,87.54,1691.85,9.04,2.98,1170,333.84,Wheat
50,50,65,5.34,57.7,1.39,0.72,30.35,82.31,1420.45,8.77,3.41,763,136.09,Barley
78,12,11,6.37,11.24,1.48,1.89,20.42,43.6,252.78,6.71,1.22,1027,325.47,Cotton
48,49,91,8.42,56.08,0.33,2.2,16.63,45.23,935.25,11.5,14.34,2281,295.39,Wheat
125,60,103,6.72,37.79,0.41,0.13,27.55,77.65,2075.65,7.19,2.38,114,170.12,Rice
36,41,47,8.25,15.59,0.45,1.16,13.35,56.77,1458.75,5.52,10.92,2234,169.69,Wheat
43,57,65,7.75,20.75,1.26,2.51,30.6,47.87,939.55,11.11,14.07,740,285.39,Wheat
128,80,14,7.16,52.61,0.66,1.93,15.61,47.63,842.37,9.62,12.3,2496,229.09,Wheat
110,80,55,5.9,35.31,0.97,1.88,26.6,64.65,248.34,9.99,12.54,572,232,Millet
44,29,20,5.72,59.14,1.31,0.76,21.78,83.7,2510.18,10.79,19.27,577,136.59,Rice
51,44,74,7.07,15.88,1.09,1.93,26.99,67.14,2658.54,10.37,6.73,1454,289.35,Rice
135,33,19,6.23,30.63,0.29,2.38,17.38,67.22,1223.88,10.78,12.79,184,251.12,Wheat
101,49,50,7.7,26.59,0.78,1.27,19.31,74.82,2163.52,5.82,12.91,1771,92.71,Wheat
129,86,53,7.54,35.81,0.29,0.63,14.21,75.62,381.89,8.93,6.24,697,185.63,Wheat
56,61,99,5.75,41.67,0.82,0.32,33.31,84.57,2688.45,9.41,6.76,613,165.89,Rice
45,48,42,7.31,43.08,0.49,1.57,12.1,39.73,2738.99,6.34,15.08,892,331.42,Wheat
156,77,100,6.48,10.06,0.2,2.08,21.29,89.08,639.16,11.95,6.98,690,206.9,Pulses
83,70,65,5.79,14.45,1.26,0.57,23.47,49.73,2385.7,10.46,5.41,845,94.16,Rice
91,85,21,6.15,11.75,1.46,1.32,15.86,46.89,1525.09,11.32,19.69,1954,315.63,Wheat
125,74,11,8.08,53.23,1.45,1.75,21.54,60.59,2106.86,5.22,2.76,1065,102.37,Rice
105,71,10,5.94,25.66,0.59,0.55,22.54,45.86,1529.12,4.3,6.94,1702,233.13,Rice
72,11,74,5.65,28.35,1.28,0.88,16.73,43.97,420.25,4.23,16.97,1533,171.73,Barley
111,15,42,5.91,32.52,1.08,1.86,29.18,88.01,2552.12,10.93,4.85,1672,92.57,Rice
118,84,95,5.36,52.47,1.24,2.2,10.93,36.24,440.07,8.37,5.89,911,159.95,Sugarcane
30,52,85,6.68,10.71,1.3,1.94,15.93,89.4,1208.43,6.46,4.08,1256,79.97,Wheat
50,49,112,5.09,15.93,1.47,2.17,28.72,67.35,2960.69,10.44,12.12,2145,210.45,Rice
119,48,45,7.77,44.26,0.4,1.79,28.83,87.51,1394.72,9.15,1.05,628,289.11,Sugarcane
106,37,30,5.4,58.19,1.2,2.52,17.96,83.84,2496.81,8.95,17.64,529,230.7,Sugarcane
159,89,93,6.89,42.14,1.15,2.5,30.49,68.9,672.99,10.38,8.13,2036,237.64,Millet
34,72,45,5,23.06,0.57,2.41,24.09,65.39,2524.18,7.75,10.53,304,197.57,Rice
120,73,35,8.41,35.99,0.71,1.77,25.82,89.56,1491.4,5.29,5.73,788,93.73,Sugarcane
48,21,56,6.32,58.75,0.43,2.98,19.98,60.91,1627.8,11.34,1.8,18,282.38,Wheat
133,50,104,7.79,36.4,1.39,0.21,39.53,40.73,2912.23,10.92,19.28,1151,349.58,Rice
126,38,10,7.57,28.68,1.34,0.67,32.12,89.58,2681.18,5.99,17.73,1155,123.87,Rice
127,32,47,7.35,29.17,1,2.45,17.45,49.41,1173.76,6.63,6.25,1105,324.91,Wheat
149,89,23,7.81,58.35,0.87,2.5,17.1,35.24,2858.34,10.56,2.89,1581,72.01,Wheat
103,60,99,4.9,45.95,0.5,2.47,33.23,73.01,488.74,11.78,9.55,16,152.62,Millet
34,54,55,7.21,44.36,1.23,2.63,21.64,56.76,273.32,10.2,11.46,1995,268.25,Sugarcane
151,31,51,5.56,21.6,0.21,1.33,12.75,53.28,1691.39,4.42,11.84,1117,279.83,Sugarcane
69,19,16,7.64,37.97,0.8,2.8,11.07,67.9,2355.71,7.27,18.42,755,311.27,Wheat
42,16,64,8.33,27.84,1.32,0.71,22.42,33.17,818.63,10.21,13.79,2051,282.64,Barley
78,82,65,8.11,22.01,1,2.82,22.44,71.89,424.83,7.73,12.71,704,184.52,Barley
109,24,85,4.96,54.78,1.03,1.71,31.21,60.21,2567.42,9.41,2.62,1386,182.71,Rice
134,86,72,5.98,29.16,0.29,0.58,27.24,59.41,2961.69,4.29,10.97,2134,53.73,Rice
94,55,33,5.96,24.14,0.57,2.23,33.1,84,2144.09,5.69,11.51,601,344.41,Rice
142,70,92,4.99,56.59,1.08,0.96,19.53,79.87,2930.74,10.07,12.97,1538,215.02,Sugarcane
155,70,82,4.89,19.87,0.26,0.74,28.73,61.9,2531.49,5.54,4.06,1694,268.6,Rice
158,60,108,6.04,47.28,0.63,0.6,36.57,64.7,905.19,11.77,19.26,619,115.42,Cotton
37,47,13,8.47,42.64,0.66,0.19,12.08,78.42,507.39,6.93,11.87,1879,233.65,Wheat
69,21,118,6.78,56.02,0.85,2.32,31.25,54.68,2464.98,5.55,8.91,2225,310.98,Rice
137,86,51,6.99,51.6,0.67,1.51,31.48,70.27,2046.88,5.55,13.61,2358,94.85,Rice
156,75,105,6.38,45.26,0.79,2.94,33.82,62.45,2476.09,5.4,3.75,1248,227.62,Rice
158,63,119,7.15,25.73,0.91,1.37,18.07,59.98,2211.43,6.78,9.29,2072,125.79,Wheat
127,48,79,8.33,34.78,0.37,2.55,22.5,89.08,1614.44,8.65,14.7,1673,236.9,Rice
86,85,37,6.85,57.22,0.43,2.91,17.19,31.05,2834.31,11.07,18.87,1790,149.94,Wheat
97,48,101,4.76,11.16,1.28,0.17,19.26,54.88,2309.97,11.47,9.49,1428,304.84,Barley
94,87,49,6.47,49.72,0.8,0.41,39.06,85.81,223.87,8.8,12.98,1001,255.96,Millet
58,39,60,8.47,22.59,0.66,1.11,23.37,85.69,2171.93,9.06,9.19,1045,123.89,Rice
44,57,38,6.05,19.25,0.76,2.62,35.46,74.86,1723.6,8.17,10.95,1966,72.08,Rice
40,40,51,6.88,21.61,0.43,2.53,33.85,65.51,587.24,6.69,10.56,1864,177.74,Millet
157,34,78,4.93,12.99,0.51,1.16,23.34,71.45,1418.36,8.27,14.23,1447,295.67,Sugarcane
34,77,14,5.06,59.6,0.87,0.68,39.77,45.18,1667.67,5.32,13.42,558,181.98,Rice
67,60,110,8,53.49,0.67,2.43,35.22,59.3,1511.67,6.58,1.15,1234,230.19,Rice
105,22,50,5.7,36.05,0.82,1.83,24.48,62.16,1416.26,5.6,2.58,1957,132.79,Sugarcane
135,72,70,5.72,45.76,0.39,0.19,19.29,33.82,1967.31,10.72,15.45,283,203.16,Sugarcane
69,51,64,6.05,37.83,0.4,2.43,12.26,81.97,2044.08,5.3,4.07,1228,316.34,Wheat
88,63,37,8.37,50.58,0.7,2.88,23.94,57.4,2153.07,9.98,15.62,1331,202.41,Rice
23,76,50,4.84,52.24,0.69,0.22,20.8,83.93,2332.03,4.53,16.49,1494,321.19,Rice
97,89,18,7.78,21.64,1.35,0.93,31.34,53.4,2532.82,9.28,18.76,2268,265.46,Rice
28,65,38,5.87,32.99,0.24,2.48,10.59,54.53,1807.67,10.12,16.46,2059,251.89,Sugarcane
140,28,87,7.9,41.74,1.49,1.8,34.94,44.65,404.2,4.8,11.14,919,316.54,Millet
134,55,47,8.47,58.92,1.44,2.97,22.5,68.66,1221.33,10.18,5.01,23,112.87,Sugarcane
120,24,71,5.89,44.13,0.9,2.75,24.09,62.91,210.62,8.69,3.44,1988,305.78,Cotton
116,41,63,5.02,54.88,1.13,0.62,15.48,84.78,1866.58,9.49,17.61,1916,115.86,Sugarcane
100,58,61,5.08,52.31,1.42,2.05,38.12,55.75,2930.16,9.79,8.42,1900,293.43,Rice
62,30,113,7.53,39.1,0.53,1.99,21.95,68.88,2515.84,5.31,1.99,136,138.29,Rice
114,74,43,5.08,54.68,0.61,0.42,35.28,72.45,1561.45,10.38,7.6,2413,314.57,Rice
25,79,46,5.54,28.87,0.34,0.36,17.12,49.19,2182.94,10.25,17.51,352,199.49,Barley
86,36,58,5.32,28.96,0.93,1.75,12.9,82.85,2277.26,9.17,11.68,1442,337.98,Potato
159,32,51,5.92,49.05,0.41,1.27,29.07,52.85,1865.54,8.04,13.19,1810,73.74,Rice
119,56,23,4.8,16.73,1.41,1.68,39.53,68.24,2679.63,10.8,5.82,1499,55.67,Rice
31,21,91,7.93,25.29,0.76,0.79,29.41,66.95,1101.15,11.05,1.37,1208,342.51,Tomato
85,75,42,7.94,40.43,1.4,1.71,28.26,55.28,2085.47,6.68,18.42,432,78.62,Rice
21,14,107,6.15,31,0.47,1.21,23.27,41,381.02,8.26,2.41,697,263.63,Pulses
100,18,101,6.95,57.04,1.1,2.67,18.51,65.55,587.1,7.6,19.99,229,192.26,Wheat
154,29,109,7.07,57.93,1.04,0.99,22.92,52.53,2827.68,7.4,17.51,2365,282.77,Rice
89,72,118,7.5,35.13,0.72,2.63,14.47,52.75,1720.61,10.62,3.2,916,95.8,Wheat
134,81,110,6.58,36.95,1.37,1.23,17.86,59.58,2312.27,9.31,19.99,1408,257.79,Wheat
107,82,96,6.54,46.23,0.77,1.78,24.62,70.63,2634.01,7.79,16.35,2291,67.45,Rice
25,80,115,7.03,32.86,0.46,0.93,14.34,73.78,2815.58,10.31,17.12,240,316.08,Wheat
46,39,26,7.31,19.5,1.47,2.45,33.75,55.62,451.31,11.54,16.38,276,263.13,Millet
101,25,84,5.89,47.35,0.77,2.55,10.35,37.19,2165.12,7.26,18.65,6,160.3,Sugarcane
107,14,41,5.82,46.89,0.47,2.45,19.65,77.5,1963.56,5.08,15.38,1589,86.35,Sugarcane
139,38,110,5.58,22.25,0.67,1.96,25.5,70.16,1880.38,11.36,11,819,178.68,Rice
43,56,88,6.7,51.65,1,0.98,37.87,78.04,607.2,11.66,1,1749,240.24,Millet
121,31,77,5.94,40.68,0.87,1.95,27.2,48.95,2364.94,7.27,6.31,653,258.1,Rice
53,87,48,6.66,21.82,1.03,2.88,18.85,84.55,1083.63,9.19,12.4,2405,207.22,Wheat
66,66,103,6.12,42.6,1.06,1.98,20.57,45.76,822.16,4.72,6.93,1705,151.35,Millet
43,44,19,7.85,21.68,0.36,2.87,20.17,47.39,2180.36,4.37,8.79,1307,106.5,Rice
84,69,96,4.79,23.26,0.61,0.98,15.41,62.18,803,4.76,3.05,2196,121.02,Maize
37,79,33,6.79,52.4,1.17,2.55,14.35,89.84,1596.45,10.2,19.62,1376,296.76,Wheat
63,69,109,6.8,56.47,1.05,2.18,24.42,42.13,1089.06,7.67,3.18,610,288.91,Maize
95,67,67,6.03,22.84,0.31,2.48,18.11,80.31,2505.74,9.24,2.36,1152,202.16,Wheat
76,12,78,6.18,56.4,0.61,2.16,12.76,30.14,2872.25,8.44,12.11,2144,295.03,Wheat
126,43,110,7.7,21.94,1.41,1.49,16.49,44.25,2508.94,5.55,12.81,989,346.33,Wheat
143,54,116,5.62,15.86,1.32,2.09,25.62,50.77,1311.27,10.51,10.96,1536,93.99,Sugarcane
158,59,73,7.99,12.91,1.07,2.8,17.71,68.92,655.81,5.71,7.71,766,138.16,Wheat
135,11,28,8.09,22.11,0.29,1.31,17.13,36.83,2155.44,5.46,18.56,3,275.61,Wheat
112,24,110,7.1,29.26,0.99,2.86,28.62,37.72,2730.35,8.94,7.53,330,276.21,Rice
61,46,17,7.59,56.38,0.22,0.24,30.68,38.78,1324.11,10.95,6.9,3,158.38,Tomato
47,24,80,6.95,22.11,1.06,0.14,17.24,69.75,314.17,10.93,18.96,106,131.39,Wheat
142,69,49,6.6,28.27,1.15,1.53,24.16,36.88,548.19,7.51,17.81,1935,78.42,Cotton
43,73,22,8.37,46.71,0.85,2.56,32.94,53.89,1271.46,9.48,10.06,2326,103.07,Pulses
155,61,110,5.63,25.1,0.2,0.82,30.7,39.4,1597.98,10.6,5.95,967,313.64,Rice
125,32,36,5.12,44.22,1.07,2.11,12.08,52.92,1013.58,5.73,3.46,781,243.09,Sugarcane
137,46,91,5.65,31.6,1.27,1.69,20.8,72.84,1564.99,7.16,16.18,294,265.25,Rice
72,50,97,6.96,19.82,0.96,0.94,31.7,46.66,2884.64,9.07,14.8,1326,81.53,Rice
151,66,114,5.24,46.7,1.12,0.93,15.38,67.06,415.72,10.72,3.01,1480,233.33,Pulses
119,34,11,8.14,11.35,0.32,0.31,15.88,44.91,2449.83,6.69,15.07,1137,305.72,Wheat
24,46,25,6.14,24.62,1.13,1.66,28.91,74.25,1474.92,8.97,18.05,1992,57.04,Potato
68,49,23,7.9,27.81,1,1.41,18.51,76.62,2030.34,4.47,2.06,1748,94.22,Wheat
117,55,26,5.5,32.91,0.63,0.94,19.71,48.62,2914.25,11.46,8.8,2216,53.92,Sugarcane
49,69,69,5.75,43.99,1.09,2.91,25.68,31.43,1486.76,11.17,8.76,1978,291.2,Barley
91,28,79,4.74,32.97,1.04,2.47,32.52,37.75,468.89,11.38,16.4,1807,94.9,Millet
122,18,108,5.53,39.72,0.98,1.62,24.95,59.46,2518.15,11.75,3.26,2006,84.39,Rice
82,78,26,6.46,39.79,0.44,1.61,36.8,52.92,941.2,10.77,3.88,2338,91,Rice
45,14,54,8.28,28.66,0.59,0.66,13.2,50.73,2734.59,5.69,8.28,1948,177.6,Wheat
56,35,47,6.06,56.7,1.49,1.98,32.62,64.76,429.43,8.65,17.18,1106,319.7,Millet
26,28,113,7.06,57.79,0.76,2.87,26.31,39.69,838.36,5.44,19.75,1246,119.21,Potato
146,39,73,6.21,39.09,0.28,2.71,34.5,57.4,2910.59,4.16,11.38,955,157.4,Rice
111,57,15,4.69,13.58,1.37,0.35,19.49,42.2,2664.73,5.15,4,1738,120.22,Sugarcane
122,25,69,6.51,34.56,0.42,0.25,24.46,88.86,812.71,10.73,18.15,1740,196.63,Barley
72,80,111,4.76,19.22,0.72,2.89,34.71,32.92,2374.1,9.95,4.08,1730,206.24,Rice
151,27,58,8.03,34.16,0.56,0.68,34.95,30.95,441.62,10.08,7.99,1913,84.11,Millet
127,65,30,7.51,19.42,1.45,1.7,21.28,63.85,641.99,7.25,15.07,948,348.17,Cotton
131,30,108,6.01,45.19,0.69,0.32,34.67,33.76,710.38,4.21,2.13,1211,336.73,Millet
26,40,32,7.06,14.02,1.12,2.55,30.47,78.66,320.92,6.54,10.21,1453,164.35,Millet
86,10,85,4.95,57.67,0.98,0.44,22.28,79.18,1556.83,7.64,8.74,437,267.95,Rice
127,12,66,7.31,19.77,0.26,1.97,39.09,55.94,1293.82,6.86,18.96,2268,284.69,Sugarcane
130,34,73,7.79,43.03,0.7,0.26,10.93,80.3,1850.86,8.01,11.38,1243,311.82,Wheat
102,17,38,7.79,55.85,0.71,0.55,21.48,74.43,2128.42,8.9,17.87,830,155.5,Rice
143,74,36,5.64,22.39,1.49,1.59,19.21,38.12,1866.95,4.94,2.69,1826,330.25,Sugarcane
158,71,15,5.55,56.71,1.26,0.23,38.07,81.58,979.72,11.26,11.6,1719,113.71,Potato
123,16,30,6.59,29.43,1.31,0.67,12.98,82.46,431.39,8.48,14.15,1527,342.15,Wheat
86,16,80,8.37,58.03,0.61,0.49,28.84,49.36,2249.65,10.85,3.87,473,153.16,Rice
26,17,116,8.18,58.57,0.63,0.22,31.5,76.5,1065.53,7.8,17.12,2018,79.99,Potato
129,28,50,5.94,19.4,0.87,2.92,15.53,83.84,891.76,9.85,17.7,1500,80.7,Tomato
53,26,89,7.62,51.55,1.02,1.41,14.5,74.74,2133.42,11.16,13.88,132,269.9,Wheat
125,20,14,8.19,19.67,1.15,2.59,11.43,35.64,1437.25,8.81,10.89,348,136.05,Wheat
77,58,24,5.54,21.32,1.27,1.14,14.77,35.68,772.66,7.27,14.19,600,77.04,Pulses
28,20,30,7.82,14.21,1.34,0.22,34.25,88.94,2346.33,8.61,6.42,466,84.44,Rice
67,50,67,5.57,17.83,0.23,2.12,38.32,62.48,2457.86,5.34,3.1,1573,324.87,Rice
134,71,13,5.87,41.61,1.23,0.21,37.04,68.67,2958.8,9.62,11.49,792,102.86,Rice
60,61,78,5.3,32.46,0.99,1.7,20.96,84.74,1510.36,4.3,10.17,2142,203.14,Rice
67,75,16,6.53,49.55,0.89,0.5,31.78,30.45,302.68,7.62,9.1,585,335.6,Millet
44,77,44,7.87,26.6,1.02,2.05,34.81,55.6,1648.32,8.37,4.59,340,236.64,Rice
135,84,45,6.61,58.43,1.35,2.69,34.37,63.98,265.11,7.22,4.62,2168,346.68,Millet
97,76,24,4.99,12.49,0.91,2.87,11.88,30.13,2853.24,7.86,19.72,1479,154.82,Barley
127,49,101,5.51,13.15,0.41,1.63,16.44,67.46,689.48,5.41,18.61,1575,300.55,Pulses
44,14,11,6.75,45.07,0.77,1.64,38.17,81.06,2791.11,4.63,5.81,1477,130.28,Rice
58,31,66,6.83,54.38,1.4,0.21,32.2,33.29,2860.06,7.55,2.14,1990,172.06,Rice
138,46,14,6.81,49.78,1.26,2.33,35.03,78.25,2371.28,11.47,7.17,1565,134.8,Rice
98,20,80,4.81,34.49,0.46,2.87,25.42,88.65,444.46,5.44,17.06,492,114.64,Millet
99,53,95,7.51,23.48,1.13,1.37,21.79,85.22,1763.42,6.27,5.24,2098,163.77,Rice
46,62,104,8.14,10.67,0.53,2.4,29.54,62.22,1191.94,11.03,19.7,107,113.05,Sugarcane
123,86,41,6.54,35.47,0.65,2.41,24.19,81.63,2496.6,6.14,4.87,7,320.25,Rice
93,70,81,7.38,33.78,0.81,2.38,21.21,76.24,1046.2,7.09,11.6,1723,173.44,Wheat
87,76,50,8.16,27.21,0.77,2.3,20.44,79.06,1463.51,4.81,19.85,1438,197.68,Millet
47,22,51,7.07,38.9,0.24,0.72,14.74,53.88,1806.34,4.37,3.47,2348,269.28,Wheat
142,20,84,7.2,46.44,1.21,2.28,25.88,58.54,298.9,9.28,4.75,112,303.92,Millet
157,20,74,7.39,45.04,1.3,0.52,25.6,44.35,1904.87,5.19,12.22,62,282.46,Rice
102,16,49,5.54,23.16,0.89,2.17,27.72,33.09,1163.94,8.47,16,1091,235.45,Sugarcane
49,26,92,6.83,39.27,0.42,0.11,13.49,65.83,1681.7,7.44,14.34,2019,56.49,Wheat
41,57,117,7.87,17.44,0.52,2.76,37.45,48.57,549.52,4.75,12.19,2284,59.76,Millet
22,23,47,5.68,16.08,0.36,2.5,32.26,60.16,1140.3,7.43,9.18,1665,108.32,Potato
120,72,51,8.09,49.29,0.42,2.08,13.93,87.76,1829.04,5.99,15.94,980,333.03,Wheat
124,73,46,6.98,44.69,1.34,0.37,12.38,33.79,1800.42,10.87,3.67,1318,173.6,Wheat
21,84,65,6.19,48.4,0.82,2.49,29.29,82.41,642.29,6.1,5.66,1092,171.74,Millet
73,86,80,6.99,17.62,0.34,2.64,20.25,35.21,1361.15,9.59,16,64,214.18,Wheat
25,74,112,6.11,55.73,0.53,2.1,19.57,69.21,1654.61,9.48,6.34,174,203.41,Wheat
126,43,64,7.85,16.66,1.43,2.93,35.2,50.6,427.43,5.55,3.63,345,224.84,Millet
142,18,98,6.43,53.5,0.86,0.37,20.35,36.01,1878.24,8.45,17.02,473,199.49,Rice
21,86,63,8.1,27.62,0.87,2.16,28.97,75.42,848.81,10.73,15.61,598,138.55,Millet
130,46,31,6.54,15.27,0.88,1.62,26.11,71.91,2776.58,4.8,13.14,2274,72.17,Rice
21,39,36,7.14,24.34,0.35,0.52,17.89,68.42,951.92,8.88,13.46,466,238.76,Wheat
112,50,114,8.49,19.07,1.46,2.01,19.95,87.89,2404.61,5.36,13.61,2156,110.68,Wheat
120,54,56,5.09,34.53,0.31,2.42,38.3,31.42,1830.05,5.93,14.88,1986,230.67,Rice
116,56,47,7.45,57.49,1.11,0.58,19.94,56.08,2118.97,9.19,6.99,186,253.73,Wheat
130,16,48,5.06,26.39,0.28,2.4,33.52,63.76,2724.93,9.11,17.44,475,160.12,Rice
25,23,24,7.86,40.6,0.78,0.37,35.84,51.46,2573.88,9.32,5.93,426,226.9,Rice
146,57,75,6.89,54.59,1.37,1.82,12.13,70.17,557.69,8.34,8.86,1122,104.77,Wheat
123,15,70,8.25,41.5,1.2,2.42,29.89,83.95,2814.48,10.27,10.7,112,96.14,Rice
20,43,69,7.96,28.11,0.64,0.52,32.48,71.82,588.29,9.19,16.32,1160,89.56,Millet
52,89,17,4.8,59.54,0.92,1.76,23.02,64.16,1085.89,5.71,9.23,1465,62.15,Millet
59,55,53,5.05,19.37,0.41,1.33,27.08,74.27,1664.77,4.81,10.65,1490,229.36,Rice
51,68,52,6.9,36.16,1.44,1.86,14.85,36.58,2813.38,4.08,17.19,874,115.74,Wheat
36,79,15,6.57,49.84,1.12,1.33,19.55,67.8,1956.12,4.06,19.99,2029,70.59,Wheat
145,17,93,5.17,10.03,0.69,0.83,31.23,54.43,2649.86,4.85,16.07,1555,259.84,Rice
27,33,36,5.02,45.1,0.61,0.84,28.08,49.13,2836.82,7.47,6.73,230,93.58,Rice
76,76,54,6.76,23.32,0.51,2.61,14.09,60.43,2295.76,4.05,3.09,885,230.96,Wheat
61,13,32,4.7,18.49,1.22,0.55,39.64,78.28,1549.34,7.06,14.2,891,216.41,Rice
117,10,113,7.99,23.71,0.76,0.46,38.13,54.75,1286.44,10.22,14.05,976,275.46,Sugarcane
156,43,90,7.73,58.34,0.63,0.38,16.72,72.15,970.47,5.03,10.29,2322,285.56,Wheat
139,18,22,7.64,54.6,1.38,0.32,36.25,65.33,1618.46,10.3,14.77,1634,179.37,Rice
106,72,77,4.56,20.69,0.4,0.14,18.02,84.97,334.5,5.52,2.2,547,209.84,Pulses
73,85,93,4.69,15.85,0.54,0.57,26.91,56.69,838.82,5.82,19.89,1460,146.6,Potato
103,19,115,6.7,28.21,0.65,0.66,33.46,79.2,1203.33,5.95,10.2,2404,61.3,Sugarcane
44,19,73,8.48,39.62,0.54,0.88,20.32,80.52,2589.47,6.59,11.77,932,53.37,Rice
86,59,34,5.87,53.36,0.96,0.46,26.65,57.85,1253.1,8.01,11.12,796,289.53,Potato
65,53,95,5.88,58.3,0.98,0.37,23.51,59.32,870.67,9.45,11.35,1257,90.04,Pulses
41,57,61,5.04,47.56,0.27,1.67,32.81,50,2391.54,10.21,15.87,1368,238.1,Rice
158,15,57,7.2,39.95,0.39,2.18,24.36,59.73,2840.85,4.17,2.36,200,145.06,Rice
27,33,70,7.09,17.12,0.46,1.93,27.01,44.96,2369.4,5.16,18.49,803,223.52,Rice
58,67,26,4.91,13.7,0.29,1.71,35.37,81.5,552.16,9.99,7.52,2101,88.21,Millet
68,73,49,6.37,39.8,0.36,1.38,30.96,44.99,1096.92,10.18,12.88,2208,216.32,Maize
65,65,84,7.17,36.95,0.51,1.94,25.83,45.46,1888.1,11.55,2.1,1841,58.7,Rice
57,21,98,6.47,52.3,0.65,2.72,23.84,83.74,748.84,6.33,10.28,1702,223.33,Barley
155,44,78,7.2,26.13,1.23,1.92,13.8,61.93,1982.43,5.8,16.48,408,150.21,Wheat
73,80,94,7.77,11.98,0.48,0.28,11.69,36.31,860.88,8.59,6.95,1741,127.59,Wheat
111,15,35,7.24,31.19,1.07,1.75,38.58,50.74,1719.59,4.63,7.83,1134,235.79,Rice
59,74,89,6.96,58.46,0.28,1.62,15.6,72.32,2178.93,9.8,13.24,742,275.69,Wheat
53,89,65,7.91,49.78,1.06,1.41,18.31,54.35,2403.08,7.83,2.32,1584,255.53,Wheat
115,69,49,8.1,11.69,1.23,1.75,28.33,55.39,2441.56,9.68,8.29,2238,320.43,Rice
98,77,94,6.06,53.73,0.99,2.05,34.84,59.92,2369.32,5.27,15.85,568,67.8,Rice
146,38,105,5.19,33.58,0.46,0.21,34.99,43.35,583.88,7.72,13.71,1524,156.4,Millet
36,47,77,7.77,28.24,0.63,1.49,34.89,55.44,2970.11,6.76,11.36,2121,333.45,Rice
129,31,111,5.36,27.34,1.25,2.47,39.34,42.92,2362.03,7.77,12.13,2154,211.12,Rice
71,17,17,8.22,39.76,0.76,1.64,11.67,51.04,491.57,8.46,5.84,1666,348.9,Wheat
137,72,82,4.59,36.53,0.53,0.3,22,61.94,2153.19,9.48,19,1256,293.53,Rice
28,22,54,8.19,42.83,1.41,2.35,37.41,71.62,1516,10.93,19.93,1663,145.99,Rice
52,36,26,6.86,38.68,1.03,2.83,24.02,68.04,1398.3,5.86,4.1,1050,235.75,Barley
132,27,50,7.6,17.2,1.25,2.57,36.14,64.53,2094.52,7.41,2.44,1084,70.41,Rice
104,27,86,6.09,22.86,0.23,1.15,10.53,65.73,670.11,4.91,4.3,2130,141.95,Wheat
29,86,18,8.47,52.05,0.64,1.65,25.13,60.66,2998.4,6.67,7,2361,317.4,Rice
25,71,79,5.41,43.16,0.8,1.81,37.67,66.88,1724.56,7.04,14.51,757,296.06,Rice
134,23,100,5.56,32.42,0.96,2.18,17.84,52.53,1864.98,7.53,11.2,2307,335.81,Sugarcane
140,20,115,4.71,19.13,0.45,2.03,37.89,83.97,1390.54,11.41,2.06,1251,263.01,Sugarcane
84,26,110,8.26,10.38,0.85,0.68,10.25,65.43,1896.58,11.28,10.55,1849,318.28,Wheat
39,60,112,6.32,25.59,1.09,2.54,12.37,86.2,2059.23,4.55,12.32,2314,154.45,Wheat
76,23,116,7.2,12.74,0.65,2.56,24.3,54.27,1167.39,7.31,3.54,847,92.07,Wheat
65,66,33,7.25,34.11,1.1,1.27,13.19,53.67,1493.84,6.56,2.64,2321,256.21,Wheat
155,15,82,8,51.09,0.71,0.48,16.77,87.9,915.67,6.89,8.97,1296,202.22,Wheat
29,66,115,7.16,24.27,0.81,1.86,18.93,73.74,2361.47,10,15.73,1403,300.6,Wheat
132,13,20,6.75,52.39,0.37,1.14,24.44,61.12,2264.65,5.58,4.14,909,167.28,Rice
158,20,44,7.34,45.23,1.05,2.25,21.72,73.11,2470.62,10.05,3.45,317,269.39,Rice
31,83,38,7.5,16.26,0.49,1.02,37.66,53.8,2167.93,11.34,16.95,1919,346.84,Rice
157,20,17,5.24,42.23,1.28,0.86,36.58,75.53,256.28,9.55,5.87,1138,60.91,Millet
30,88,26,4.94,17.58,0.92,2.62,32.44,42.57,735.21,7.29,3.26,1527,299.59,Millet
137,17,80,4.8,42.74,0.93,1.89,29.78,87.05,1288.12,4.5,18.22,65,285.98,Sugarcane
58,68,21,6,17.14,1.39,0.35,16.13,57.65,855.72,4.83,8.29,527,106.6,Millet
72,30,88,6.49,29.63,0.42,2.1,28.05,35.57,1688.76,9.72,8.93,1187,123.86,Rice
75,74,102,6.96,38.33,0.89,2.28,14.41,80.7,2714.73,4.91,19.4,489,349.55,Wheat
123,33,118,8.33,12.52,0.7,0.78,23.58,83.66,2266.55,7.31,14.4,923,232.57,Rice
148,39,59,5.82,17.67,1.46,2.91,23.85,73.8,946.33,10.97,18.32,2315,68.89,Potato
75,66,33,7.54,26.02,1.23,1.18,30.69,67.78,1313.19,8.29,6.78,2025,51.62,Sugarcane
137,89,46,6.63,33.12,1.18,2.83,35.05,85.71,345.47,6.69,12.52,594,320.25,Millet
151,82,87,5.38,52.92,0.47,0.95,19.62,67.32,217.47,5.85,9.84,1587,137.69,Millet
49,26,20,6.96,19.36,0.51,1.87,11.24,77.48,1390.38,8.32,19.98,242,196.88,Wheat
31,68,108,8.37,27.37,0.24,1.6,11.41,58.27,2238.22,6.72,10.22,2009,141.16,Wheat
54,40,90,5,33.79,1.03,2.98,36.24,73.63,2610.26,11.67,14.06,2139,189.71,Rice
96,73,68,6.53,24.79,0.68,1.28,24.59,89.94,1408.13,4.11,4.83,1075,214.46,Millet
121,57,64,4.71,41.29,0.61,0.62,17.44,52.95,704.71,11.56,3.67,791,278.84,Wheat
106,32,36,5.78,22.83,1.03,2.52,10.97,73.21,931.85,5.69,2.88,244,162.34,Barley
71,79,117,6.98,48.62,1.28,0.22,25.86,38.93,1447.34,8.59,11.88,418,250.17,Rice
99,39,76,7.86,35.26,0.37,2.67,14.11,68.11,2018.85,6.11,17.6,876,108.96,Wheat
154,64,69,7.42,14.32,1.39,0.42,22.51,49.37,1719.93,10.54,17.6,1064,117.58,Rice
41,16,11,6.35,41.35,0.24,1.76,25.48,82,2553.72,9.59,2.32,483,274.83,Rice
94,84,77,8.14,38.46,0.32,2.17,16.88,51.58,251.86,5.87,16.09,604,349.23,Wheat
77,21,27,5.71,26.93,1.29,1.08,15.97,56.71,2977.96,8.52,17.72,877,142.15,Millet
112,69,29,7.52,10.56,0.84,2.55,10.59,88.82,2801.78,11.27,16.34,1869,124.4,Wheat
122,61,94,6.4,20.04,1.42,1.82,27.57,42.92,618.98,5.79,1.46,1435,237.09,Millet
159,36,72,8.09,30.29,0.8,1.25,16.01,63.89,334.87,10.51,14.41,1797,238.08,Wheat
26,21,87,7.69,20,1.4,1.04,36.35,81.83,1929.44,10.34,8.05,1855,315.3,Rice
147,22,81,8.11,38.87,0.51,0.42,28.11,48.89,2219.93,7.06,14.83,2217,122.17,Rice
74,81,11,5.36,45.62,1,1.96,26.69,30.92,1530.77,4.31,9.72,1647,267.91,Rice
125,89,99,7.17,52.8,1.49,1.16,25.14,83.78,979.14,5.34,13.73,619,157.47,Maize
81,71,92,7.45,42.35,0.69,1.03,16.46,67.18,1989.63,7.79,6.2,231,212.72,Wheat
109,38,51,7.47,44.45,0.2,2.85,39.08,43.83,1980.34,7.76,3.77,1146,157.78,Rice
117,44,37,6.52,40.42,0.28,0.89,39.01,46.58,615.33,4.85,18.51,987,264.5,Millet
96,69,38,4.55,59.27,1.32,2.64,19.64,77.98,2438.56,6.29,14.66,1077,258.08,Pulses
138,38,78,5.55,23.05,0.84,2.93,33.29,68.53,2298.63,7.02,18.93,1885,263.25,Rice
55,40,116,5.79,23.31,0.9,2.49,13.58,73.96,437.51,10.53,16.34,2461,109.81,Barley
108,86,37,7.91,16.32,1.24,0.16,33.42,64.63,1494.9,11.19,5.35,0,149.45,Sugarcane
149,85,69,7.86,34.28,1.26,2.62,18.59,77.4,1301.55,8.83,14.31,1479,306.3,Wheat
112,70,114,4.92,14.81,0.82,0.72,18.67,79.26,1494.92,6.19,11.64,1814,131.69,Sugarcane
133,11,99,8.3,23.51,1.32,1.12,25.22,53.21,1491.62,9.49,6.26,1444,250.35,Sugarcane
47,42,14,5.23,34.13,0.81,2.98,21.77,84.06,1667.34,11.56,17.45,1996,230.37,Rice
52,81,24,6.16,57.88,1.08,1.27,13.53,60.31,976.17,4.88,15.81,940,242.91,Wheat
39,71,119,5.36,58.19,0.24,2,27.79,39.61,1514.98,6.25,3.44,1303,345.54,Rice
159,68,82,7.94,47.19,0.38,1,16.42,43.11,478.58,8.37,11.83,2048,227.92,Wheat
120,49,41,7.5,29.46,1.31,1.17,23.33,74.03,694.73,6.73,15.6,259,301.98,Pulses
42,58,61,5.91,53.26,0.61,1.83,16.93,52.64,446.49,10.92,4.06,108,250.5,Tomato
131,41,99,7.23,53.77,0.64,2.85,35.73,45.75,721.29,6.09,19.84,2003,136.89,Millet
33,47,46,5.24,55.51,1.06,0.92,20.14,66.29,212.13,11.06,12.49,2249,85.56,Cotton
110,88,24,6.03,42,0.97,0.82,36.62,76.94,305.93,10.66,17.37,336,154.11,Millet
96,22,50,6.01,20.09,0.31,0.18,19.78,36.55,2430.58,5.34,11.38,938,51.73,Wheat
104,63,13,5.45,14.55,1.2,0.69,15.38,56.95,757.56,4.75,6.87,1233,267.85,Barley
128,85,62,8.01,55.74,1,0.86,27.3,76.29,1655.97,9.42,16.87,354,75.62,Rice
50,22,109,7.22,12.78,1.31,0.28,26.65,84.22,1237.03,7.19,9.5,1735,272.89,Sugarcane
141,48,93,5.62,24.79,0.9,1.73,28.57,30.81,1121.28,5.86,12.07,764,261.58,Sugarcane
126,32,36,5.47,34.35,0.74,0.47,19.06,69.37,2599.88,11.32,11.94,288,175.52,Sugarcane
73,23,30,4.57,11.1,0.68,1.58,19.6,65.84,1561.44,4.71,2.12,1275,349.4,Barley
152,26,69,5.89,55.35,0.21,0.65,17.12,61.06,1647.05,10.65,7.45,619,129.48,Sugarcane
62,33,95,6.61,24.36,0.25,2.81,37.85,39.61,1485.5,8.49,7.34,824,334.09,Tomato
108,67,73,5.61,11.43,0.37,0.99,30.49,74.51,953.03,4.98,1.83,1848,202.77,Sugarcane
134,72,80,7.3,59.68,1.41,0.37,32.69,53.57,2113.1,7,2.99,24,287.17,Rice
118,43,56,6.15,25.57,1.34,2.52,15.82,44.08,332.1,8.27,11.85,697,167.89,Wheat
66,60,63,5.77,53.84,0.85,1.27,29.85,81,988.13,5.38,7.12,2369,59.03,Maize
90,19,40,8.26,32.67,0.43,2.48,32.88,48.42,2052.25,5.02,10.53,1349,341.55,Rice
86,81,26,5.55,43.16,0.39,1.01,20.27,41.9,293.57,6.18,10.19,1826,113.69,Sugarcane
81,30,59,6.09,22.05,0.53,1.55,14.73,48.72,271.98,8.49,13.43,961,185.07,Wheat
128,46,16,6.03,35.14,1.38,1.39,30.91,40.86,1243.74,10.18,17.14,71,334.77,Sugarcane
56,16,92,5.46,22.88,0.88,1.72,28.33,76.64,903.3,11.69,5.31,995,202.11,Wheat
138,22,37,5.37,57.55,1.25,1.26,27.27,40.92,2162.69,5.19,7.87,1837,310.57,Rice
105,89,19,5.71,13.05,0.86,1.54,15.48,73,2316.64,4.07,11.59,701,149.11,Sugarcane
145,39,36,7.96,23.73,0.99,2.07,17.87,39.75,301.47,11.86,15.09,886,299.55,Wheat
155,40,22,7.57,54.66,0.99,1.3,28.75,43.58,1421.9,5.1,8.29,355,334.56,Sugarcane
71,14,75,7.22,34,0.24,2.08,28.41,50.55,2841,10.02,6.04,1502,210.15,Rice
110,41,95,6.33,40,0.78,2.17,26.64,87,1076.3,10.19,13.83,464,317.24,Sugarcane
52,25,93,6.53,42.58,1.32,2.27,33.04,84.83,751.48,4.68,13.61,63,157.36,Millet
100,82,69,5.57,13.55,0.84,1.47,34.44,35.11,1659.63,10.49,15.38,797,309.43,Rice
61,31,52,4.8,10.89,0.77,0.11,18.3,50.15,1462.56,6,10.45,1948,131.05,Wheat
131,73,78,5.82,56.89,0.88,2.29,14.73,50.78,814.63,10.35,2.43,946,148.46,Potato
145,53,72,6.48,23.58,0.69,2.74,16.04,42.69,834.95,6.55,12.18,85,122.02,Wheat
155,49,79,4.73,29.02,0.87,1.99,18.44,56.14,2122.78,10,6.97,36,235.04,Sugarcane
125,46,108,4.85,44.1,0.38,1.62,38.43,74.88,1104.18,10.72,19.96,1359,265.44,Sugarcane
144,87,74,5.55,21.82,1.46,1.72,14.11,35.96,2960.88,4.04,12.05,1587,219.03,Sugarcane
132,25,108,5.97,46.65,0.24,1.96,36.36,70.3,1011.44,8.19,9.4,2035,60.44,Sugarcane
83,52,76,6.07,32.91,0.83,3,16.1,45.65,1734.09,6.74,15.48,888,324.03,Wheat
142,72,63,4.97,52.83,0.47,0.28,20.45,68.55,404.75,10.75,19.58,1822,317.59,Pulses
133,24,45,5.4,23.93,0.28,0.16,13.78,70.91,1708.71,7.86,10.38,546,175.26,Sugarcane
39,53,80,5.55,20.19,1.05,2.9,13.1,73.69,1489.71,7.06,7.3,1132,206.84,Potato
35,18,102,4.77,51.58,1.48,1.38,12.85,81.7,1178.17,5.18,10.15,138,122.66,Millet
38,74,24,5.8,26.32,1.17,1.88,20.28,83.98,1402.95,6.27,14.18,1297,190.08,Sugarcane
139,53,84,4.79,30.59,0.53,2.28,25.71,75.55,699.71,11.95,13.79,325,256.7,Millet
155,29,27,7.31,49.69,0.84,2.25,16.02,58.87,2496.65,10.85,15.16,2293,227.37,Wheat
57,79,117,6.04,41.78,0.26,1.98,37.98,32.65,2781.02,6.45,12.79,728,322.64,Rice
112,83,13,5.81,32.09,0.89,1.47,27.59,86.23,2544.99,8.94,19.13,74,52.41,Rice
124,42,97,5.01,22.49,0.33,1.77,36.55,66.08,2453.64,11.98,7.93,802,343.37,Rice
119,89,20,5.41,48.21,1.23,2.22,14.46,62.07,1735.48,9.51,1.02,1885,224.92,Sugarcane
109,15,15,5.43,19.02,0.27,2.57,14.3,44.37,1134.21,6.71,3.84,2260,156.74,Sugarcane
63,40,60,8.44,56.41,0.21,0.47,35.4,71.05,681.42,4.32,1.84,1072,71.49,Millet
95,75,67,7.84,17.52,1.32,0.91,27.04,89.68,2495.29,10.39,3.89,724,340.3,Rice
98,27,69,4.56,50.25,1.43,1.25,38.16,49.8,321.69,6.28,5.08,1110,305.02,Millet
92,37,27,6.97,31.21,0.31,2.03,14.41,77.97,706.84,5.15,6.16,31,204.9,Wheat
159,77,88,5.52,19.3,0.56,1.25,10.78,47.47,1324.85,4.92,1.47,1080,275.27,Sugarcane
115,74,76,4.92,30.12,1.16,0.79,37.5,59.26,744.94,4.86,6.36,2076,322.72,Millet
108,89,26,7.32,21.08,0.9,0.2,30.97,42.8,1832.38,4.91,3.83,1178,214.76,Rice
122,54,106,5.03,16.8,1.43,2.54,34.22,60.77,2227.67,8.13,2.63,1231,182.22,Rice
25,67,43,6.27,21.96,0.71,1.31,18.88,57.56,2745.45,10.11,12.04,338,70.36,Wheat
141,56,39,7.03,53.37,0.2,1.05,10.09,32.33,789.24,11.14,4.67,1051,273.37,Wheat
135,75,28,6.72,15.3,0.23,1.64,24.49,52.91,982.92,9.49,2.55,2155,246.57,Tomato
81,61,18,8.41,58.63,0.93,0.46,39.7,33.76,2206.85,4.77,4.41,0,257.59,Rice
155,45,49,7.64,10.25,1.18,1.25,37.23,57.04,807.72,11.58,17.49,2405,228.93,Maize
108,10,53,7.6,42.91,1.23,2.28,12.16,88.81,1274.7,4.05,11.06,2451,163.95,Wheat
115,48,104,5.92,52.83,1.38,2.23,15.63,47.58,2309.7,10.02,11.16,966,305.33,Sugarcane
145,84,68,4.53,56.7,0.5,2.34,19.34,60.94,1252.36,11.86,6.17,2049,259.43,Sugarcane
109,10,100,7.44,17.2,1.16,1.46,34.91,37.81,609.68,11.15,10.81,115,166.46,Millet
105,84,34,8.5,44.91,1.28,1.17,34.74,39.24,954.49,9.73,14.98,1341,287.98,Wheat
157,83,80,6.12,15.37,1.29,2.51,15.55,51.33,426.41,8.2,12.33,134,344.7,Wheat
140,23,62,8.44,27.63,0.74,0.6,25.99,59.38,2087.67,12,11.2,1019,172.71,Rice
95,87,57,5.07,46.6,1.01,2.2,25.05,72.08,328.32,9,7.91,1671,348.55,Millet
111,80,80,5.69,27.3,0.92,2.68,22.43,57.4,1807.35,10.64,12.98,1450,255.88,Rice
89,32,93,5.18,25.67,0.98,0.93,26.08,31.46,2860.14,5.45,17.28,111,164.97,Rice
152,52,62,6.4,15.8,0.57,0.67,18.78,46.26,2607.65,9.12,4.62,1959,255.54,Wheat
42,31,117,7.69,13.32,1.09,1.59,25.95,31.49,404.24,4.11,16.66,1727,153.35,Millet
156,69,58,5.86,15.76,1.12,0.73,30.57,85.08,2200.55,10.47,10.2,877,199.05,Rice
77,36,52,8.12,53.77,0.45,2.63,11.88,31.74,2132.27,7.3,19.61,954,331.28,Wheat
65,65,109,6.68,10.56,0.78,0.81,39.02,32.98,1035.48,6.06,5.98,2133,165.74,Wheat
41,11,28,6.36,44.64,0.75,1.01,14.96,47.9,506.1,6.07,2.86,152,306.6,Wheat
27,48,75,7.65,48.43,1.17,2.68,20.81,67.94,2591.41,11.84,4.05,1184,66.62,Rice
142,60,43,4.91,38.39,1.07,0.7,24.12,51.48,1752.05,10.93,1.36,608,129.92,Rice
39,28,90,7.6,46.54,0.82,2.67,11.23,33.69,2155.55,10.31,7.94,1388,166.14,Wheat
97,71,97,5.47,42.61,1.05,0.71,26.45,80.18,1481.85,8.04,7.08,1165,269.34,Potato
58,80,82,5.62,32.78,0.54,2.74,36.1,72.01,822.6,7.19,13.13,2176,320.69,Tomato
56,85,63,6.9,29.14,0.5,1.02,37.03,53.78,928.98,8.73,4.09,1972,200.71,Sugarcane
94,76,10,8.11,57.07,0.51,0.81,19.79,70.61,1697.51,8.36,15.46,2102,304.87,Wheat
137,72,115,6.81,58.6,0.24,1.48,26.76,46.48,856.72,11.1,7.13,358,227.02,Barley
123,14,101,7.1,42.56,1.1,1.17,33.3,61.67,1316.29,11.78,17.65,2199,227.4,Sugarcane
50,81,64,7.61,19.86,1.48,0.69,17.59,82.83,408.33,11.45,4.48,139,332.01,Wheat
142,87,24,5.54,32.39,0.6,1.08,25.85,36.46,2987.41,10.14,16.15,1548,130.62,Rice
73,70,94,7.81,34.83,1.41,2.17,21,80.81,1926.71,7.24,4.54,1814,282.45,Rice
53,80,24,6.17,47.9,0.99,2.51,21.35,77.31,608.96,10.09,1.37,1219,97.17,Potato
141,16,32,5.2,43.39,0.49,2.48,12.82,86.95,564.3,10.24,2.11,1253,321.54,Maize
132,59,75,5.9,35.74,0.22,2.29,22.21,60.83,1553.2,5.36,16.5,922,217.76,Rice
81,55,55,5.48,44.02,1.14,0.12,14.83,46.49,269.34,10.55,11.12,607,152.53,Tomato
42,81,109,5.41,11.2,1.11,1.34,19.04,51.19,1353.7,11.3,7.1,1386,60.98,Barley
65,85,18,5.63,48.83,0.5,0.59,19.91,68.39,2845.76,10.01,13.19,1210,199.5,Tomato
75,83,75,5.22,20.58,0.63,0.31,22.92,38.45,2505.41,9.45,8.17,1403,348.55,Rice
154,23,75,7.17,42.82,1.37,2.23,37.51,51.1,2803.89,5.74,16.57,1274,50.68,Rice
137,82,27,6.82,15.7,0.4,2.4,28.93,73.59,511.12,9.1,15.22,1163,230.39,Millet
150,78,26,7.09,15.72,1.29,2.46,39.23,64.42,1238.27,9.05,9.87,957,57.85,Sugarcane
132,74,114,5.87,11.78,0.42,2.68,27.72,33.77,1753.99,7,1.21,2482,275.97,Rice
63,74,81,7.58,55.51,0.83,1.81,34.16,59.81,2216.75,4.9,10.87,975,119,Rice
147,66,107,5.02,40.23,0.85,2.99,35.02,61.45,1298.87,7.47,8.28,1965,88.05,Sugarcane
127,71,43,6.78,28.1,0.81,1.5,32.17,72.05,1093.06,11.37,12.28,1073,81.64,Sugarcane
36,29,78,5.6,49.39,0.57,2.66,30.1,30.64,1054.18,10.25,4.05,2110,276.98,Millet
78,84,73,6.61,41.3,0.53,0.43,22.54,55.7,2410.47,6.83,13.63,1129,54.74,Rice
157,35,53,5.79,41,1.15,0.53,27.02,83.2,1269.1,5.57,4.92,1323,175.83,Sugarcane
118,53,38,7.66,34.35,0.56,1.81,15.81,31.51,245.68,7.68,19.62,136,165.28,Wheat
103,76,71,8.07,10.4,0.99,0.46,28.55,70.34,2356.6,10.06,16.56,932,218.13,Rice
64,79,101,7.47,22.92,1.3,0.32,25.43,43.39,651.74,9.48,4.44,561,344.72,Millet
127,71,25,5.2,15.45,1.29,0.67,34.13,53.25,1958.99,11.06,11.34,118,137.6,Rice
81,54,87,5.6,43.12,0.42,2.38,37.08,83.05,282.5,6.49,9.64,2251,300.79,Millet
78,20,61,8.18,22.43,1.05,2.79,13.98,51.75,1283.56,7.96,16.4,1003,335.75,Wheat
157,81,11,6.25,32.51,0.98,1.07,30.73,62.73,1476.61,6.06,15.05,473,94.67,Sugarcane
30,83,113,8.26,27.67,0.57,2.93,38.5,35.38,2924.63,10.19,6.62,164,218.02,Rice
121,43,70,6.07,17.16,0.71,2.45,37.54,49.48,446.88,7.36,7.92,1914,121.57,Millet
89,55,13,8.31,57.92,0.57,0.76,35.03,38.5,2304.25,7.43,2.14,346,304.57,Rice
142,41,61,8.2,56.67,0.9,1.8,11.45,63.69,2901.3,10.52,11.78,2337,262.95,Wheat
53,84,50,7.14,14.23,1.24,2.95,17.57,57.59,975.35,9.84,15.42,606,274.27,Wheat
120,14,61,4.54,51.37,1.34,2.56,14.45,45.87,831.82,7.77,8.96,1910,263.65,Sugarcane
123,72,40,6.1,34.42,1.14,1.15,37.81,89.98,2865.79,7.01,18.97,732,327.51,Rice
59,38,35,8.14,48.69,0.83,0.99,32.47,39.2,1570.76,9.51,3.61,710,246.01,Rice
38,57,36,8.04,17.56,1.45,2.48,25.95,79.53,2503.25,11.54,17.93,56,314.83,Rice
86,25,60,5.25,16.61,0.93,1.69,39.38,32.15,2424.96,7.4,1.41,968,233.62,Rice
101,34,107,6.1,54.54,0.82,0.57,15.84,80.81,1112.81,4.31,18.35,1553,138.02,Wheat
83,81,104,7.84,54.89,1.31,1.05,29.25,58.62,724.93,11.03,6.81,2059,109.74,Millet
102,38,57,6.81,33.3,0.44,2.02,28.28,79.69,2168.09,5.33,3.09,466,148.06,Rice
66,61,20,7.89,53.51,0.41,0.54,20.21,74.83,1603.65,11.21,19.8,2018,243.39,Rice
25,55,17,7.81,43.37,1.22,2.13,24.56,64.36,1573.4,10.64,15.15,1023,106.32,Rice
35,34,21,8.13,19.25,1.33,2.16,17.06,52.29,1729.38,9.28,11.07,1033,338.16,Wheat
58,32,108,4.97,26.45,0.29,0.89,30.31,69.93,271.83,10.77,8.48,312,316.84,Millet
132,43,54,5.08,16.8,1.19,1.25,22.55,79.95,214.19,6.08,5.85,650,258.5,Sugarcane
159,76,43,4.83,48.7,0.75,2.81,10.71,60.2,1079.53,10.85,12.35,1243,343.57,Sugarcane
157,43,86,8.24,59.26,1.11,2.27,38.52,54.89,1106.32,8.49,9.53,1103,96.94,Sugarcane
90,41,100,6.4,37.32,0.38,2.38,25.04,38.57,2212.45,5.42,10.62,1917,228.73,Rice
129,38,81,4.76,42.79,1.46,1.6,31.17,83.77,1111.86,6.04,9.78,680,172.28,Sugarcane
74,18,56,5.79,47.3,1.35,0.72,15.91,46.04,1206.75,10.32,13.2,164,247.89,Rice
148,75,30,5.91,21.21,0.73,1.81,13.82,37.41,1738.73,10.74,18.55,1630,317.2,Sugarcane
68,66,50,7.74,26.8,1.36,2.34,37.07,33.97,1856.51,11,19.1,1183,195.99,Rice
40,48,84,7.44,30.62,1.36,0.11,27.73,75.05,1133.22,5.48,16.87,31,88.91,Sugarcane
56,16,31,7.26,39.73,0.8,0.43,24.8,70.5,1762.69,11.22,6.1,1282,99.27,Rice
135,78,30,4.59,52.52,1.43,1.48,25.63,37.23,1929.89,7.95,5.71,767,233,Rice
43,17,37,8.14,22.71,1.47,1.37,17.09,61.81,931.49,11.95,11.96,461,102.38,Wheat
74,27,76,5.36,33.54,0.48,2.95,37.38,39.16,860.09,7.81,19.52,386,124.42,Barley
44,58,80,7.02,47.58,0.29,0.37,16.43,53.01,2693.22,6.02,11.48,516,237.67,Wheat
154,25,23,4.75,14.37,0.63,1.04,14.74,76.97,2012.86,4.48,3.12,1224,59.73,Sugarcane
146,30,88,4.83,35.64,0.84,2.46,37.9,43.67,1071,9.32,17.44,260,301.79,Sugarcane
112,19,82,4.54,17.22,0.32,1.88,17.73,31.66,1742.15,4.04,15.19,678,329,Sugarcane
113,13,61,6.76,36.96,0.38,1.73,35.87,41.6,2180.74,10.69,5.54,1326,231.33,Rice
90,53,52,7.02,48.39,1.46,2.25,33.18,54.03,263.36,6.49,12.97,1877,270.46,Millet
141,17,80,4.7,21.85,1.16,0.22,21.46,44.5,2775.53,9.33,5.27,2270,150.94,Rice
43,64,85,5.66,52.47,1.34,2.85,17.62,73.33,2208.25,8,9.08,159,259.21,Potato
30,28,28,7.91,26.74,1.46,0.65,32.77,77.35,1298.31,9.26,5.5,1359,134.74,Wheat
92,73,36,4.91,19.54,0.69,0.34,27.93,44.43,2810.34,4.43,12.34,793,110.22,Rice
31,49,27,5.37,33.27,1.09,1.08,17.62,46.12,356.37,5.57,6.76,79,333.43,Tomato
54,60,22,6.2,53.8,0.44,2.14,36.73,63.6,2311.71,11.15,4.19,2463,309.93,Rice
42,18,116,7.87,13.45,0.92,0.77,31.63,75.15,1673.61,7.34,2.13,2306,244.26,Rice
102,39,10,5.52,26.38,0.47,0.24,37.28,87.56,2061.41,8.52,13,723,123.76,Rice
107,65,111,8.49,42.66,0.41,0.27,23.12,48.03,1519.89,7.66,12.33,1473,276.21,Rice
99,53,94,5.92,27.88,0.33,0.84,13.85,84.66,612.25,11.29,4.7,2420,327.03,Wheat
116,68,43,6.05,13.54,0.95,0.49,37.72,40.91,930.22,5.6,1.05,1288,217.79,Rice
159,24,22,4.99,26.6,1.43,1.18,28.04,32.46,1496.52,10.71,3.59,497,328.56,Sugarcane
53,77,118,7.22,51.05,0.36,0.6,28.18,77.55,2772.75,4.48,6.8,244,238.87,Rice
94,79,114,5.47,58.4,0.85,1.1,27.53,58.72,391.3,10.86,10.94,176,327.29,Millet
147,70,60,7.02,11.99,1.09,1.39,24.17,34.61,493.18,11.22,17.83,788,184.77,Cotton
50,89,96,5.39,38.46,0.84,2.25,17.65,34.27,627.58,10.32,5,426,213.31,Maize
149,32,10,6.05,15.27,1.39,0.76,28.39,30.82,1969.94,6.22,5.09,1660,345.95,Rice
122,86,96,7.93,44.02,0.42,1.48,31.56,48.38,1225.65,4.91,17.04,293,236.68,Sugarcane
34,56,37,7.46,10.39,0.23,2.46,37.5,74.12,617.88,8.01,10.66,1011,199.68,Millet
76,26,41,5.12,10.74,0.7,2.96,12.16,69.92,541.5,9.33,14.14,828,59.47,Cotton
94,66,81,6.93,48.84,0.92,1.72,17.64,89.98,2087.65,10.55,7.59,478,177.88,Wheat
53,63,64,7.01,13.72,0.53,1.35,33.3,65.64,1495.25,8.05,16.94,1864,58.14,Cotton
122,61,35,4.86,25.26,0.42,1.93,33.25,36.63,2643.72,8.37,9.55,358,82.91,Rice
94,31,23,6.36,57.9,1.25,1.51,16.36,88.71,1331.27,11.49,18.16,980,139.65,Wheat
48,48,97,5.54,59.26,0.45,0.58,15.54,71.58,2036.08,4.38,8.61,540,102.89,Millet
35,22,102,6.37,18.07,0.78,1.43,21.01,52.44,2428.36,6.55,16.37,1190,172.86,Rice
96,87,77,7.61,38.05,1.44,2.94,11.89,44.82,2870.3,7.51,2.06,1517,244.78,Wheat
56,75,72,5.13,37.96,1,1.96,31.91,43.33,2634.03,9.12,13.97,865,139.92,Rice
100,61,91,4.99,32.62,0.85,0.92,30.09,87.37,2370.86,4.76,3.69,695,197.42,Rice
143,23,23,5.58,56.24,0.67,2.85,35.76,55.17,1356.09,11,18.05,2430,307.86,Sugarcane
38,82,36,8.31,47.7,0.88,1.23,22.9,59.21,2951.85,6.53,19.33,1217,313.57,Rice
121,83,50,7.49,48.23,1.15,1.23,29.1,80.21,941.21,5.48,7.1,2135,254.43,Potato
155,72,12,4.58,23.48,1.27,1.89,38.62,87.83,2051.63,8.73,11.69,435,252.98,Rice
96,80,103,6.1,31.72,1.04,1.75,38.76,30.26,565.73,5.12,8.6,1190,207.4,Millet
60,37,68,5.53,34.37,1.23,0.94,12.13,89.41,1896.6,6.64,12.65,2360,287.58,Potato
80,55,109,7.05,24.95,0.31,1.45,10.06,34.53,2131.69,10.89,7.73,1910,133.92,Wheat
45,37,32,6.34,14.74,0.22,1.06,38.8,80.21,452.82,10.31,16.56,1959,339.88,Millet
90,11,27,8.36,16.32,1.15,2.24,26.06,87.02,1025.86,6.25,1.6,2449,123.1,Pulses
122,26,119,5.38,19.03,0.54,0.46,31.01,63.67,1996.27,7.36,15.08,1955,285.82,Rice
89,68,113,6.85,20.18,1.34,2.28,37.38,63.1,1885.98,8.06,1.26,1348,287.63,Rice
126,61,83,7.3,22.11,0.9,0.57,22.99,70.14,2070.99,8.54,19.29,481,291.9,Rice
126,13,85,7.8,22.77,0.82,0.99,23.22,51.17,548.44,6.4,1.77,917,227.67,Cotton
122,86,50,6.13,32.79,1.2,1.07,15.01,39.95,1642.87,8.27,16.11,902,59.5,Wheat
38,12,17,7.25,35.48,1.16,2.97,37.17,33.98,2797.3,10.19,14.29,93,252.71,Rice
87,46,41,5.71,25.44,1.12,1.81,29.43,82.87,2870.56,9.49,17.35,941,142.07,Rice
89,33,90,6.24,55.36,1.1,2.35,15.41,62.84,554.84,11.61,3.44,1812,348.23,Wheat
132,81,50,8.08,37.66,0.87,1.71,26.79,71.64,2704.31,5.91,7.74,1519,135.05,Rice
76,44,54,8.3,49.37,1.4,2.95,19.84,49.92,1814.14,9.43,2.63,935,146.53,Wheat
80,11,87,7.38,56.21,1.36,0.61,14.42,78.42,2308.17,11.6,6.48,2139,132.17,Wheat
111,42,110,6,18.16,0.63,1.85,15.46,51,621.81,4.77,12.58,1441,246.86,Wheat
49,85,18,7.78,31.39,1.25,2.41,26.78,31.79,2266.03,8.5,19.43,2359,151.26,Rice
146,86,99,4.6,31.66,1.36,1.92,26.93,50.21,399.02,11.88,5.83,1464,265.98,Millet
134,19,57,4.91,27.72,1,2.7,33.7,81.02,1972.45,4.49,7.47,1396,153.36,Rice
25,71,33,7.15,10.45,0.92,1.84,17.44,82.55,2070.59,6.9,8.75,1619,330.05,Wheat
37,52,96,5.66,50.8,1.07,2.5,37.48,86.08,2061.25,4.68,1.58,335,127.86,Rice
29,78,104,8.31,15.58,0.41,0.61,25.56,59.97,364.24,8.69,14.08,1405,137.5,Millet
111,68,112,6.24,59.77,0.31,0.86,16.13,87.4,1275.74,10.82,3.4,1001,178.73,Wheat
158,18,53,6.22,48.65,1.27,1.39,22.4,59.95,2284.31,5.94,17.69,2094,337.32,Rice
96,86,67,7.21,39,0.95,2.57,37.7,39.23,2431.09,5.63,8.88,2204,87.36,Rice
120,69,75,7.57,17.73,0.36,1.34,24.34,60.12,1363.42,8.24,17.61,1668,197.82,Sugarcane
103,72,27,6.4,35.77,0.74,1.92,36.24,82.12,653.65,6.84,14.96,1092,193.64,Millet
71,61,89,5.36,23.06,0.59,1.25,14.79,77.14,1598.45,10.61,15.8,847,271.52,Wheat
50,32,38,7.59,22.62,1.34,2.44,37.42,56.04,2020.74,5.07,8.14,2358,149.86,Rice
129,39,84,5.78,51.48,0.86,0.68,22.92,42.75,2777.12,11.32,16.44,1454,148.62,Rice
112,52,11,5.2,29.03,0.95,1.82,38.08,64.87,2107.76,10.49,11.66,830,191.11,Rice
72,77,87,7.03,32.54,0.51,1.78,35.98,85.87,2503.45,4.12,4.21,1758,201.72,Rice
105,30,77,4.86,52.15,1.24,1.27,29.8,40.65,941.29,6.23,17.95,1331,115.91,Millet
21,52,112,8.39,14.39,1.41,2.14,30.19,79.62,2533.07,11.31,8.73,1917,228.83,Rice
105,82,107,7.03,39.73,1.23,0.18,16.35,38.84,1913.52,10.84,18.06,2455,75.76,Wheat
152,16,119,8.44,38.91,0.84,2.54,28.08,85.18,1737.17,7.94,11.94,732,194.22,Rice
23,25,48,5.86,31.26,1.29,1.11,26.48,71.6,947.22,8.38,1.98,1053,157.28,Barley
25,32,82,8.38,51.49,0.44,2.4,20.02,36.55,770.91,4.65,15.91,2124,299,Potato
137,67,113,5.08,57.14,0.35,0.98,25.17,42.15,1722.86,10.4,1.49,1248,123.05,Rice
108,40,50,4.66,33.27,0.77,0.64,37.87,85.62,2696.03,4.61,2.88,2099,278.98,Rice
33,78,80,4.63,32.81,0.44,1.23,10.16,60.45,859.06,9.15,7.4,1479,192.81,Tomato
75,15,90,6.36,35.1,0.54,2.41,22.51,57.21,980.34,4.91,12.99,1957,319.91,Cotton
100,74,96,4.83,46.16,0.96,2.14,20.01,33.5,2854.18,7.47,9.13,2342,185.47,Rice
65,68,118,6.55,43.4,0.73,1.26,38.84,35.04,274.5,6.88,8.55,1331,272.39,Millet
35,37,84,5.81,21.14,1.33,2.82,39.22,71.5,1559.09,7.32,9.13,1634,64.25,Rice
139,27,31,5.84,13.19,0.49,1.29,27.57,76.62,1680.55,8.62,3.41,818,268.35,Rice
103,86,91,7.04,57.46,1.5,1.12,26.5,82.02,2092.03,5.12,14.28,832,272.23,Rice
27,19,58,5.15,23.05,0.67,0.52,37.1,60.17,743.16,5.78,4.82,557,104.76,Millet
107,16,37,7.57,41.93,0.87,0.3,10.2,49.71,1799.96,4.84,9.27,17,148.52,Wheat
150,46,25,6.83,51.42,0.37,1.11,26.87,67.53,506.5,9.22,19.43,819,198.81,Millet
38,54,115,8.16,25.01,0.95,0.37,10.74,67.13,947.62,4.42,18.63,2421,311.49,Wheat
116,25,77,5.96,41.77,1.45,1.44,39.04,32.08,242.3,9.27,15.6,600,132.94,Millet
85,23,71,8.43,15.4,1.17,2.59,19.6,86.33,1469.55,11.78,17.83,1792,218.9,Wheat
98,20,45,6.8,58.5,0.52,1.48,25.62,68.55,690.31,11.11,14.02,645,146.26,Millet
105,43,31,8.39,12.91,0.78,1.49,22.53,30.39,470.91,6.61,16.57,2320,132.6,Potato
143,69,20,4.61,31.91,0.75,0.83,36.81,87.58,1164.07,5.72,5.72,1911,266.49,Sugarcane
65,22,94,7.41,36.84,0.33,0.58,39.99,87.16,421.81,11.68,9.64,1088,188.65,Millet
132,48,113,7.77,49.52,1.35,0.74,12.05,86.76,2060.36,7.55,6.46,1806,190.79,Wheat
110,53,114,4.71,16.06,0.7,1.75,31.96,83.33,762.43,6.82,1.72,2042,212.61,Millet
52,37,89,6.82,32.04,0.84,1.82,21.04,41.08,2188.76,5.01,5.57,1424,275.04,Rice
152,49,51,7.71,24.99,0.58,0.74,14.17,88.63,2551.6,5.33,5.87,2359,204.88,Wheat
96,25,64,6.74,25.6,0.4,1.26,22.16,75.72,2275.64,9.93,14.01,1009,111.99,Rice
140,59,82,4.76,48.94,1.37,1.75,39.94,68.45,2335.98,5.61,7.51,1713,268.42,Rice
147,37,44,7.27,10.27,0.25,2.31,20.73,86.56,2002.54,5.43,5.1,1216,334.74,Rice
97,77,66,4.74,47.45,0.72,1.03,18.32,52.87,1253.64,6.58,1.25,922,235.79,Wheat
86,69,43,7.77,50.52,1.15,0.89,35.39,85.88,1175.93,11.31,8.6,2117,334.72,Barley
134,21,82,4.67,55.07,0.6,2.22,36.04,66.34,1793.04,8.71,15.65,1525,199.46,Rice
82,25,86,5.05,41.34,0.78,1.59,20.17,64.76,894.54,10.2,12.92,461,147.29,Sugarcane
132,62,79,5.6,26.67,0.93,2.58,18.96,68.76,1165.01,9.75,18.05,444,64.19,Sugarcane
113,63,13,7.03,31.36,1.49,0.71,29.42,75.25,634.84,11.6,11.9,286,304.93,Millet
67,58,55,8.41,58.49,1.19,2.34,16.16,56.7,2384.38,9.52,1.91,249,107.58,Wheat
31,45,101,4.97,54.06,1.46,0.57,24.51,88.84,2259.75,5,9.28,2449,160.58,Rice
59,71,20,5.07,33.18,1.1,1.8,14.24,35.31,1609.12,5.62,8.97,1266,272.55,Millet
104,35,107,5.98,57.15,0.55,0.92,19.14,84.83,1234.8,9.62,17.14,529,220.21,Sugarcane
76,65,70,7.84,51.15,0.57,0.39,18.92,69.45,2150.69,5.72,13.48,802,218.81,Wheat
106,31,44,6.37,55.05,1.27,1.89,30.85,84.59,437.09,10.61,6.05,421,106.93,Millet
103,82,78,5.79,44.15,0.76,1.57,18.47,52.13,333.7,11.04,14.32,2086,322.29,Wheat
140,78,66,6.74,52.88,0.68,1.51,36.95,79.74,2159.35,7.32,16.8,179,71.5,Rice
93,58,112,5.54,54.59,1.43,1.82,39.49,66.96,1740.18,7.06,2.09,313,127.12,Rice
126,11,20,6.1,14.6,0.22,1.18,12.43,79.87,2253.06,4.97,14.71,227,88.32,Wheat
143,62,21,5.83,58.26,0.88,2.04,21.93,49.5,982.81,11.5,16.11,1512,51.03,Potato
119,16,52,7.72,26.68,1.21,0.48,19.06,85.04,503.23,7.9,7.87,1492,101.64,Wheat
62,86,28,8.2,31.99,1.16,2.17,20.56,85.45,1403.89,9.66,19.07,1511,153.7,Wheat
138,29,86,7.54,49.6,0.68,1.78,17.96,58.49,1394.74,5.26,16.81,493,89.11,Wheat
42,39,77,6.26,43.24,0.9,1.51,21.48,54.02,2325.34,8.32,6,55,149.31,Rice
56,84,87,6.52,54.65,0.21,0.47,14.24,64.51,541.98,10.22,8.47,2361,286.71,Wheat
153,76,117,5,30.03,0.9,0.91,18.39,42.01,2849.01,8.78,18.26,1080,109.1,Sugarcane
84,68,68,7.49,28.66,0.97,0.96,32.43,59.77,356.79,7.04,16.82,378,59.38,Millet
153,75,11,6.89,11.58,1.34,0.78,20.32,83.81,1076.22,8.92,16.33,1600,310.29,Sugarcane
41,12,17,8.11,33.14,0.47,2.87,16.24,51.91,2168.41,11.96,19.45,1262,134.02,Wheat
124,65,31,5.3,46.2,1.27,2.76,13.25,74.16,2208.9,9.46,2.41,2451,82.28,Sugarcane
107,88,86,7.54,25.06,1.13,1.68,20.44,67.39,1787.76,8.02,2.19,9,178.1,Rice
144,26,30,7.24,33.14,1.07,0.7,29.3,45.68,398.65,10.84,9.27,356,134,Millet
98,61,94,5.56,20.97,0.71,2.74,17.6,61.91,2597.81,7.77,18.34,2260,216.55,Potato
109,16,101,7.17,48.64,0.68,2.27,22.67,81.16,1977.24,7.62,11.14,1959,330.43,Rice
70,14,106,8.2,13.03,1.11,0.21,38.57,63.3,2324.71,8.46,18.74,524,102.22,Rice
121,63,38,8.17,45.27,1.49,1.52,26.57,71.81,1281.44,6.56,3.95,1279,329.81,Sugarcane
125,70,110,7.38,28.95,0.73,1.85,25.96,76.52,881.44,4.57,15.01,1358,290.02,Pulses
79,25,95,4.69,12.08,1.39,0.29,22.3,32.96,2216.26,7.02,7.13,995,241.47,Rice
65,76,99,7.99,52.67,0.96,0.24,26.71,33.08,2483.45,9.84,13.87,883,205.05,Rice
55,68,84,7.13,34.39,1.33,1.44,39.54,36.9,2475.06,7.9,9.14,889,215.71,Rice
30,56,84,5.74,39.97,0.48,0.11,17.61,39.78,2208.09,10.84,6.77,726,140.26,Potato
31,57,118,5.25,46.6,1.19,0.24,38.26,78.69,589.06,5.46,17.25,1443,220.63,Millet
58,73,107,4.96,42.75,1.29,0.58,14.47,56.14,821.01,5.78,8.4,792,196.9,Barley
158,59,92,4.7,46.54,1.28,2.74,13.33,41.12,1601.23,9.15,5.34,1893,185.35,Sugarcane
55,50,46,7.52,48.11,1.22,2.32,29.64,61.91,1620.58,10.55,3.87,818,69.01,Rice
71,81,87,5.44,39.46,0.6,1.41,17.54,75.8,1567.9,9.56,4.37,379,235.14,Barley
50,31,38,4.6,28.28,0.88,1.49,23.33,38.4,2512.91,7.55,10.93,80,97.07,Rice
52,63,92,6.09,22.16,0.59,2.09,31.89,50.66,551.07,11.07,2.03,386,189.47,Millet
77,14,46,6.43,55.15,0.65,1.48,26.05,41.66,2418.34,9.4,2.44,958,136.89,Rice
147,26,30,5.18,58.5,0.59,0.29,10.41,68.78,262.53,10.68,9.58,1224,319.8,Millet
50,87,97,4.68,27.88,0.57,2.24,19.18,38.21,1104.61,11.23,14.32,106,250.68,Pulses
74,50,99,5.26,15.62,1.1,0.27,11.94,76.87,750.2,8.24,14.09,1893,132.54,Wheat
29,44,114,7.22,21.13,1.05,1.51,37.78,42.47,1674.61,8.71,18.09,506,327.27,Rice
149,49,21,4.83,43.53,0.47,2.6,33.84,33.52,1666.9,9.34,10.62,44,218.52,Rice
34,31,57,6.72,18.65,1.1,0.44,39.52,84.65,1618.32,11.78,5.14,1699,177.13,Rice
22,57,92,5.09,49.01,0.58,2.15,36.55,49.99,1008.69,10.45,16.21,1050,104.63,Wheat
62,62,56,5.28,56.15,0.46,0.23,24.26,60.16,1661.05,4.28,3.8,1854,147.91,Rice
86,19,103,6.07,58.18,1.17,2.98,36.48,36.06,2176.18,7.43,13.8,1167,62.46,Rice
75,27,24,4.9,10.47,0.67,2.08,30.17,58.77,1302.56,10.95,14.28,1773,181.38,Millet
82,89,76,5.19,57.91,0.94,2.91,25.74,43.35,2800.2,4.29,4.67,913,110.7,Rice
34,58,22,5.9,47.01,0.46,2.04,21.12,80.42,391.71,9.04,2.04,2498,141.95,Barley
128,80,68,5.82,14.2,1,0.8,30.43,72.83,2963.88,11.56,4.57,1752,309.41,Rice
135,39,82,7.5,30.76,0.47,2.79,27.7,69.8,2331.88,6.5,16.08,912,151.43,Rice
111,28,22,4.8,45,0.42,1.92,28.43,76.88,1860.9,9.78,16.85,1323,293.07,Rice
157,64,89,7.94,57.83,0.7,1.77,21.99,47.62,769.36,6.49,5.98,737,310.91,Cotton
66,69,87,7.76,18.21,1.23,1.34,32.18,57.22,1956.46,9.12,10.87,979,176.96,Rice
76,81,81,7.56,16.39,0.43,0.93,12.44,35.19,2445.83,11.49,2.07,2105,341.2,Wheat
69,30,28,5.74,33.62,0.35,1.64,31.78,34.07,910.21,6.95,4.68,770,172.76,Wheat
90,35,66,7.79,58.4,0.24,1.16,31.92,49.75,311.71,11.68,11.77,896,294.29,Millet
101,37,41,5.23,58.57,0.74,2.58,25.48,79.36,1439.71,7.06,5.42,347,335.79,Sugarcane
135,48,108,5,21.4,0.57,0.18,17.9,65.86,1052.42,7.13,1.97,229,52.67,Sugarcane
124,42,96,4.68,25.97,0.58,1.64,25.58,55.47,1001.22,10.11,17.9,453,156.65,Sugarcane
107,49,30,8.26,55.4,1.48,2.53,13.69,88.02,2229.46,6.89,5.42,1963,280.85,Wheat
21,38,91,5.73,46.74,0.45,0.18,18.55,56.53,614.49,6.62,15.76,597,298.95,Cotton
123,29,23,8.17,58.62,0.8,0.92,22.64,58.13,2022.61,5.48,9.03,56,305.79,Rice
103,29,89,5.59,54.66,1.48,0.25,30.2,89.55,371.56,4.71,14.41,259,278.27,Millet
62,83,33,8.13,20.75,0.24,1.83,15.62,37.88,2775.69,10.7,7.77,748,148.29,Wheat
90,21,58,8.12,47.99,1.11,1.02,14.75,45.34,1841.04,7.81,12.45,777,290.94,Wheat
113,34,41,8.19,12.43,0.68,2.88,28.23,57.2,2806.75,9.21,13.47,2241,219.69,Rice
61,34,84,6.48,50.89,1.38,1.89,30.39,64.28,2630.05,7.82,3.35,2255,108.9,Rice
152,13,118,7.96,40.08,1.39,1.73,12.51,38.88,2635.53,6.99,17.79,648,110.05,Wheat
158,13,20,8.3,57.81,0.7,2.76,10.99,49.73,535.3,7.27,7.71,758,116.53,Wheat
84,18,69,5.8,58,0.49,0.75,14.41,43.22,2148.47,4.64,15.96,1753,100.03,Barley
53,24,77,6.18,12.54,0.76,1.73,37.03,80.99,1321.1,9.39,11.5,134,140.24,Pulses
139,35,70,7.38,18.03,1.45,1.67,30.18,80.08,1485.5,8.1,4.48,1317,270.96,Sugarcane
20,88,99,5.7,34.21,0.57,0.34,37.63,44.39,981.48,4.53,7.75,987,328.39,Barley
149,80,119,7.52,53.97,1.48,2.8,29.94,56.1,591.55,9.03,2.62,1433,123.22,Millet
80,41,14,4.8,50.72,1.27,2.13,38.96,69.1,1057.69,5.68,6.16,77,225.24,Cotton
107,85,45,6.59,58.22,0.55,2.68,23.17,32.89,1738.67,5.11,4.94,1735,75.21,Rice
87,61,106,4.99,40.9,1.23,2.95,27.97,83.02,1348.09,11.82,6.2,416,215.77,Tomato
146,41,73,5.67,22.83,0.26,1.49,28.04,60.66,2170.9,4.63,16.26,763,290.73,Rice
159,18,87,5.53,11.26,0.91,2.43,10.09,43.59,2549.29,9.84,2.52,1005,242.02,Sugarcane
41,87,41,7.86,21.15,0.66,1.77,10.82,53.81,790,9.58,13.01,1605,217.35,Wheat
101,22,80,5.27,43.76,0.76,2.93,14.36,84.1,357.6,8.17,7.72,1972,255.45,Rice
148,65,83,7.73,56.31,0.81,0.82,25.33,31.49,2974.36,4.68,10.19,2450,154.34,Rice
49,53,75,7.68,26.05,0.85,0.14,22.92,38.57,2671.41,6.34,5.04,603,233.47,Rice
145,39,19,6.5,53.79,1.05,0.64,26.19,41.56,942.34,5.29,19.12,791,67.91,Cotton
116,25,108,5.44,29.74,1.11,0.47,34.01,33.61,655.33,11.87,13.61,418,134.71,Millet
43,21,30,5.41,25.41,1.47,1.37,34.67,43.52,2862.9,4.79,4.84,496,98.8,Rice
33,83,49,6.36,35.44,1.19,0.32,39.31,79.03,850.83,4.1,10.32,1536,284.52,Maize
55,75,51,4.54,32.11,1.09,0.74,26.73,61.62,821.29,5.75,3.95,754,84.5,Wheat
43,27,81,6.63,55.69,0.71,0.38,20.42,66.33,507.55,10.28,18.28,2099,261.83,Cotton
114,22,55,8.31,33.41,0.35,1.51,19.24,39.35,1006.12,10.75,9.95,453,162.75,Wheat
74,33,91,5.12,23.87,0.28,0.87,20.22,46.7,2554.82,9.61,2.4,1769,181.63,Rice
43,21,82,6.79,52.13,0.82,1.47,19.71,85.05,1795.52,7.47,3.87,1803,254.19,Wheat
45,69,50,8.35,59.94,1.07,0.36,21.79,42.63,457.56,10.33,10.46,1563,296.47,Cotton
99,69,103,7.94,42.41,1.05,1.6,12.25,84.4,2908.76,9.42,4.73,293,162.72,Wheat
84,10,13,7.9,22.52,1.44,0.48,29,69.79,1710.6,11.95,14.51,2267,93.55,Rice
94,52,108,7.79,21.94,0.7,0.39,27.04,60.17,1366.76,7.51,9.09,1817,232.99,Barley
62,64,23,5.74,12.89,1.02,1,23.86,40.44,2395.89,5.5,11.72,882,333.51,Rice
48,49,23,8.06,13.86,1.35,2.64,12.43,70.42,1768.98,4.53,12.75,1250,107.59,Wheat
100,73,62,8.27,55.75,0.73,2.39,12.8,83.18,2708.15,8.99,19.01,1169,193.98,Wheat
73,43,110,6.48,14.82,0.82,2.88,26.35,39.59,2166.58,11.48,18.74,1498,66.03,Rice
58,43,93,5.92,34.22,1.4,1.43,11.1,30.37,2071.05,10.29,8.14,2094,118.79,Wheat
61,57,38,6.16,44.91,0.92,1.01,31.74,74.4,1145.69,9.86,18.02,143,223.34,Potato
48,42,32,5.84,52.52,1.24,2.92,39.81,66.03,2971.48,8.14,19.89,1351,246.47,Rice
150,77,94,5.35,18.56,1.42,1.21,27.92,60.19,2025.38,5.44,17.72,1339,112.55,Rice
157,39,40,6.97,31.89,0.94,0.13,31.7,57.36,1437.26,6.19,1.97,1962,317.34,Sugarcane
61,88,105,6.75,22.57,0.34,2.48,23.17,59.86,613.02,6.26,7.22,821,272.26,Potato
113,80,114,6.35,22.79,1.27,0.59,30.02,52.47,1755.79,9.32,3.08,570,241.85,Rice
51,80,80,4.88,25.19,1.26,2.18,29.55,34.94,2065.5,10.85,14,43,97.07,Rice
45,38,86,7.69,39.36,0.35,0.14,34.72,76.54,1240.11,5.1,7.64,238,180.25,Pulses
134,32,70,5.2,10.83,0.91,0.42,31.34,58.07,380.86,4.27,4.58,714,295.63,Millet
148,43,32,4.96,30.44,0.83,1.5,32.47,79.5,2435.55,8.09,4.94,308,246.21,Rice
75,24,17,6.99,19.34,1.3,0.3,26.7,88.93,2031.13,11.18,8.13,156,50.91,Rice
141,62,85,6.09,58.36,0.56,2.68,24.54,40.31,2116.78,11.69,12.32,2390,122.24,Rice
125,26,109,4.74,39.14,0.75,2.27,23.76,77.61,886.14,7.83,13.94,1331,270.88,Rice
149,73,25,5.92,53.4,0.99,1.05,21.76,88.65,565.96,6,1.41,1492,167.65,Potato
100,70,35,7.59,19.78,0.87,1.83,17.98,73.47,1465.82,10.14,19.64,225,183.9,Wheat
139,66,38,6.96,50.5,1.44,2.18,11,44.76,875.61,5.35,1.77,1040,179.01,Wheat
71,86,102,5.95,30.74,1.45,2.29,30.13,83.79,2386.73,10.59,19.62,1521,269.93,Rice
110,46,15,5.27,18.88,0.31,1.25,37.03,77.59,1689.49,10.95,6.11,1036,161.72,Rice
156,16,46,7.03,48.06,0.59,2.71,37.91,56.96,569.71,6.49,17.95,1974,268.74,Millet
41,17,42,8.05,48.1,0.21,2.83,27.42,64.35,749.52,5.47,17.72,1268,323.2,Millet
53,87,104,7.09,59.79,0.74,0.67,12.82,73.32,2683.19,4.89,10.2,1744,91.86,Wheat
129,77,55,7.75,49.05,1.06,2.74,36.36,37.47,1968.53,8.88,15.27,1839,343.36,Rice
68,30,70,6.59,17.26,0.81,2.17,32.43,85.62,1321.56,11.85,13.63,1615,151.25,Rice
148,70,50,7.37,26.13,0.29,2.68,17.54,89.25,2218.17,7.58,16.62,1940,333.88,Wheat
92,83,27,8.08,32.59,0.45,1.33,34.11,49.83,2464.85,6.11,11.57,970,194.39,Rice
103,89,111,7.59,16.33,0.43,2.02,24.16,72.91,520.38,10.62,7.39,2199,238.67,Potato
72,84,104,8.14,49.4,0.86,0.78,36.63,55.28,2557.55,9.71,8.93,1521,286.83,Rice
119,38,25,6.22,36.33,1.08,2.28,17.43,31.66,2850.33,4.59,3.65,1701,111.5,Wheat
143,34,113,8.12,57.22,0.61,1.79,34.03,87.52,452.03,6.08,6.45,515,155.15,Millet
64,67,60,6.99,39.47,0.37,1.49,31.36,38.54,1107.41,6.99,19.38,2209,146.47,Potato
156,23,46,7.98,36.14,1.24,2.11,10.43,34.5,670.22,5.73,9.16,2477,300.06,Wheat
124,87,23,4.66,13.57,1.32,1.7,26.9,80.23,1403.87,11.06,14.56,2302,58.59,Sugarcane
125,75,112,7.13,17.47,0.56,2.32,31.47,32.03,816.33,5.5,6.91,1968,137.13,Wheat
62,63,77,7.89,52.48,0.75,2.59,14.69,71.27,1214.7,10.34,14.67,1317,176.77,Wheat
153,86,39,5.2,59.53,0.31,2.42,25.96,85.8,877.5,9.93,10.06,1525,55.09,Sugarcane
67,76,69,7.15,30.76,0.5,0.99,19.12,54.37,210.07,4.1,15.99,1744,152.62,Wheat
145,39,62,7.8,50.5,1.2,2.93,30.89,34.1,253.34,6.23,8.59,1055,164.44,Millet
26,27,106,5.65,41.38,0.67,1.98,26.2,43.1,1641.73,8.09,19.32,2110,89.65,Rice
35,63,45,6.12,57.95,0.99,1.04,28.64,86.9,1638.03,5.75,4.5,1685,322.98,Rice
148,30,39,6.78,21.91,1.43,0.22,12.18,57.92,301.01,10.54,10.6,1482,306.04,Wheat
134,62,73,6.58,37.24,1.14,2.97,14.13,62.48,2158.5,5.08,4.12,1659,212.62,Wheat
56,25,23,4.66,30.44,0.79,1.84,26.56,39.36,275.27,5.33,6,1058,345.3,Millet
144,37,32,4.89,37.09,0.68,0.76,15.44,85.08,1562.4,8.71,10.87,957,301.09,Sugarcane
100,13,57,4.9,23.44,0.45,1.52,24.96,61.03,1306.6,4.19,4.33,650,66.33,Wheat
81,64,37,5.55,34.89,1.18,1.25,30.7,61.73,2672.4,11.94,3.06,1097,94.2,Rice
91,24,16,5.48,41.24,0.35,2.86,34.29,64.56,1814.1,8.24,17.1,942,114.11,Rice
144,73,51,7.47,14.06,0.28,1.53,14.29,76.04,2502.78,9.21,7.95,166,95.96,Wheat
85,74,19,6.79,47.15,0.34,1.51,32.26,42.18,2995.33,6.02,14.52,628,232.23,Rice
49,25,77,7.56,45.33,0.52,2.4,20.9,86.54,696.73,11.64,10.11,326,260.49,Cotton
39,29,53,4.78,54.02,1.02,1.23,30.37,40.52,375.7,6.67,15.18,1431,320.4,Millet
101,73,111,6.44,31.29,1.32,0.67,14.36,41.84,2368.53,5.02,5.97,646,292.64,Wheat
126,42,22,5.8,13.08,1.49,2.33,25.46,30.74,1968.46,7.64,2.88,580,97.4,Rice
151,78,94,7.9,33.07,1.15,2.74,35.13,31.18,1975.6,5.02,10.93,1913,60.06,Rice
56,78,42,7.33,16.88,0.39,0.23,13.19,55.73,1085.52,11.7,13.06,1869,183.93,Wheat
151,67,113,7.98,42.37,0.56,2.59,34.83,40.98,486.84,8.04,19.03,1847,342.12,Millet
96,48,101,4.69,12.36,0.37,1.37,23.58,42.71,2219.39,8.8,15.69,2051,187.31,Rice
108,86,96,7.38,28.7,0.35,0.94,34.7,89.28,1721.34,7.88,17.62,702,194.93,Rice
107,45,41,6.66,14.14,0.94,0.21,38.75,85.76,1604.2,5.86,14.87,1792,252.06,Rice
52,77,57,7.8,10.17,1.38,0.7,14.79,49.35,2260.73,5.36,19.9,2010,57.68,Wheat
77,30,14,6.53,58.03,1.09,1.07,30.24,50.59,2968.13,11.72,15.07,245,286.86,Rice
47,72,70,6.66,59.81,1.24,0.3,17.05,47.53,2272.63,6.54,13.41,2466,292.27,Wheat
54,15,99,4.71,37.78,0.86,0.65,14.07,82.93,2816.85,4.47,7.02,1928,154.91,Wheat
144,33,112,7.17,21.95,0.82,2.24,28.84,35.9,1315.89,8.04,5.69,594,164.54,Sugarcane
157,62,99,5.59,55.55,1.42,2.09,13.24,65.05,2714.62,5.95,6.3,963,97.1,Sugarcane
84,85,12,4.58,56.15,1.14,2.33,23.96,41.18,2236.57,9.65,1.51,1767,65.76,Rice
61,87,33,4.77,52.73,0.8,0.58,29.08,75.49,1240.69,7.02,5.45,484,336.82,Wheat
104,59,107,8.33,37.22,0.63,0.22,24.99,67.88,1625,11.47,6.42,1372,90.16,Rice
156,21,43,5.88,13.74,0.32,1.46,30.91,53.27,766.71,7.48,2.63,637,332.02,Millet
130,65,93,7.97,14.42,1.27,1.09,34.04,35.89,427.75,9.41,1.22,2207,239.56,Millet
34,24,103,8.34,54.83,0.42,2.35,36.17,76.04,1508.81,10.79,10.55,2477,346.11,Rice
88,49,51,8.27,53.79,0.87,1.66,26.8,34.62,2981,10.91,4.44,1417,185.49,Rice
124,50,29,8.03,31.72,1.03,2.8,18.3,46.42,2637.26,8.43,5.42,1810,294.46,Wheat
83,78,50,8.08,26.41,1.17,0.28,25.29,45.22,246.52,10.43,19.64,767,126.31,Millet
60,78,91,5.66,42.21,0.31,1.15,21.63,64.71,2915.56,5.98,3.82,2484,70.49,Rice
90,15,111,5.11,50.35,0.21,1.28,16.78,60.82,1513.03,8.82,1.95,657,256.87,Pulses
75,76,29,7.06,46.58,1.12,0.47,25.87,46.78,700.96,4.27,16.68,43,317.98,Millet
44,42,15,6.45,40.78,0.79,1.79,10.68,55.82,2761.67,6.67,6.14,2109,69.36,Wheat
124,52,66,4.89,21.58,0.44,0.22,28.17,56.18,2789.59,6.77,10.59,181,205.57,Rice
153,30,51,7.21,23.13,1.48,2.17,34.65,64.41,2571.37,10.99,16.84,8,250.92,Rice
138,74,34,6.75,46.2,1.23,0.21,39.98,83.89,1939.59,7.79,10.63,1482,261.62,Rice
28,26,50,7.95,50.13,0.95,2.63,37.65,38.52,862.44,9.93,17.97,1118,64.66,Wheat
79,17,50,6.94,15.81,1.11,0.29,12.69,63.46,874.69,7.77,13.61,2023,309.7,Wheat
144,73,12,6.8,19.36,0.4,1.42,14.87,31.1,2903.62,6.51,12.71,1631,147.09,Wheat
68,37,117,6.26,44.02,1.45,0.55,14.16,71.89,980.66,11.52,15.38,1774,138.54,Wheat
70,22,52,6.35,29.45,1.5,0.49,26.75,68.42,1382.98,9,5.16,1221,69.71,Potato
89,22,55,8.32,38.16,1.04,2.19,11.38,71.64,2307.92,9.13,4.26,1124,226.79,Wheat
56,47,66,5.05,40.74,1.07,2.35,38.11,58.5,2505.79,7.93,16.97,851,173.17,Rice
50,34,92,6.28,48.81,1.12,2.24,11.86,41.21,1351.89,5.49,18.1,290,334.41,Wheat
81,71,83,7.12,50.29,1.07,1.27,21.74,56.88,1307.76,10.68,4.05,1254,84.29,Rice
112,32,60,6.23,24,0.77,2.97,36.82,31.42,1199.57,9.91,11.09,1534,129.33,Sugarcane
33,30,14,5.63,37.06,0.9,1.09,38.45,52.89,1287.45,7.05,4.22,1810,127.09,Potato
98,63,95,5.65,16.18,0.57,0.81,23.96,80.31,2323.26,11.5,1.58,930,333.02,Rice
27,72,82,5.43,52.1,0.78,2.99,24.65,50.32,373.44,6.75,10.5,1849,95.49,Cotton
55,39,106,5.88,52.27,0.77,2.93,29.09,65.51,2440.44,4.31,12.43,189,346.51,Rice
67,84,24,7.99,24.98,0.57,1.82,22.23,45.67,801.5,6.09,9.91,1004,322.19,Pulses
104,77,97,6.52,18.03,1.22,0.71,19.74,38.05,652.12,6.95,15.85,273,306.29,Wheat
47,85,103,5.46,13.5,0.73,0.79,32.18,61.26,538.16,10.56,5.39,1276,228.47,Millet
70,82,109,6.04,38.75,0.92,1.61,27.86,32.15,859.6,10.3,18.49,788,344.49,Wheat
123,41,48,4.92,14.57,0.4,2.35,24.45,84.27,2534.83,7.46,11.7,503,137.27,Rice
120,84,79,8.12,44.03,0.82,0.32,13.02,76.63,1706.32,9.61,11.12,2458,152.33,Wheat
48,33,88,6.13,43.91,1.19,2.09,12.07,89.88,953.1,5.83,9.6,1089,263.77,Wheat
146,16,47,8.42,40.7,0.78,0.4,25.32,89.59,720.65,11.13,5.09,2293,253.71,Millet
101,81,48,5.89,53.83,0.93,2.55,28.58,73.74,2354.71,4.49,6.38,1403,300.7,Rice
29,10,61,7.85,28.91,1.11,1.64,29.73,76.6,1615.39,7.19,11.5,2332,273.71,Rice
125,12,95,5.53,55.11,0.71,2.97,36.85,61.69,536.78,10.47,15.1,1370,250.76,Millet
20,37,12,4.8,11.85,0.66,2.28,34.49,43.11,1250.57,8.09,3.68,2426,291.69,Sugarcane
58,52,38,4.63,15.64,0.31,1.54,14.22,78.5,1445.9,10.51,10.93,1749,346,Pulses
40,55,102,6.92,30.61,0.96,0.51,33.83,46.18,1191.06,5.33,1.57,569,233.43,Pulses
84,10,40,5.75,39.7,1.12,1.67,30.29,69,942.52,6.02,4.48,1438,205.9,Barley
34,47,118,6.27,11.62,0.96,0.43,34.84,73.85,1121.31,7.19,16.27,1711,95.45,Millet
151,44,75,7.77,38.37,0.57,2.72,35.3,63.86,2269.11,10.87,6.25,1873,168.77,Rice
80,83,108,5.49,25.37,0.54,0.77,20.37,69.76,2868.53,11.66,6.37,512,215.75,Rice
157,85,54,5.73,54.36,0.41,2.61,17.9,47.57,272.37,4.45,11.09,100,64.17,Rice
106,83,82,7.88,36.66,0.26,0.98,26.58,75.63,1955.09,11.52,8.05,747,339.86,Rice
124,63,31,6.47,39.39,0.75,0.74,18.96,86.61,403.8,9.59,16.98,2100,75.26,Wheat
53,33,92,7.81,57.28,0.41,0.98,20.49,59.04,766.08,7.87,9.63,456,349.27,Wheat
143,37,110,6,48.21,1.1,2.15,12.07,37.26,1724.33,5.95,17.26,1355,123.84,Sugarcane
129,31,19,6.09,31.91,1.45,1.62,39.74,67.18,2422.99,6.27,1.17,741,266.81,Rice
52,25,119,5.17,33.84,0.3,0.41,19.28,50.48,1419.62,9.31,16.36,505,194.76,Cotton
117,22,30,8.17,42.4,1.36,0.5,33.4,55.15,2662.52,7.36,1.55,1457,66.58,Rice
80,71,26,8.09,20.01,1.06,1.2,39.79,39.1,2204.14,4.25,17.52,1697,116.04,Rice
29,52,76,8.44,14.43,1.32,1.08,39.07,67.55,742.48,11.73,19.08,1655,338.94,Millet
103,87,16,6.11,25.56,0.4,2.57,29.02,77.23,2121.39,9.33,17.84,417,206.74,Rice
84,41,114,7.77,48.92,1.38,1.76,26.16,75.99,1091.49,10.31,17.93,1562,296.63,Potato
96,76,110,6.16,22.87,1.45,0.64,19.28,89.63,2346.79,9.15,11.52,793,321.17,Wheat
20,66,45,6.32,16.54,1.38,0.18,35.85,42.73,845.69,9.71,18.99,681,56.27,Millet
152,74,76,7.82,20.95,1.22,0.4,20.14,84.85,604.6,4.31,3.29,1469,266.55,Cotton
99,78,86,5.21,43.95,0.32,2.13,13.2,73.96,1985.69,7.11,3.13,1402,176.34,Barley
34,58,114,5.38,40.7,0.49,2.56,18.82,72.45,1926.54,11.48,6.24,371,82.41,Potato
47,42,39,5.76,44.42,1.39,2.37,19.45,71.03,1805.83,11.66,11.38,463,186.6,Rice
42,28,96,7.65,26.1,0.5,2.39,31.55,62.3,880.94,11.36,4.19,1100,333.48,Tomato
128,45,80,5.99,55.04,0.65,0.86,15.09,52.72,776.75,11.99,17.69,242,191.87,Rice
126,79,103,5.93,32.59,0.27,2.97,19.51,86.6,2754.83,4.56,5.95,242,119.88,Sugarcane
132,24,38,8.5,35.69,1.02,0.35,12.3,39.07,1691.45,4.51,18.38,1094,193.55,Wheat
117,33,81,6.04,57.44,0.93,2.48,35.45,40.56,1338.3,11.46,6.44,2231,188.26,Sugarcane
158,36,83,5.49,58.96,1.45,0.38,31.74,31,2494.49,4.24,3.63,2266,139.42,Rice
47,58,42,6.99,43.08,1.36,0.88,23.12,74.36,342.19,11.08,15.12,2178,201.47,Barley
61,84,68,7.71,57.24,0.86,1.54,22.9,83.64,2092.79,11.01,1.97,1899,215.14,Rice
118,32,29,4.78,37.08,0.99,0.25,14.99,41.16,612.77,8.33,15.79,2043,128.61,Cotton
80,42,102,6.98,25.36,0.74,1.24,21.53,32.07,833.17,11.04,18.76,1354,347.78,Maize
142,50,38,4.64,25.75,0.37,1.12,37.2,44.65,1990.5,9.5,5.39,836,160.51,Rice
83,65,62,6.61,37.95,1.33,1.98,14.16,83.02,983.13,5.37,16.46,1483,263.65,Wheat
50,38,94,5.53,40.25,0.91,2.18,32.95,30.97,2378.49,10.75,18.45,2462,326.91,Rice
100,40,10,5.73,31.98,0.75,0.36,11.42,36.07,1652.02,7.21,7.14,872,98.16,Rice
29,74,43,6.37,54.19,0.29,0.21,19.35,31.5,1104.34,5.74,15.8,1427,96.58,Wheat
27,27,53,8.21,31.33,1.06,2.35,35.41,86.59,2620.97,11.82,2.89,2142,169.16,Rice
78,15,105,7.34,23.67,0.72,1.63,23.35,38.13,1960.74,9.48,17.45,43,296.15,Rice
49,61,118,8.25,10.4,0.53,1.65,31.08,84.03,1379.53,5.48,9.84,977,241.65,Cotton
39,49,23,7.14,58.53,1.34,2.94,13.11,58.41,1469.57,10.96,5.71,2063,185.79,Wheat
67,74,46,4.53,51.22,0.44,1.37,30.5,53.69,952,10.6,11,580,180.69,Tomato
149,51,44,5.56,40.78,0.87,0.67,34.57,55.59,503.73,4.82,5.89,314,227.16,Millet
56,77,68,8.12,51.53,1.23,2.07,34.16,55.12,1047.23,5.01,16.16,1878,127.98,Pulses
148,41,33,7.07,50.51,1.3,2.47,23.17,50.5,940.07,5.79,7.11,31,298.23,Barley
151,19,74,8.43,56.59,1.26,1.56,37.12,78.65,1139.96,11.2,2.39,978,145.1,Sugarcane
119,78,119,5.12,29.3,1.37,2.11,27.25,60.48,1513.67,9.8,1.67,938,226.48,Rice
73,18,15,5.69,37.74,0.39,1.59,34.54,89.46,376.5,11.21,5.94,1394,62.59,Millet
141,78,77,5.95,14.93,1.42,1.28,16.4,61.07,496.8,10.76,11.11,22,163.23,Wheat
44,70,47,5.81,58.27,0.21,0.2,16.31,79.11,2242.41,8.26,13.07,44,255.46,Maize
150,20,10,5.51,59.26,0.53,0.6,32.63,74.71,713.52,4.41,10.62,2244,80.85,Millet
28,77,50,6.27,49.45,0.31,1.49,29.4,54.07,1149.12,9.77,14.27,221,281.65,Barley
53,83,40,7.07,32.71,1.43,1.25,30.29,77.32,1983.45,8.94,13.94,1155,124.7,Rice
62,17,45,5.75,34.83,0.75,2.54,17.1,39.3,2935.44,5.86,11.91,1908,320.1,Rice
93,58,82,4.82,31.77,0.61,0.41,21.99,42.2,572.38,11.4,13.96,934,167.51,Barley
113,33,114,7.33,24.67,0.42,0.25,17.75,67.13,2320.63,9.5,17.37,1538,281.32,Wheat
41,42,63,6.34,36.39,0.4,0.35,12.04,72.69,1575.58,10.42,1.77,780,229.27,Wheat
89,28,118,6.73,12.67,1,2.07,16.12,68.63,462.54,10.21,16.82,1501,175.48,Wheat
149,11,96,6.32,59.59,0.26,1.82,39.85,60.57,673.15,5.02,7.76,2151,177.89,Millet
113,64,40,8.06,31.2,0.97,1.93,17.02,38.26,2143.9,6.24,6.81,85,60.42,Wheat
51,20,38,6.73,56.37,1.21,0.56,14.78,52.37,2662.49,10.09,17.4,2166,259.05,Wheat
125,26,94,8.19,46.21,0.98,1.6,30.91,66.29,233.95,8.67,12.53,2407,301.07,Millet
20,51,12,6.54,24.5,1.27,2.33,28.06,43.56,823.94,5,2.11,679,113.94,Pulses
91,70,67,5.67,21.1,0.54,2.08,32.38,68.27,1202.3,7.39,4.62,1456,295.88,Tomato
69,12,99,5.92,59.78,0.3,1.37,29.61,44.06,2968.64,5.91,18.77,1232,273.97,Rice
34,44,70,6.59,48.61,1.14,0.4,16.69,35.87,2026.15,9.98,8.84,1735,314.45,Wheat
72,75,15,6.62,22.48,1.28,2.62,25.03,49.46,1210.3,5.1,6.18,608,323.3,Cotton
27,10,29,7.25,13.37,0.85,1.63,15.3,46.37,764.72,8.91,4.76,1594,126.15,Wheat
93,16,70,5.4,44.85,1.27,2.68,17.61,78.63,834.97,4.22,11.58,2319,93.34,Tomato
65,29,55,7.14,25.15,0.8,1.37,39.61,59.02,338.55,9.53,19.39,1308,314.49,Millet
88,52,22,7.61,21.07,0.46,0.79,31.86,33.84,2985.05,4.71,3.55,1555,287.56,Rice
133,15,114,7.21,46.75,0.82,0.99,33.49,78.93,2950.26,5.03,5.55,1657,57.94,Rice
142,64,32,6.43,43.96,0.48,1.31,10.9,46.12,231.32,7.84,10.42,901,271.06,Wheat
158,30,88,8.47,34.07,0.81,1.88,21.46,64.07,958.24,4.09,5.09,872,150.98,Millet
136,60,119,6.12,57.13,0.39,2.33,26.66,62.49,257.25,11.82,19.99,1115,178.61,Millet
62,55,40,4.93,43.98,0.44,0.8,14.49,88.3,1044.87,6.16,8.78,313,231.18,Potato
39,44,13,7.79,54.67,1.35,0.64,35.46,45.3,2723.52,4.04,9.37,1554,336.6,Rice
40,17,84,5.35,19.53,0.35,0.69,14.19,38.71,2649.37,10.91,5.16,2183,81.78,Tomato
101,77,75,7.35,24.83,0.49,2.81,29.1,45.51,2117.85,4.53,16.12,356,53.7,Rice
76,25,25,5.22,15.23,1.49,0.58,26.6,64.59,2964,11,9.84,1339,246.38,Rice
93,76,40,4.57,25.23,0.95,1.1,35.48,43.05,2288.83,10.39,13.32,239,51.19,Rice
117,80,57,5.14,58.59,0.96,1.51,19.35,50.43,875.97,4.97,4.31,1992,348.1,Potato
129,73,112,6.01,58.14,1.3,1.71,18.52,69.48,2537.84,4.9,3.46,2111,70.87,Wheat
134,11,52,4.93,48.02,0.88,2.59,35.39,36.99,1622.21,9.94,11.66,1894,192.03,Rice
61,10,117,5.29,36.05,0.49,0.43,16.64,86.72,1611.1,10.28,4.38,1512,193.5,Cotton
87,67,13,7.56,49.04,0.75,0.41,32.38,61.94,2532.2,7.01,10.79,1680,127.64,Rice
89,10,71,7.58,37.67,1.18,1.02,15.73,59.02,1696.15,11.01,19.98,63,68.15,Wheat
97,16,57,7.77,10.18,1.33,1.3,36.27,51.78,1116.36,5.59,9.39,2353,274.65,Rice
109,78,37,7.86,35.08,0.56,1.18,35.17,44.74,2800.49,8.89,1.47,382,312.87,Rice
130,27,25,6.18,39.95,0.54,1.24,33.62,59,406,7.32,13.05,59,145.09,Millet
131,41,112,7.97,23.29,0.63,2.57,24.74,59.18,2041.78,6.67,5.92,401,302.5,Rice
122,54,98,6.6,20.16,0.98,2.53,11.02,33.37,2399.22,8.3,18.87,1757,323.38,Wheat
38,42,86,6.38,23.69,0.56,2.44,13.97,80.84,343.48,6.42,5.44,1380,343.63,Wheat
89,83,78,7.37,41.18,1.36,2.29,23.7,79.25,856.24,5.78,18.72,836,259.81,Pulses
82,82,39,5.36,17.3,1.47,0.22,11.31,56.87,825.07,8.32,1.35,1891,179.72,Barley
94,58,74,7.66,46.02,1.08,0.53,11.9,50.21,2689.96,8.22,19.59,1496,303.72,Wheat
123,42,78,6.22,31.13,1.46,2.22,13.77,59.94,2020.87,10.48,6.2,2094,186.78,Wheat
94,80,23,5.01,27.67,0.57,1.83,17.83,43.29,807.45,9.2,15.85,375,284.64,Wheat
147,77,84,4.98,50.36,1.26,2.05,32.48,30.05,2747.39,6.68,9.86,1325,323.72,Rice
75,37,43,5.16,35.3,1.08,2.18,11.44,51.26,882.35,9.5,8.04,29,242.54,Wheat
41,62,65,8.06,28.92,0.54,2.74,39.51,31.08,2053.65,4.93,19.2,2416,266.2,Rice
108,53,38,8.46,53.91,0.61,1.94,18.21,32.44,1466.79,5.45,18.89,1210,275.04,Wheat
38,89,91,5.93,28.41,0.84,0.9,19.61,31.77,473.31,8.69,12.48,1268,295.21,Cotton
45,64,88,5.67,52.95,1.23,0.34,17.44,82.8,2309.1,8.46,18.85,520,152.88,Sugarcane
42,19,119,5.38,35.21,1.33,1.35,28.07,38.62,1117.54,8.24,15.98,935,321.72,Wheat
66,23,34,7.8,20.4,1.02,2.16,10.58,45.26,1208.03,9.07,7.9,254,317.9,Wheat
32,45,103,5.34,40.64,1.14,0.92,12.81,59.42,800.8,5.23,18.02,1197,278.38,Wheat
85,43,118,8.2,24.27,0.54,0.45,12.96,61.76,2451.95,10.41,7.82,2057,53.13,Wheat
92,27,75,7.17,17.36,1.16,3,29.94,37.32,648.07,11,18.98,2411,231.57,Millet
96,25,49,8.09,14.33,0.99,1.31,19.89,84.57,811.02,8.17,10.8,959,304.6,Wheat
50,46,100,6.72,22.08,0.49,0.73,23.12,43.86,1338.71,9.48,15.04,1454,301.15,Rice
104,50,24,7.26,46.83,1.44,0.58,38.5,86.56,616.71,10.56,13.1,1082,307.46,Millet
78,34,41,6.98,51.9,0.87,2.6,16,45.41,515.85,9.2,14.94,1085,321.63,Wheat
60,17,29,7.82,53.09,1.23,2.48,12.11,30.16,1660.73,7.48,4.43,2302,321.79,Wheat
131,27,62,7.84,23.51,0.88,1.88,23.24,88.31,2869.97,9.47,17.9,1422,311.05,Rice
115,77,87,6.86,43.05,1.41,1.69,14.92,59.02,2444.98,11.45,16.62,776,84.62,Wheat
141,57,100,7.03,21.52,0.38,2.86,14.34,82.73,695.91,6.29,12.99,1149,142.07,Wheat
124,79,76,8.19,41.14,0.91,0.76,22.3,74.06,1845.27,10.41,5.03,1255,58.92,Rice
93,76,58,8.22,54.36,0.23,1.3,30.09,40.74,2421.97,11.98,11.89,2222,162.67,Rice
151,27,76,7.16,12.04,0.46,0.17,17.29,80.72,605.83,10.1,9.29,373,283.46,Wheat
118,27,86,4.53,59.26,0.57,1.31,36.28,33.06,429.36,6.49,1.34,264,122.31,Millet
145,65,98,4.92,51.35,0.81,1.21,20.87,60.45,2695.09,4.98,18.54,924,120.91,Rice
157,32,91,7.93,48.08,1.27,2.85,38.02,45.25,886.12,8.36,15.61,923,64.19,Rice
94,44,10,4.84,44.57,0.81,1.14,24.77,51.7,1594.06,4.93,18.05,2324,226.83,Rice
33,15,48,5.35,48.51,0.93,2.52,31.8,75.42,784.49,7.69,12.46,2096,260.58,Millet
57,35,70,5.42,59.73,1.4,2.32,35.47,71,333.44,6.69,7.31,1046,64.66,Millet
159,70,64,6.9,48.51,1.18,0.53,25.89,56.41,1636.99,7.81,9.35,1564,168.34,Rice
64,24,78,6.81,27.58,0.27,2.89,35.51,32.76,1418.23,6.52,16.76,995,233.33,Pulses
94,41,11,5.66,40.7,0.43,1.93,21.34,32.39,2234.16,10.76,4.79,1993,320.81,Rice
48,21,103,5.33,26.85,0.25,1.83,20.9,72.13,2600.76,7.5,3.88,266,94.67,Rice
37,14,26,7.56,58.5,0.29,0.13,33.82,86.93,596.55,4.84,2.91,702,262.31,Millet
39,73,38,8.24,55.01,0.64,2.13,17.24,80.84,680.61,9.17,2.89,1273,127.75,Wheat
33,80,115,4.71,38.38,1.15,0.26,31.51,37.33,2860.71,10.23,10.25,1061,219.24,Rice
73,36,13,5.03,49.06,0.52,0.64,12.31,37.27,1370.26,7.4,14.99,20,251.87,Maize
50,88,82,7.07,55.48,0.71,0.39,29.07,66.63,2867.58,8.85,17.92,926,52.22,Rice
77,54,73,7.72,22.18,0.71,1.2,38.26,69.46,1147.6,7.57,11.79,716,97.44,Barley
123,44,94,7.66,38.97,0.97,2.41,23.69,66.99,1173.56,5.61,10.43,2358,259.91,Sugarcane
147,35,52,7.38,34.09,1.36,2.15,22.48,83.12,2179.55,8.78,8.36,951,108.89,Rice
44,32,85,8.05,48.58,1.48,0.41,26.22,43.86,471.5,9.61,6.71,1233,293.9,Millet
38,22,21,5.37,28.95,0.99,2.42,31.59,40.34,1356.31,5.99,1.64,1883,264.38,Maize
155,12,59,4.93,45.45,0.86,1.44,20.77,84.85,1265.35,9.68,14.89,2457,303.68,Sugarcane
22,38,77,6.96,30.15,1.09,0.19,10,73.33,298.95,10.88,2.35,1699,264.95,Wheat
105,75,70,7.79,15.55,1.07,0.75,25.06,72.7,1075.33,11.34,15.4,62,255.63,Sugarcane
28,73,101,6.83,15.36,0.88,2.38,22.58,50.12,1315.83,5.38,14.56,1347,301.66,Cotton
113,37,82,8.35,15.95,1.16,2.23,25.98,67.67,362.38,5.34,19.76,1718,176.02,Millet
158,45,113,7.68,11.63,0.84,0.65,31.46,73.6,256.39,10.95,1.38,2188,317.56,Millet
39,15,60,7.3,36.65,1.5,0.21,18.5,66.02,1879.62,9.48,5.61,2315,345.91,Wheat
54,20,105,4.74,43.6,0.26,0.96,25.16,74.17,776.35,5.04,2.56,706,277.97,Millet
72,47,86,4.93,16.34,0.78,2.41,17.6,65.4,1215.2,7.96,18.72,248,123.69,Wheat
129,43,107,7.64,40.59,0.72,2.82,23.78,88.92,424.17,10.08,10.77,1447,178.33,Cotton
155,76,92,5.29,39.89,1.2,1.76,20.34,59.52,482.51,5.59,19.16,1628,174.26,Millet
23,55,87,4.62,17.35,0.45,0.36,21.07,30.75,632.43,11.28,3.95,1719,207.6,Tomato
121,38,14,8.14,30.2,0.76,1.56,27.38,39.8,283.47,10.93,7.27,2133,254.73,Millet
66,69,100,8.06,47.76,1.11,3,30.69,87.85,2334.67,8.75,13.14,1176,53.3,Rice
113,63,37,5.37,10.84,0.98,2.82,10.38,58.17,2737.24,10.22,6.23,1992,113.52,Sugarcane
67,78,99,7.62,17.35,0.91,2.98,36.3,37.23,1662,5.19,18.52,281,240.95,Rice
110,83,19,4.69,59.79,0.77,2.13,20.93,39.35,2486.01,5.99,9.34,1312,153.07,Rice
103,83,97,5.64,46.68,1.18,1.34,29.31,31.74,579.55,10.19,12.66,1164,118.36,Millet
87,18,90,6.99,33.21,1.04,2.69,13.67,43.58,1457.97,7.56,7.67,1247,263.49,Wheat
158,86,61,7.55,41.49,1.34,2.7,27.14,89.2,600.38,5.45,4.97,2175,299,Millet
144,19,89,4.54,52.31,1.15,0.52,30.35,49.73,2986.8,6.32,16.17,938,323.53,Rice
92,84,26,5.8,52.12,0.38,2.35,14.72,45.02,362.77,8.98,16.07,2189,317.2,Cotton
23,77,74,5.36,26.24,1.01,2.77,37.36,70.06,1443.18,4.33,16.49,2360,262.57,Potato
95,67,30,8.5,34.56,0.26,2.71,32.72,70.45,514.3,5.19,7.27,1931,334.34,Millet
92,61,63,7.18,41.9,0.7,2.15,26.02,88.07,392.26,5.62,17.23,1700,325.03,Millet
96,43,58,6.12,13.59,0.74,1.66,14.98,73.78,2257.94,11.1,7.06,2208,110.85,Wheat
67,44,116,4.8,57.29,1.31,2.35,35.97,36.6,424.36,11.1,7.86,402,113.37,Millet
121,42,31,6.89,31.64,0.43,1.6,12.06,89.14,267.07,5.7,6.69,1555,186.88,Wheat
125,81,78,7.07,28.54,1.04,1.03,13.46,75.01,2859.01,8.79,9.18,2354,149.89,Wheat
96,41,73,7.77,55.36,0.45,0.85,30.95,45.55,717.34,6.88,1.5,690,340.31,Millet
58,64,45,5.65,15.91,1.43,1.67,17.62,45.67,2564.43,4.4,5.76,712,269.36,Wheat
77,17,30,8.43,11.96,0.89,1.42,23.78,87.6,2868.35,5.23,5.85,25,165.31,Rice
38,55,65,6.26,44.25,1.12,1.62,26.17,41.56,2305.52,4.04,17.19,2237,115.93,Rice
107,23,82,5.68,29.25,1.04,0.86,23.75,43.66,490.67,11.87,14.19,1568,283.07,Cotton
132,17,100,5.89,48.22,0.59,1.81,12.52,51.54,677.33,9.2,5.99,1715,249.82,Potato
96,80,57,6.58,13.43,1.37,2.02,32.12,70.77,701.57,5.06,7.89,1737,241.79,Millet
96,86,85,8.25,29.19,1.02,2.44,17.2,55.78,2031.04,9.87,19.29,2267,314.98,Wheat
47,63,27,7.44,21.77,0.86,1.81,32.16,48.68,702.78,8.9,12.34,772,127.5,Millet
85,30,108,6.81,46.98,0.89,2.29,35.96,46.06,283.94,5.66,14.29,1971,94.42,Millet
29,84,24,5.15,21.36,1.36,0.59,26.09,37.51,1483.97,7.94,19.45,1699,312.21,Barley
145,23,53,5.1,32.9,0.28,0.45,31.19,62.78,1849.42,8.89,13.53,1587,59.08,Rice
77,84,103,6.51,50.94,0.71,0.62,11.11,46.4,1489.14,6.9,8.6,2192,346.94,Wheat
144,11,54,7.41,55.77,1.29,2.55,11.1,49.89,1569.61,11.67,8.28,91,125.73,Wheat
131,70,106,7.5,46.13,0.25,1.71,15.91,30.47,1479.11,4.76,3.13,1409,208.98,Wheat
103,26,45,5.4,31.46,1.03,1.42,20.75,61.87,943.22,5.01,2.92,1520,321.97,Wheat
115,87,49,4.9,38.6,0.72,2.31,15.48,71.79,2876.51,10.85,8.18,1210,168.42,Sugarcane
52,57,60,6.04,44.48,0.47,0.46,29.05,85.65,2546.64,6,8.97,2016,134.8,Rice
66,17,39,8.17,53.75,0.99,0.12,18.31,41.83,1103.99,5.04,13.48,145,56.56,Wheat
131,65,35,6.68,54.43,1.28,1,35.37,85.16,311.08,7.1,9.75,62,319.53,Millet
62,26,94,5.78,56.55,0.81,0.82,26.82,51.67,2602.39,5.35,14.81,1087,218.26,Rice
27,78,110,5.79,50.54,0.39,0.99,21.34,78.14,2278.24,8.03,2.91,1926,88.89,Rice
22,21,116,5.03,17.34,0.6,2.92,36.79,83.81,427.5,9.87,7,2086,290.69,Millet
144,47,40,6.39,47.38,1.48,1.75,34.85,87.68,2154.44,10.04,18.17,37,142.95,Rice
31,27,65,7.67,50.73,0.34,1.81,34.6,49.53,1467.32,6.43,1.83,1778,52.19,Barley
103,35,70,8.37,53.89,0.41,2,31.85,45.63,564.98,9.52,13.49,2371,176.75,Millet
35,46,26,6.51,56.24,1.49,1.25,28.43,56.37,2229.2,11.72,11.53,1422,282.77,Rice
97,79,90,5.17,35.46,1.35,2.94,21,63.28,1195.96,4.06,2.15,2064,292.15,Potato
78,50,107,7.23,42.75,1.12,2.92,22.68,71.44,2749.23,9.17,3.5,1145,193.16,Rice
82,88,33,7.53,10.48,0.4,2.33,29.41,71.51,320.08,8,6.45,735,330.62,Millet
68,51,106,4.79,38.64,0.51,0.71,15.19,37,2824.51,7.15,2.94,1056,349.32,Cotton
70,85,13,7.9,33.66,0.43,2.65,34.83,66.71,446.34,5.67,8.03,1518,76.91,Millet
52,50,18,7.82,58.12,1.02,0.39,38.16,40.07,301.22,4.99,13.74,1232,62.02,Millet
49,56,11,6.39,55.09,0.72,1.93,12.94,72.68,1829.03,11.37,14.93,1593,209.65,Wheat
95,23,44,6.74,49.88,0.26,1.43,10.67,88.59,1909.56,4.24,7.97,36,227.33,Wheat
34,10,47,7.35,12.85,0.58,0.21,14.28,76.25,753.42,7.76,17.76,1944,61.91,Wheat
101,26,54,7.21,30.1,1.32,2.72,32.8,71.68,2652.77,5.64,17.62,1805,161.12,Rice
111,64,24,4.57,44.8,1.23,2.89,13.23,34.65,2445.67,5.18,3.73,1193,256.44,Sugarcane
42,62,116,4.99,11.48,1.04,2.73,21.17,41.08,991.22,6.82,13.8,1061,155.98,Barley
113,40,51,5.15,21.79,0.31,0.66,11.89,51.31,1440.61,6.53,6.08,1437,155.79,Sugarcane
64,71,12,7.52,54.38,1.35,1.07,22.98,86.01,2393.28,7.69,12.28,1146,295.1,Rice
81,17,40,6.26,16.49,0.89,2.87,28.12,49.85,2533.41,7.95,8.15,1749,61.14,Rice
34,39,61,6.68,12.57,0.84,0.41,28.86,78.83,2429.56,8.03,11.8,1943,307.38,Rice
65,86,50,7.59,39.03,1.41,1.79,25.57,36.23,950.18,5.06,12.93,2172,62.67,Wheat
83,89,66,5.86,57.32,0.21,1.51,38.14,69.72,2342.89,5.37,3.87,1988,53.8,Rice
94,75,51,7.5,51.73,0.92,0.54,25.93,76.75,1971.29,6.59,10.55,2395,173.96,Rice
71,54,62,6.27,58.74,1.23,2.67,35.78,62.58,1673.46,4.65,4.12,992,51.62,Rice
107,27,65,6.01,47.68,0.28,0.49,39.79,76.01,2898.03,10.67,4.43,2375,95.59,Rice
76,54,96,5.83,31.87,0.66,1.82,16.89,73.42,1874.49,4.78,15.15,1533,154.37,Sugarcane
102,28,85,8.36,57.33,1.47,1.02,17.97,58.62,2632.47,5.83,18.36,906,154.56,Wheat
85,86,81,7.59,31.33,0.48,1.31,25.66,81.93,2306.55,9.1,9.38,624,87.84,Rice
39,77,62,4.58,27.5,0.89,0.71,15.47,50.5,326.24,11.44,15.37,1223,275.83,Maize
52,59,94,8.33,32.41,1.17,1.91,26.92,55.52,947.41,5.08,11.94,13,203.01,Cotton
91,34,94,7.6,50.7,0.71,2.97,30.53,62.39,1905.65,7.51,17.66,621,267.69,Rice
44,47,41,5.1,55.88,0.73,2.52,11.81,37.84,1427.23,6.38,18.68,2264,174.57,Wheat
65,45,90,4.81,27.88,0.28,2.08,30.44,60.92,2875.38,7.84,16.89,671,65.39,Rice
92,77,63,5.73,33.11,0.45,2.29,14.78,49.45,1834.13,7.51,18.54,542,325.73,Wheat
117,65,46,7,54.92,1.34,2.53,18.98,45.4,2801.44,8.62,5.75,1782,90.44,Wheat
76,48,97,6.97,12.35,1.26,1.47,32.16,64.61,776.49,4.34,6.49,399,92.86,Millet
106,72,17,5.6,49.19,0.6,1.74,14.91,49.78,2713.73,10.63,12.15,2187,137.93,Sugarcane
152,16,91,6.28,32.71,0.7,2.7,25.95,81.33,1704,4.26,16.21,1560,209.71,Rice
74,67,20,5.35,28.83,0.77,2.12,27.68,54.6,799.41,8.58,2.62,1481,143.37,Millet
80,89,63,4.7,32.35,0.65,0.49,14.93,54.78,1292.64,10.51,7.1,1590,241.29,Barley
108,68,69,6.57,30.93,1.05,2.36,18.24,88.92,2912.72,4.92,7.18,1098,214.17,Wheat
27,57,19,5.89,47.83,0.22,0.17,28.19,50.49,2886.54,9.45,17.51,1350,245.77,Rice
35,14,99,6.67,56.4,1.34,2.56,23.84,37.89,261.54,5.68,15.16,2221,77.98,Barley
135,45,79,8.29,34.57,0.59,2.39,29.8,82.59,1060.75,5.59,13.36,2472,330.37,Sugarcane
80,34,90,5.07,51.64,1.33,2.51,35.64,85.02,2718.14,4.36,4.54,1095,163.98,Rice
34,54,96,4.51,46.6,0.79,0.17,14.05,43.59,291.05,6.95,10.96,791,264.8,Barley
150,28,51,4.81,26.53,1.21,2.92,12.12,82.92,2879.42,11.14,1.18,164,62.97,Sugarcane
121,16,46,6.35,39.37,1.27,1.88,30,59.67,1286.35,9.63,4.94,414,298.47,Sugarcane
73,67,101,7.33,43.34,0.59,2.42,33.12,32.61,521.47,8.55,16.24,2399,226.04,Millet
33,75,89,6.82,11.17,1.03,1.74,23.48,62.93,1043.2,10.55,13.45,792,60.04,Sugarcane
55,89,85,6.48,29.8,0.99,1.09,21.82,80.93,2462.86,10.68,11.4,1164,63.06,Rice
124,48,67,5.92,59.63,0.82,0.96,27.9,53.8,2995.63,8.75,17.02,863,147.67,Rice
101,27,94,5.74,41.86,0.81,0.3,26.54,63.06,574.67,6.48,9.39,2407,121.99,Millet
86,10,68,6.01,26.71,0.6,1.67,24.71,38.44,1985.18,11.04,6.32,583,343.03,Rice
29,72,33,6.95,22.5,0.6,0.52,34.56,80.53,2790.87,6.8,16.93,767,217.8,Rice
68,12,37,5.17,20.47,0.91,1.75,15.21,36.41,2719.19,5.38,6.76,1862,150.37,Wheat
130,30,46,7.59,30.08,0.24,1.91,30.44,35.67,1273.4,8.47,17.26,353,277.01,Sugarcane
84,39,30,6.8,19.66,1.41,1.38,32.24,86.01,2624.17,4.68,13.6,383,216.99,Rice
76,20,42,5.58,16.76,1.04,0.55,37.04,82.41,736.45,5.69,13,1588,170.98,Millet
46,31,11,6.5,28.2,0.78,1.35,38.35,64.49,1969.94,10.78,2.52,1920,80.44,Rice
132,66,110,8.35,40.35,0.28,2.65,25.24,36.37,1874.4,7.34,10.07,2356,72.09,Rice
152,12,92,4.58,17.32,1.02,1.43,23.01,62.76,2392.08,7.91,8.09,1451,81.53,Rice
90,39,37,5.3,12.22,0.22,1.09,25.12,85.23,841.19,8.31,18.62,2195,138.39,Maize
102,54,24,6.29,11.73,1.08,1.93,31.98,66.74,1960.78,7.94,1.24,1417,331.43,Rice
76,45,10,7.05,23.37,0.29,1.89,10.52,41.89,1909.19,5.74,12.46,719,147.4,Wheat
139,81,116,5.35,19.51,1.05,0.36,15.22,84.35,435.83,11.33,8.83,2080,74.06,Tomato
112,73,37,8.23,36.96,0.73,0.79,37.23,81.93,1125.66,9.43,16.29,0,268.44,Sugarcane
34,63,59,7.07,32.79,1.06,1.53,15.86,62.8,780.83,9.21,16.85,891,289.71,Wheat
130,77,44,8.01,26.24,0.38,1.16,16.85,81.13,2998.86,10.69,9.82,1535,140.98,Wheat
120,59,105,5.82,51.68,0.35,1.03,38.18,33.38,2973.68,9.41,4.03,1364,277.74,Rice
138,40,37,7.82,35.25,0.52,1.39,18.83,57.67,906.81,4.97,4.88,2302,84.59,Wheat
95,38,18,6.01,14.58,0.73,0.94,18.71,40.69,2463.86,6.72,14.76,1234,244.78,Wheat
39,68,33,5.51,24.79,0.53,1.11,37.71,80.25,2486.1,6.99,16.64,1642,243.86,Rice
150,45,72,8.15,58.67,0.31,2.34,21.25,88.27,2820.53,9.38,7.96,1551,226.33,Rice
92,86,13,4.87,58.85,0.62,1.58,24.82,85.84,561.68,9.64,7.96,1747,95.45,Cotton
141,82,65,8.27,22.73,1.12,2.63,26.81,60.2,2069.27,8.45,4.19,560,203.87,Rice
60,76,118,6.33,18.36,0.96,2.85,36.05,60.66,776.48,7.2,13.49,1656,127.94,Millet
149,85,50,8.47,34.78,1.45,2.77,12.33,84.49,2041.45,11.01,3.29,609,160.2,Wheat
42,20,76,6.66,34.07,0.77,0.84,17.83,73.3,2642.1,8.44,14.36,1104,309.69,Wheat
42,20,57,7.53,30.51,0.63,1.47,27.61,34.48,427.48,10.59,12.36,1391,122.63,Millet
28,35,95,4.53,36.47,1.1,1.65,23.04,37.7,1983.58,11.42,16.4,327,124.38,Rice
32,62,113,6.49,21.61,0.74,2.57,18.35,87.1,1705.3,7.38,12.37,539,181.05,Wheat
70,23,67,7.45,15.75,1,1.72,22.29,51.95,691.67,6.33,4.94,216,124.32,Cotton
83,73,48,7.63,38.52,1.43,0.83,38.99,41.24,865.16,6.98,11.99,338,238.53,Potato
71,89,34,5.13,56.63,0.85,1.69,10.63,74.13,1657.4,4.66,18.19,773,197.56,Barley
57,19,69,6.18,16.89,0.85,0.23,14.41,82.78,2609.38,6.8,16.06,2261,282.9,Wheat
119,40,95,6.18,45.24,1.21,2.52,10.56,42.39,2090.51,8.05,4.25,1809,299.46,Wheat
70,45,56,4.91,31.89,1.18,1.74,27.8,45.09,276.86,5.65,2.77,929,211.08,Millet
156,19,107,6.27,24.7,0.87,1.99,10.39,84,553.35,5.42,19.22,1470,173.67,Wheat
74,35,70,7.73,52.66,0.28,0.68,23.62,30.79,2671.45,6.54,15.17,185,231.83,Rice
128,29,93,5.7,32.82,1.48,1.72,35.78,84.48,2027.37,4.81,16.72,1629,205.03,Rice
63,53,109,6.23,39.17,0.69,1.64,12.92,32.36,250.58,7.94,18.11,1993,161.04,Wheat
129,71,110,8.34,32.15,0.61,1.9,20.96,35.72,1869.21,9.08,9.87,39,179.84,Rice
147,82,112,4.63,14.06,1.48,2.56,21.34,81.74,672.01,8.71,17.61,1574,303.38,Cotton
124,88,36,6.87,39.75,1.33,2.32,20.87,44.91,2775.8,6.24,3.48,699,242.53,Rice
29,18,105,7.47,30.94,0.63,1.69,31.82,43.48,542.78,10.89,7.44,2002,241.99,Millet
119,80,51,7.54,14.34,0.6,2.69,10.13,80.65,415.53,4.88,7.49,1765,265.1,Wheat
128,33,61,7.36,39.79,1.14,1.14,33.4,62.53,2005.46,4.01,1.68,1124,348.45,Rice
127,21,102,7.41,10.49,0.63,1.53,35.17,51.04,2419.69,5.08,4.56,1392,205.06,Rice
159,69,114,4.74,20.43,0.53,1.98,22.94,72.85,966.67,9.79,14.84,360,233.41,Tomato
113,87,57,6.64,49.05,1.47,1.38,36.61,78.58,1043.75,10.31,9.79,2431,191.68,Sugarcane
82,25,41,7.63,11.9,0.94,1.15,21.43,81.77,1199.01,10.13,12.34,551,153.28,Wheat
103,38,33,4.88,42.33,1.19,0.43,30.84,37.16,2344.26,6.59,12.69,1039,255.66,Rice
44,41,12,4.55,57.49,1.13,1.94,21.66,64.95,933.57,11,5.01,717,257.46,Potato
31,44,36,7.76,18.56,1.18,0.66,11.14,70.69,446.82,11.12,18.6,2095,224.53,Wheat
44,52,82,7.35,30.86,1.37,0.5,12.5,36.99,1065.68,10.56,3.66,1856,73,Wheat
30,62,49,6.15,38.77,0.85,0.63,23.26,66.61,2904.89,9.9,1.06,1583,54.34,Rice
83,29,32,8.26,32.52,1.18,2.1,39.7,31.92,1416.7,10.73,6.01,1957,292.81,Maize
145,17,16,7.57,41.02,1.24,0.5,15.33,50.49,1767.94,9.27,10.63,1630,82.82,Wheat
69,51,90,8.37,30.2,1.43,2.93,36.87,40.32,2334.45,11.71,4.19,183,165.14,Rice
108,86,46,8.22,17.43,1.13,2.3,37.58,63.67,1763.88,9.04,15.69,854,118.2,Rice
118,79,16,6.43,14.45,1.36,1.24,22.29,41.47,2039.17,5.32,4.99,621,292.87,Rice
135,25,103,7.52,47.22,0.32,1.82,23.85,77.35,2664.98,5.46,19.13,589,95.85,Rice
115,78,86,7.18,21.93,0.36,0.12,25.08,37.27,1244.29,7.45,14.49,2313,176.89,Sugarcane
33,62,91,7.75,52.37,0.41,2.55,33.11,75.47,512.14,9.76,17.25,1514,328.05,Millet
20,54,104,7.65,47.15,0.39,0.89,13.71,35.93,464.49,5.12,11.42,1596,332.8,Wheat
44,60,31,5.11,12.47,0.31,0.31,19.86,56.54,2391.41,5.56,11.51,2183,218.98,Maize
91,15,87,5.43,20.06,0.36,2.3,15.12,71.91,2033.78,4.62,19.52,1886,264.27,Cotton
88,42,91,5.56,24.6,1.49,1.06,36.35,39.69,1786.13,5.34,3.23,2057,64.69,Rice
152,88,108,7.77,39.72,0.55,1.75,12.12,75.14,2803.99,5.76,12.04,1805,92.09,Wheat
124,24,26,7.74,50.49,0.82,2.55,32.43,87.2,1955.16,8.47,2.29,1403,92.62,Rice
42,23,28,6.48,13.02,1.27,2.35,23.19,52.4,333.51,7.11,19.81,2499,297.36,Wheat
28,48,104,6.82,22.48,0.35,1.08,31.44,30.01,1512.23,4.75,12.98,9,292.07,Rice
137,72,48,7.81,28.81,0.61,2.62,36.7,58.61,801.69,5.27,2.57,933,179.46,Pulses
113,14,45,5.75,19.17,0.41,1.23,20.19,84.15,1939.64,8.16,6.43,764,216.81,Rice
52,61,24,4.7,37.26,0.28,1.55,16.81,69.9,725.54,5.06,17.93,695,163.39,Maize
149,25,72,6.43,33.9,1.45,1.88,29.51,72.2,2005.96,9.83,2.55,2107,204.71,Rice
33,47,38,8.15,25.82,1.32,0.31,39.93,77.55,2673.32,4.76,6.21,44,58.58,Rice
20,62,69,7.66,35.84,1.34,1.83,31.89,84.49,416.07,5.52,10.59,1262,222.24,Millet
109,86,65,5.97,27.79,1.33,1.77,33.87,37.49,925.13,11.01,19.67,176,217.68,Millet
108,62,49,4.76,27.16,0.4,2.63,28.9,65.41,2085.78,8.27,4.96,1111,162.16,Rice
109,55,25,7.05,23.27,1.22,1.13,21.05,83.38,2191.4,11.91,16.06,947,291.28,Rice
33,24,42,7.84,37.02,1.15,0.8,29.64,76.55,1843.03,5.22,7.51,548,233.76,Rice
130,68,98,7.16,32.21,1.4,1.48,13.86,44.94,589.47,4.62,1.18,1485,189.78,Wheat
102,59,25,6.2,19.82,0.49,2.09,24.66,82.48,879.38,4.61,15.86,1721,158.75,Tomato
91,18,39,4.99,10.65,0.74,1.73,27.19,47.65,2740.58,11.48,10.31,2487,133.54,Rice
149,35,107,8.14,17.55,0.58,0.5,37.2,54.65,2493.85,9.15,10.12,1612,290.02,Rice
46,12,75,5.6,12.14,0.54,1.11,37.59,41.14,2860.06,6.7,13.8,2347,225.46,Rice
93,56,113,5.4,31.58,1.05,0.28,11.8,83.11,1345.41,7.07,13.36,2085,101.48,Wheat
118,14,53,7.76,21.25,0.41,2.24,28.96,35.58,1430.77,9.6,13.47,1569,112.44,Sugarcane
91,71,116,8.42,31.02,0.8,2.66,33.89,89.65,924.82,8.93,7.19,1382,234.23,Potato
42,14,47,7.14,26.47,1.04,0.23,26.09,49.72,1668.69,6.85,12.03,371,85.43,Rice
87,19,60,7,36.9,0.37,1.62,12.87,72.65,2523.58,9.52,17.68,366,247.36,Wheat
136,89,69,5.78,46.19,0.53,1.74,16.98,37.72,893.51,6.74,17.97,2113,349.93,Wheat
125,72,27,4.58,33.97,1.46,1.37,19.41,59.27,593.78,7.62,8.69,2171,347.8,Cotton
112,34,14,5.27,13.1,1.23,1.56,29.88,32.41,2301.49,10.81,5.43,1667,335.86,Rice
84,53,49,6.84,10.88,1.08,2.16,11.97,82.7,2141.52,4.95,2.42,1384,102.18,Wheat
87,34,15,5.11,20.66,1.31,1.5,26.49,56.79,2521.82,7.46,17.3,1934,171.29,Rice
147,39,85,8.04,31.25,0.22,2.77,13.27,74.57,2304.31,4.74,4.14,429,242.39,Wheat
82,23,21,5.25,12.25,0.21,1.67,21.85,83.67,1374.03,4.31,7.02,595,243.29,Barley
132,52,21,6.59,26.39,0.4,0.31,22.77,34.12,639.03,11.73,16.43,2399,138.87,Millet
109,37,82,6.55,54.35,0.84,2.86,23.56,60.69,2200.66,8.5,15.89,1310,51.26,Rice
100,28,115,6.92,14.5,0.94,0.53,31.33,41.37,2659.53,11.82,9.25,2402,146.05,Rice
122,51,31,5.81,57.43,0.35,2.37,12.44,34.14,627.86,10.87,14.18,560,268.96,Barley
135,29,58,7.99,52.83,0.29,1.63,18.05,67.32,1652.26,11.88,5.53,304,177.93,Wheat
32,88,59,6.28,51.59,1.28,2.25,29.23,36.85,1120.8,11.48,18.67,1883,286.26,Cotton
143,20,89,7.3,53.18,0.8,1.59,38.31,59.52,1654.49,11.03,19.08,1747,348.74,Rice
107,63,13,7.04,14,1.49,0.27,28.62,41.82,287.72,9.79,18.9,796,204.23,Millet
30,33,59,4.97,17.56,0.5,1.19,36.5,41.86,1189.87,9.88,12.84,1319,214.48,Potato
34,79,12,6.99,16.72,1.04,1.9,39.05,61.38,1555.84,11.54,2.36,40,327.55,Rice
29,26,25,6.7,15.56,1.25,1.92,36.52,63.32,622.44,11.82,12.66,1871,312.24,Millet
60,37,23,8.09,26.39,1.33,2.92,39.17,30.21,1340.97,11.55,9.01,717,78.86,Millet
92,59,73,8.02,51.51,0.6,1.86,33.31,60.05,692.87,7.87,8.51,2378,113.61,Millet
71,64,50,5.1,22.6,0.45,0.93,36.61,70.19,803.84,11.02,1.53,1887,76.28,Wheat
147,82,111,4.83,22.21,0.49,0.23,24.74,70.71,2937.46,8.08,17.61,1350,71.51,Rice
47,19,77,5.68,43.79,1.07,2.39,20.36,80.99,1885.07,8.51,17.3,1767,233.31,Rice
84,30,68,8.45,14.85,0.88,2.68,39.99,83.72,1290.37,10.59,7.15,966,67.88,Pulses
36,67,11,4.59,28.01,0.98,1.88,12.93,67.37,1659.57,10.64,19.58,1613,210.75,Potato
114,43,19,7.19,24.77,0.23,1.5,38.75,58.91,1272.58,10.59,3.58,2290,273.4,Sugarcane
157,52,84,6.93,52.37,0.71,2.6,22.93,42.25,1885.14,10.63,16.87,457,188.2,Rice
82,20,112,7.09,35.73,0.6,0.8,10.67,37.61,201.34,7.42,12.81,2310,297.39,Wheat
57,42,99,5.37,42.32,1.32,1.26,34.09,66.55,861.14,8.24,10.23,1299,314.87,Rice
89,67,110,5.41,16.45,1.21,1.57,23.33,86.79,2968.97,6.02,19.31,2177,57.77,Rice
123,55,35,6.22,56.45,0.76,0.24,33.96,46.69,514.56,7.71,12.08,1199,84.02,Millet
72,70,13,4.88,26.12,1.02,2.1,11.34,35.97,421,11.69,16.84,2486,323.31,Cotton
138,71,99,4.8,45.34,0.26,0.65,39.22,55.43,1580.86,10.53,5.41,2353,246.72,Rice
93,10,111,4.85,57.73,1.03,1.07,30.13,30.03,1014.33,6.9,1.61,835,278.1,Potato
73,30,37,6.79,35.43,0.33,1.3,11.44,63.21,1694.61,9.06,5.01,2202,211.65,Wheat
39,71,11,6.09,35.38,1.13,1.95,10.14,32.97,2890.03,6.03,19.78,258,201.94,Wheat
98,73,75,5.67,15.86,0.95,0.29,27.82,85.86,553.27,5.66,11.67,551,157.73,Millet
50,82,25,5.76,29.51,0.59,1.09,39.29,82.2,1431.93,7.34,17,1242,308.05,Barley
154,65,66,5.33,52.62,0.68,0.9,25.72,36.89,2324.67,5.37,14.01,1154,284.38,Rice
77,10,32,6.15,16.76,0.32,0.1,20.62,38.81,650.07,8.44,3.93,2107,101.66,Wheat
124,30,32,5.31,55.88,0.62,2.11,38.17,87.21,2193.89,7.4,3.16,1682,105.49,Rice
29,31,86,7.29,43.37,1.46,0.78,39.52,78.81,1320.56,5.11,10.22,2007,120.96,Rice
29,63,30,5,31.05,0.83,0.58,33.53,86.52,1938.26,9.6,18.9,1533,349.6,Rice
58,13,112,8.29,37.32,0.82,2.41,31.54,50.07,1671.72,9.77,3.53,1714,213.56,Rice
56,74,34,4.86,17.52,1.02,0.21,10.06,36.66,1461.56,11.12,10.54,1232,202.94,Pulses
138,60,67,8.27,20.87,0.83,2.71,19.41,66.92,1541.3,9.7,15.44,1607,292.12,Wheat
86,83,46,7.83,24.32,0.66,2.09,37.76,88,612.29,5.74,2.5,361,157.94,Millet
62,72,58,7.22,29.24,0.38,0.6,21.04,37.8,1415.71,9.3,8.73,933,181.56,Potato
71,24,86,8.15,55.78,1.02,1.12,20.04,79.13,2308.6,11.81,11.18,668,192.49,Rice
120,45,24,5.06,28.38,1.17,2.85,26.12,51.58,2710.62,10.82,3.08,770,237.68,Rice
75,38,37,5.21,36.19,1.4,1.89,23.43,36.93,1954.72,7.47,13.47,1764,86.21,Rice
95,61,76,5.51,18.1,0.2,1.87,35.76,57.54,2516.46,9.57,15.04,1865,117.49,Rice
87,55,96,5.48,46.8,0.29,1.99,12.45,59.32,1621.17,4.13,13.15,1547,257.93,Maize
156,78,13,5.74,38.01,1.37,1.44,29.76,30.55,805.26,5.75,2.41,235,66.94,Barley
125,38,56,6.8,32,1.02,0.59,30.92,58.47,2227.06,7.19,1.12,1071,205.27,Rice
144,56,59,4.61,57.36,1.45,0.54,36.4,68.85,2165.18,7.29,16.17,1928,284.48,Rice
111,34,69,6.03,54.53,0.76,2.09,22.47,75.88,220.36,11.03,10.31,2064,73.3,Barley
42,89,71,5.49,42.98,0.74,2.66,18.85,35.91,1542.58,11.91,11.74,725,333.31,Millet
128,25,76,6.93,56.09,0.65,0.97,28.8,82.59,2822.88,7.64,18.23,879,127.76,Rice
80,50,112,8.44,38.24,0.39,1.56,31.75,40.06,2956.2,7.12,11.62,926,155.73,Rice
63,74,81,6.57,51.35,0.69,2.98,15.13,69.5,1479.38,5.05,5.82,1547,157.18,Wheat
35,78,52,6.2,30.47,0.22,0.85,14.74,63.16,2221.01,5.87,9.5,442,133.96,Wheat
41,29,98,5.97,14.34,0.86,1.23,17.91,82.8,249.4,5.12,10.21,993,234.99,Potato
76,78,67,7.64,59.71,1.3,1.15,17.44,32.32,950.64,6.77,13.95,2001,268.95,Wheat
81,45,114,4.79,18.28,0.62,0.19,32.52,41.49,2220.94,9.98,7.68,1789,248.11,Rice
126,67,61,8.34,22.58,0.32,1.58,25.92,37.32,2028.39,4.18,16.96,1773,225.35,Rice
90,57,85,6.17,18.16,1.47,0.71,26.43,49.65,2049.59,10.97,11.18,2046,149.81,Rice
109,11,78,5.75,26.87,0.37,0.47,10.44,50.33,2150.19,9.78,11.37,371,98.08,Sugarcane
91,89,106,8.4,24.46,0.89,2.16,39.83,35.32,1402.16,6.95,15.44,150,124.5,Wheat
89,38,55,8.24,40.06,1.25,2.32,34.89,60.86,2826.1,8.2,2.56,1573,97.58,Rice
49,25,34,7.07,59.82,0.53,2.68,23.31,36.97,1225.21,4.87,17.87,1417,93.44,Pulses
122,44,34,4.57,12.63,1.29,2.81,12.01,34.46,2725.84,10.23,4.69,1052,96.84,Sugarcane
51,71,44,7.49,48.92,0.92,2.62,30.83,31.99,368.83,10.25,7.32,1483,195.74,Millet
105,13,70,5.84,16.4,0.63,0.46,26.05,85.75,2577.73,7.03,2.74,1221,277.04,Rice
76,77,24,6.05,10.99,1.33,0.75,30.33,53.8,1049.2,6.09,9.95,23,238.65,Wheat
128,60,115,5.13,41.93,1.01,0.46,30.33,47.02,2047.33,8.68,7.43,1021,348.15,Rice
28,42,99,6.59,53.67,1,1.13,14.64,58.94,353.94,6.58,5.11,375,189.18,Wheat
50,87,83,7.48,18.81,0.86,0.46,19.86,39.46,424.13,9.63,4.36,676,99.38,Wheat
90,33,97,5.59,27.08,0.56,1.99,10.53,54.37,359.57,9.7,3.66,1331,92.35,Potato
156,84,44,8.25,18.44,0.6,2.18,39.47,41.43,1557.72,11.83,2.21,808,56.56,Rice
32,34,38,5.28,55.33,0.31,0.56,34.19,48.26,1365.34,6.82,5.09,1923,232.03,Wheat
150,37,47,4.77,23.52,0.52,1.9,37.86,85.45,1093.63,4.45,1.08,1821,59.37,Sugarcane
54,16,78,7.08,32.24,0.56,0.17,11.32,38.92,1448.68,11.08,2.56,2373,323.54,Wheat
40,45,33,7.9,54.74,0.28,1.36,25.01,58.43,1078.02,4.08,19.37,2196,285.45,Wheat
83,19,28,8.31,37.64,0.34,0.93,32.42,69.65,2640.16,7.58,8.64,2042,327.31,Rice
114,45,55,7.57,56.64,0.55,3,13.11,85.08,1775.85,6.06,18.45,132,207.7,Wheat
53,27,58,5.3,56.32,1.08,2.78,33.31,85.38,1068.62,7.28,8.59,1431,247.46,Cotton
140,15,53,8.41,33.08,0.44,0.53,29.43,44.84,1473.12,5.4,15.8,2339,81.74,Sugarcane
34,16,82,8.18,39.12,0.88,2.76,39.55,86.59,2628.03,9.4,14.29,944,61.99,Rice
139,21,35,5.15,21.52,0.86,1.31,14.23,49.88,1345.54,8.49,4.08,2303,329.12,Sugarcane
115,50,34,6.74,59.53,1.28,1.77,28.88,83.7,1396.08,7.23,9.89,2267,86.91,Sugarcane
25,72,44,6.72,23.92,0.99,1.65,38.41,35.59,1145.55,9.32,3.31,2071,89.7,Sugarcane
128,34,45,6.27,49.17,1.39,2.21,32.31,41.9,929.3,4.67,8.71,378,257.94,Wheat
116,62,23,8.44,25.65,1.02,1.07,20.08,34.74,1520.91,10.86,6.37,2121,186.33,Rice
51,42,65,4.74,25.65,0.23,0.3,13.58,47.94,2262.45,7.63,12.73,1850,295.55,Wheat
102,82,15,7.01,15.19,0.7,1.31,38.91,82.43,1230.33,8.93,15.15,544,157.85,Sugarcane
137,15,41,5.32,37.99,1.11,1.68,12.16,39.56,835,6.21,18.36,72,110.7,Cotton
98,71,35,6.61,22.24,0.82,1.71,39.26,43.49,2048,11.78,1.91,1774,215.37,Rice
97,75,24,7.62,17.42,0.75,2.4,19.11,42.97,2463.97,7.61,15.12,2278,270.16,Wheat
126,18,58,5.49,21.33,1.07,0.23,35.81,46.48,261.06,5.49,3.42,1364,104.04,Millet
145,76,104,6.07,22.55,0.57,2.97,26.63,31.12,1970.77,5.27,17.5,816,326.7,Rice
34,25,65,8.3,35.2,1.38,2.97,37.38,55.43,2722.59,6.22,13.34,668,108.1,Rice
153,64,46,7.55,29.3,0.74,0.39,22.8,88.58,447.54,10.18,18.14,453,336.48,Tomato
92,49,111,6.79,13.77,1.02,1.1,35.49,56.89,2717.92,6.46,3.46,874,93.54,Rice
120,35,62,5.39,36.8,1.48,1.81,17.15,78.8,529.72,4.66,10.2,259,88.56,Millet
117,47,67,6.2,49.39,1.22,1.18,24,64.29,2991.13,7.58,10.36,338,105.68,Rice
45,44,110,7.6,38.71,0.89,1.51,35.39,30.89,1632.91,5.71,15.08,766,161.36,Rice
111,77,92,7.78,58.73,1.32,1.05,13.55,65.13,2243.94,11.37,19.43,756,196.13,Wheat
144,68,87,5.48,14.96,0.93,2.17,31.86,86.79,375.78,6.98,1.25,2096,236.95,Millet
92,23,45,7.15,51.06,0.77,1.16,23.11,63.21,486.93,6.52,13.36,938,142.34,Cotton
142,56,110,4.88,35.28,1.34,1.35,25.4,61.68,2897.24,7.59,1.78,1042,195.45,Rice
72,80,20,4.59,36.08,0.24,1.77,27.37,70.21,2967.9,4.23,9.02,2159,92.2,Rice
97,81,36,6.69,35.95,0.73,2.91,18.27,82.25,975.98,8.25,17.14,170,236.31,Wheat
111,51,11,5.4,26.27,0.65,1.96,12.89,63.89,1157.38,11.89,11.69,1798,335.99,Sugarcane
107,60,31,4.82,26.23,1.13,0.38,10.56,54.39,227.93,6.75,17.15,1769,165.96,Cotton
32,28,75,7.42,41.59,0.22,1.02,22.93,32.22,2876.84,11.48,13.2,1803,220.27,Rice
62,75,93,6.49,12.24,1.06,1.32,18.07,36.66,2769.41,4.97,18.21,142,283.96,Wheat
95,56,117,7.69,39.44,0.65,2.25,28.99,68.92,524.67,8.72,16.05,684,302.18,Millet
70,74,26,7.16,46.23,0.33,1.4,31.48,67.14,1222.17,5.36,14.76,591,192.55,Barley
38,51,13,7.42,27.82,1.47,2.01,25.11,44.34,2906.63,11.03,15.13,1194,325.29,Rice
141,47,23,5.73,20.87,0.48,2.53,28.57,73.14,552.21,9.8,11.76,1880,249.01,Millet
43,22,16,5.55,20.67,0.65,0.4,26.82,46.78,2646.45,11,17.14,1864,160.24,Rice
45,53,88,6.9,14.09,0.47,2.32,10.14,48.3,764.75,9.54,9.85,758,258.86,Wheat
139,33,103,5.3,14.49,1.06,2.26,35.25,33.68,391.32,9.38,2.25,1152,307.14,Millet
101,39,25,7.76,18.33,1.22,2.48,11.79,63.02,598.1,8.23,15.24,59,253.05,Wheat
119,79,113,6.59,10.96,1.32,2.87,22.31,47.26,2187.63,8.36,15.03,1036,261.2,Rice
36,47,75,5.41,23.31,0.6,1,13.33,79.14,584.45,10.26,3.57,783,176.09,Cotton
87,32,28,7,25.32,0.88,1.34,29.87,78.09,210.47,8.58,5.75,1152,323.09,Millet
63,83,10,8.28,59.76,1.06,0.86,19.77,37.71,2371.94,7.46,5.66,2480,108.49,Wheat
80,66,40,4.83,59.58,1.02,1.05,12.13,39.6,2035.4,9.66,12.25,1505,298.35,Potato
142,88,13,4.94,19.35,1.13,1.06,11.36,49.26,2658.83,11.71,11.6,1410,237,Sugarcane
112,32,100,7.88,20.65,1.2,2.62,17.11,64.85,1817.51,11.28,3.27,1805,144,Wheat
93,45,67,4.94,34.6,0.33,0.28,30.02,50.55,327.6,6.6,9.34,2018,173.88,Millet
86,66,65,4.66,17.44,0.42,0.69,31.55,51.02,260.44,7.1,1.47,147,243.03,Millet
130,10,62,5.89,35.2,1.15,1.87,13.85,38.4,2398.86,11.66,3.98,865,182.4,Sugarcane
21,81,98,6.37,29.97,0.82,2.32,14.17,50.14,2691.79,5.86,2.31,1626,169.56,Wheat
108,12,95,6.78,26.23,0.76,2.12,27.8,58.22,2440.81,5.02,10.38,2211,103.48,Rice
45,23,52,6.53,51.13,0.79,0.24,38.72,89.08,1247.3,7.81,2.19,863,333.97,Tomato
118,43,83,8.15,51.41,0.68,1.42,26.59,80.28,2053.8,7.57,19.07,69,246.3,Rice
46,79,106,7.57,59.39,0.97,0.63,31.35,77.58,417.83,8.38,12.9,2336,330.64,Millet
108,78,58,8.44,21.15,0.62,2.97,27.26,63.59,2211.06,4.26,15.66,959,178.65,Rice
20,60,117,6.41,54.41,1.03,3,13.15,51.61,898.85,5.65,8.83,814,331.18,Wheat
122,38,69,4.84,36.89,0.46,0.25,38.39,81.42,2816.06,10.42,19.04,280,195.65,Rice
150,57,103,8.32,39.57,1.18,2.04,12.16,50.85,1145.58,6.88,15.72,2483,277.38,Wheat
60,88,103,4.52,54.81,1.22,2.46,32.8,65.57,1150.01,11.33,6.95,2007,162.23,Barley
70,88,25,7.6,57.13,0.95,1.04,39.38,45.43,1001.71,8.55,3.3,647,319.27,Sugarcane
34,25,82,4.63,46.34,0.68,2.11,19.57,76.58,1973.83,4.17,9.74,461,209.27,Pulses
27,66,90,7.54,27.39,0.22,0.64,15.15,60.87,471.25,11.83,11.46,1043,108.99,Wheat
57,19,108,8.25,34.48,0.36,0.47,26.99,83.71,349.8,6.54,11.1,1056,181.22,Millet
133,28,69,6.06,40.75,0.3,2.78,33.85,64.13,2149.15,6.95,18.87,2409,126.38,Rice
102,76,56,5.46,51.43,0.21,1.96,38.48,39.86,2847.71,11.29,14.19,1542,270.57,Rice
75,45,24,5.41,42.9,1.14,2.47,30.81,89.58,2282.43,11.02,9.84,971,65.66,Rice
122,13,72,6.47,28.27,1.44,1.64,20.08,60.12,899.61,9.48,14.53,464,113.59,Wheat
157,84,37,5.18,30.89,0.21,0.55,24.83,45.04,1214.04,4.08,7.61,1448,133.44,Sugarcane
121,42,29,7.19,12.52,0.35,1.19,32.84,49.76,769.46,4.03,16.19,1429,328.24,Millet
97,37,106,5.97,56.21,1.32,2.66,33.64,37.27,2115.46,5.43,17.76,1144,136.5,Rice
102,89,72,5.79,14.41,1.1,0.15,12.23,34.44,864.57,10.1,18.99,2140,172.43,Tomato
49,18,42,6.35,39,0.73,0.7,28.41,57.03,1799.64,10.68,1.65,1795,348.04,Rice
24,84,45,6.67,53.58,1.49,0.83,39.02,87.11,2550.51,5.8,6.5,1247,314.87,Rice
138,15,22,5.07,31.04,0.95,0.86,33.56,37.38,1645.95,4.63,4.14,1944,300.14,Rice
50,58,71,7.33,50.01,1.07,0.39,10.22,84.16,1861.76,7.41,13.67,548,94.43,Wheat
42,85,77,8.03,50.19,1.05,2.56,16.75,77.8,2910.77,11.43,5.85,1688,129.2,Wheat
67,31,32,5.61,12.99,0.49,0.56,23.35,78.39,1093.77,8.2,9.78,1633,72.91,Maize
128,57,81,5.22,30.61,0.83,2.51,31.19,72.6,2432.78,9.86,15.92,1877,241.38,Rice
59,30,22,7.54,44.55,0.48,1.13,26.66,65.51,2123.07,9.67,17.17,2478,249.87,Rice
25,42,97,5.23,31.12,0.86,1.43,12.32,37.28,516.86,10.83,12.49,728,346.92,Maize
57,65,49,4.67,37.26,0.24,1.44,32.15,64.54,2971.31,11.87,9.57,2163,203.19,Rice
119,38,119,6.98,39.72,0.7,2.17,35.16,51.12,2130.82,11.84,2.21,1119,100.39,Rice
46,62,39,5.46,17.56,0.68,2.22,16.17,36.32,239.03,8.32,15.01,2210,73.2,Tomato
88,49,103,5.19,30.6,0.58,1.96,12.02,78.23,2222.58,6.67,14.51,2335,93.84,Barley
76,83,34,8.43,11.42,0.3,2.34,33.73,62.79,574.9,10.31,5.48,1487,176.38,Millet
36,27,106,5.67,17.48,1.2,0.12,29.21,74.7,1021.27,9.62,14.85,2485,247.11,Rice
90,56,82,8.11,35.61,0.75,1.56,34.11,58.77,1175.45,10.27,5.39,2012,166.96,Sugarcane
66,22,35,5.21,38.68,1.26,1.62,27,63.1,1067.35,6.4,13.83,2117,242.69,Rice
98,36,33,7.78,17.31,1.29,0.79,22.86,72.74,2284.46,8.67,3.8,1591,130,Rice
129,71,106,6.51,47.78,0.48,1.71,38.89,44.82,2309.14,5.48,18.33,1234,83.91,Rice
32,83,48,4.81,28.65,0.75,1.45,33.4,80.82,1679.71,5.76,8.56,1593,126.61,Rice
158,54,98,7.43,56.03,1.14,1.47,22.36,55.26,1787.65,6.95,12.46,1039,123.02,Rice
143,12,118,8.07,29.38,0.85,0.44,37.23,72.51,1078.1,9.68,4.93,1146,92.39,Sugarcane
128,31,88,5.15,17.49,1.31,1.36,39.8,49.56,264.97,6.44,17.19,902,149.76,Millet
109,36,70,7.4,47.9,0.94,2.32,19.25,72.15,1184.81,6.63,19.4,2096,263.73,Wheat
105,64,114,6.28,38.39,1.02,1.29,36.77,32.61,226.38,10.39,6.8,730,163.59,Millet
111,76,58,7.52,29.33,1.22,1.51,11.36,85.76,2621.41,11.31,4.88,872,292.84,Wheat
43,42,50,7.36,27.8,0.36,2.91,16.43,77.21,1994.17,10.72,11.2,2337,290.46,Wheat
92,11,79,4.61,17.54,0.96,2.63,14.83,69.89,2941.96,5.48,19.2,1165,283.39,Tomato
23,84,29,5.21,27.04,0.31,2.79,20.7,49.43,712.17,7.66,15.5,1346,246.5,Wheat
132,55,53,6.38,11.47,0.54,0.33,26.88,80.56,2041.91,9.63,19.69,1025,235.33,Rice
65,83,25,8.23,35.12,0.48,1.89,31.6,76.06,726.19,9.7,17.63,2120,92.77,Millet
37,42,30,5.87,54.84,0.94,0.75,37.08,57.19,1989.14,7.17,14.04,1314,122.93,Rice
62,67,24,7.02,49.77,1.3,1.27,14.76,41.85,1576.99,7.36,4.51,908,180.85,Wheat
112,16,48,4.55,11.43,0.37,2.07,27.35,40.53,2061.11,8.62,17.73,355,179.37,Rice
122,24,51,7.34,54.06,1.2,1.78,26.64,59.29,2230.9,9.42,12.52,1922,232.58,Rice
143,35,70,6.91,32.62,0.39,1.57,23.75,77,1663.93,4.59,9.58,1462,120.31,Rice
29,20,13,7.36,19.54,0.45,2.46,30.84,72.87,1582.51,9.16,10.51,1569,127.45,Rice
92,47,33,8.12,47.62,1.39,2.08,25.4,59.61,395.18,8.1,19.31,1325,88.79,Millet
50,36,12,5.09,26.14,0.21,2.48,26.51,42.27,1218.48,4.3,1.21,1251,269.17,Potato
79,16,10,5.55,22.67,0.46,2.8,37.1,44.35,1045.48,4.48,15.25,1151,275.88,Wheat
150,10,103,8.48,18.07,0.48,2.16,35.81,33.46,1951.62,5.6,15.48,2370,333.97,Rice
137,83,22,5.13,34.33,0.57,1.25,27.32,40.61,972.72,6.84,2.81,1220,69.67,Wheat
33,30,63,7.38,14.67,0.67,0.72,14.69,30.77,850.62,10.09,19.36,969,153.55,Wheat
21,88,91,7.4,49.28,0.33,0.89,38.76,70.47,2576.31,6.52,10.42,91,205.01,Rice
43,39,49,7.23,33.53,0.81,1.25,28.68,65.29,2519.66,10.11,14.59,1519,324.89,Rice
83,17,20,5.41,32.35,0.72,2.25,34.22,89.28,1119.93,7.98,9.1,475,115.98,Potato
119,12,51,5.36,10.09,1.01,0.22,11.65,75.77,440.01,5.67,7.02,692,304.79,Wheat
133,64,102,7.17,50.89,1.33,2.46,36.9,44.77,1593.25,10.22,11.83,2172,325.22,Rice
43,24,13,5.25,34.64,0.59,2.3,30.8,72.47,1463.51,9.78,17.95,1009,280.76,Wheat
110,45,34,7.15,31.99,0.91,1.55,30.56,30.73,2635.56,4.29,13.16,970,79.53,Rice
45,15,109,6.47,48.07,0.68,1.26,13.3,89.17,1731.42,9.88,13.41,1256,309.44,Wheat
84,51,45,6.05,13.14,0.25,0.43,31.39,66.87,2839.76,9.35,7.02,272,301.39,Rice
139,59,73,5.7,28.33,1.27,0.94,12.3,37.18,1553.37,7,5.45,159,131.78,Sugarcane
23,27,53,8.29,38.79,1.02,0.42,11.67,59.91,2068.42,9.04,12.93,2374,214.31,Wheat
20,59,49,6.53,33.03,0.2,2.47,19.76,86.44,1543.18,5.21,3.77,22,307.74,Wheat
69,39,101,6.75,19.08,0.52,1.58,10.7,80.98,1099.12,8.7,9.48,1743,89.05,Wheat
129,86,54,8.3,24.96,0.6,0.82,14.79,47.94,276.88,5.38,5.75,1657,243.89,Wheat
158,48,17,7.12,25.01,1.25,0.15,31.78,53.77,2421.32,4.9,14.41,1207,207.19,Rice
93,21,94,8.33,59.6,1.19,1.62,35.05,81.21,2728.79,5.61,11.17,398,189.28,Rice
81,68,44,4.93,26.31,0.71,2.28,15.39,84,2254.06,4.97,2.91,782,69.52,Cotton
100,85,53,7.89,20.26,0.4,2.32,34.7,84.88,962.61,4.99,11.64,2202,240.27,Barley
75,53,27,5.84,51.13,0.7,0.72,24.42,86.87,2487.47,11.07,12.43,2298,140.51,Rice
130,13,56,7.74,31.06,1.25,2.99,38.74,60.03,1916.01,11.19,6.52,2095,288.16,Rice
40,45,34,7.92,32.19,0.79,1.75,14.18,81.69,2112.23,9.87,7.29,667,349.69,Wheat
28,57,119,5.59,37.44,0.35,1.06,11.61,50.82,385.55,10.26,17.62,523,293.78,Barley
158,23,50,6.14,39.78,0.25,1.24,35.35,80.29,1829.14,6.88,3.12,1026,107.79,Rice
89,58,14,7.4,39.53,0.63,0.46,20.86,50.85,1771.21,8.35,19.39,1021,145.99,Rice
148,76,73,4.9,11.72,0.39,1.53,23.72,66.5,2052.67,10.52,5.06,922,310.21,Rice
137,86,71,7.52,50.94,1.17,2.28,25.35,58.11,2360.57,7.91,5.59,2456,68.49,Rice
75,18,81,4.94,19.74,0.56,1.29,34.76,83.58,1332.98,9.9,8.43,759,94.27,Barley
50,30,96,8.16,24.62,1.34,2.61,12.28,33.99,633.93,7.39,19.01,374,296.53,Wheat
56,81,12,5.61,18.67,1,1.48,26.53,86.93,2786.83,6.77,18.02,1180,50.85,Rice
110,25,117,6.8,48.35,0.71,2.71,22.92,57.73,2374.4,10.77,15.19,1709,150.31,Rice
133,25,46,4.97,39.18,0.99,2.14,20.21,58.88,1713.03,6.66,16.1,862,283.89,Rice
147,37,104,5.58,47.76,0.58,0.26,20.44,79.67,1192.68,7.8,10.91,1834,77.95,Sugarcane
141,60,102,6.12,42.67,0.38,0.29,37.91,69.97,2955.12,4.87,18.19,2251,179.29,Rice
88,65,50,6.45,15.21,1.45,2.42,18.04,87.22,461.68,8.08,3.42,581,200.78,Wheat
55,89,29,4.5,25.07,0.93,1.13,23.64,62.8,2816.92,8.85,11.3,2382,236.36,Rice
51,66,76,8.05,35.36,0.21,0.65,24.78,63.52,1331.61,7.13,16.61,384,256.6,Barley
83,61,96,4.53,25.25,0.6,2.61,31.6,88.3,471.11,9.17,11.83,1719,90.45,Millet
67,55,49,7.59,20.37,0.41,2.95,25.57,85.59,1261.69,7.53,16.48,1550,152.38,Barley
100,87,94,6.38,53.49,0.54,2.45,28.64,42.52,2299.03,7.41,4.17,1717,70.59,Rice
79,47,86,6.6,47.39,0.27,2.2,21.96,48.42,1389.36,7.38,1.73,2478,332.29,Tomato
20,57,17,5.33,27.26,0.52,0.1,31.56,67.52,1580.5,10.88,11.61,1078,194.35,Rice
84,50,14,6.93,48.25,1.09,0.41,23.98,86.36,2505.69,9.82,14.25,1341,147.34,Rice
52,68,34,6.65,41.38,1.27,2.05,16.68,63.8,1923.46,7.65,11.56,171,304.8,Wheat
57,76,48,5.16,10.19,0.65,1.29,34.51,73.97,2070.63,9.11,7.91,1878,240.51,Rice
44,83,46,5.45,29.01,0.88,0.16,32.96,35.64,631.25,10.59,14.73,248,184.25,Millet
78,75,114,4.77,24.52,0.25,2.25,28.82,61.36,906.87,7.65,18.67,934,228.22,Barley
120,36,14,4.77,20.9,0.32,1.31,25.66,38.86,1351.52,10.75,11.83,1828,308.69,Sugarcane
146,41,17,4.56,22.58,0.92,2.01,16.25,45.64,507.52,5.42,4.24,411,256.81,Maize
60,65,117,5.38,57.12,1.29,1.46,36.05,39.98,981.51,8.74,10.9,681,303.84,Sugarcane
76,19,13,7.22,34.32,0.31,0.18,12.92,39.95,2533.77,6.88,15.26,1380,159.86,Wheat
67,49,50,5.76,52.39,0.74,1.94,21.5,89.5,261.98,4.79,4.76,436,239.74,Wheat
91,26,69,5.87,20.71,1.46,2.39,35.58,47.89,342.61,11.13,9.43,210,80.8,Millet
75,67,63,5.03,18.72,1.16,0.55,27.87,63.93,2123.73,7.92,13.7,1444,100.14,Rice
84,15,31,6.8,54.44,0.46,2.68,23.16,31.21,1281.19,8.32,2.5,1343,169.56,Sugarcane
31,48,87,5.87,34.79,0.57,0.63,33.74,78.38,2364.48,8.14,4.88,1773,334.05,Rice
88,27,28,7.21,54.76,1.43,1.33,39.69,70.81,2809.16,8.34,14.71,710,302.35,Rice
153,82,86,7.47,13.15,0.49,1.63,15.66,43.73,946.84,8.69,6.95,10,144.83,Wheat
108,81,108,6.84,55.82,0.77,1.01,11.52,32.16,303.56,10.97,2.77,1044,72.84,Wheat
44,51,77,5.6,30.77,0.66,1.55,23.89,46.47,1476.59,11.58,15.16,2218,120.8,Sugarcane
20,13,42,6.53,17.77,0.84,2.18,18.62,67.71,2899.82,8.96,4.96,1692,112.59,Wheat
150,29,31,5.51,44.17,0.51,2.17,30,30.91,1727.2,7.01,2.95,2220,60.23,Rice
68,37,74,8.11,49.85,1.07,2.77,24.83,34.52,1256.85,8.12,12.86,1866,292.42,Barley
79,49,20,7.57,12.37,0.5,2.6,24.97,54.56,1745.61,9.62,18.29,815,306.03,Rice
21,74,25,6.47,59.36,0.98,2.96,20.65,40.56,663.02,8.23,10.06,2126,163.22,Barley
92,53,77,8.36,44.85,0.67,1.83,16.32,67.91,2303.76,6.08,5.25,1739,93.86,Wheat
129,32,102,6.69,26.07,0.53,1.26,16.4,40.48,2105.27,8.86,12.06,1962,82.67,Wheat
80,66,112,5.81,17.56,1.1,0.8,21.61,89.62,2227.54,11.11,13.07,2344,89.52,Rice
36,56,53,4.88,29.63,1.45,0.81,30.46,56.15,1046.43,4.85,18.82,1261,88.61,Tomato
68,22,111,6.67,21.03,1.33,0.54,20.11,38.9,2477.85,4.57,19.4,300,67.02,Rice
95,25,97,7.94,34.71,0.31,2.21,19.78,34.43,2700.37,11.8,7.51,1817,330.26,Wheat
150,64,18,7.97,49.09,0.79,2,22.75,55.23,2875.49,10.43,14.98,1417,127.38,Rice
62,74,81,6.92,43.01,1.1,0.95,39.73,78.55,1987.93,7.3,17.36,1174,82.81,Rice
76,25,87,6.07,31.8,0.93,2.69,12.74,56.33,1174.89,4.23,13.11,1319,268.74,Wheat
69,46,88,7.1,15.95,1.14,1.7,18.84,38.46,1285.01,11.47,17.17,1325,322.51,Wheat
56,61,71,7.55,57.86,1.47,0.3,18.76,59.32,1783.76,10.35,10.92,89,290.99,Wheat
65,19,95,6.15,23.52,0.64,0.28,39.24,50.24,1811.29,8.86,12.39,44,305.88,Rice
34,47,110,6.41,23.89,1.2,0.52,22.22,60.11,2418.74,10.34,2.91,1668,214.2,Rice
99,53,24,7.22,42.28,0.32,0.71,27.01,53.47,437.8,9.03,8.26,474,179.01,Millet
158,83,15,8.01,48.53,1.33,2.67,15.94,68.87,1786.46,9.39,1.26,2198,278.84,Wheat
43,63,10,7.66,59.21,1.21,2.36,10.38,78.22,1175.98,11.24,15.18,2322,325.63,Wheat
144,60,29,4.59,58.46,0.88,0.69,20.18,83.19,2535.05,7.25,8.62,2488,102.6,Rice
137,61,114,5,55.69,1.27,0.82,29.17,74.48,1185.79,8.23,18.08,1,69.79,Sugarcane
99,79,45,7.91,31.77,1.07,1.95,30.75,51.3,1509.91,10.25,2.97,1402,168.36,Rice
113,68,11,7.84,18.33,0.92,2.63,32.62,56.91,837.43,6.17,1.42,629,211.93,Maize
84,22,79,6.06,39.22,1.43,1.02,35.82,68.51,1028.05,8.81,8.13,1546,140.58,Barley
107,50,11,6.84,10.86,0.37,1.62,13.47,43.19,1755.71,6.8,19.5,89,240.99,Wheat
107,21,12,8.12,19.81,1.49,2.68,12.48,72.11,1392.54,4.41,19.44,660,51.29,Wheat
145,59,16,8.15,10.13,0.4,2.33,33.63,68.99,764.22,5.24,13.91,29,66.54,Millet
108,66,93,7.63,19.03,0.82,2.69,23.07,69.39,1526.85,4.91,5.82,1139,288.87,Rice
80,59,73,5.34,33.74,0.5,0.91,38.41,50,662.96,8.39,10.13,825,110.75,Millet
34,66,50,7.42,29.67,0.55,2.1,38.3,66.09,2668.84,4.96,19.54,1195,307.7,Rice
113,63,63,4.9,28.46,1.02,0.43,14.25,41.86,2787.76,8.34,16.17,1519,346.64,Sugarcane
70,75,50,8.08,51.55,0.25,1.89,30.74,41.38,834,9.87,13.69,279,270.01,Potato
46,17,14,5.1,43.75,1.42,0.98,12.01,76.11,346.48,9.06,18.65,702,300.31,Wheat
93,72,98,7.15,56.82,0.56,2.13,22.1,52.77,2795.69,9.99,14.2,2398,190.64,Rice
80,18,111,6.94,32.27,0.55,0.51,35.25,62.68,1073.47,7.93,6.61,2440,143.53,Barley
50,69,91,7.61,23.61,1.32,2.03,23.83,47.56,726.28,9.91,11.7,1773,243.63,Rice
31,72,72,6.71,16.13,1.19,2.15,11.01,44.15,2774.09,10.33,6.08,1720,100.78,Wheat
65,81,10,4.74,43.6,1.07,2.59,17.21,76.79,2671.36,6.01,11.77,789,105.75,Wheat
51,12,34,7.32,52.09,0.39,2.09,12.59,77.65,348.86,10.85,19.27,2393,275.35,Wheat
80,82,90,6.03,19.19,1.2,1.62,22.25,80.18,781.42,11.49,10.62,1666,102.38,Rice
65,22,55,5.78,53.94,0.67,2.37,30.9,81.27,2475.19,9.85,10.62,1931,346.57,Rice
104,18,24,8.47,36.31,1.49,0.92,29.81,54.68,948.15,11.77,6.38,1825,276.42,Potato
99,61,78,6.86,17.2,1.07,2.06,31.57,78.54,2071.63,4.52,5.29,2035,324.05,Rice
154,71,26,7.34,42.14,1.29,2.2,21.51,50.76,312.13,5.2,3.08,1898,195.54,Potato
23,17,30,6.61,36,1.15,1.24,17.96,33.15,2556.58,11.22,13.57,1764,201.67,Wheat
71,54,62,7.58,11.41,0.97,2.97,11.71,71.36,1382.23,4.25,11.75,839,297.03,Wheat
131,62,64,7.51,29.96,1.13,1.13,38.25,41.94,1516.17,8.7,10.78,701,215.41,Rice
55,72,96,7.13,49.24,0.98,0.35,13.55,57.09,2463.14,6.15,18.79,1363,59.08,Wheat
73,66,116,8.49,37.77,0.27,0.98,15.35,39.83,1471.69,7.64,13.2,661,173.42,Wheat
138,63,19,6.34,24.1,0.65,0.39,10.75,53.49,491.53,7.09,7.85,222,254.93,Wheat
146,28,90,7.32,56.43,0.61,1.08,19.52,83.09,1612.21,5.51,5.89,2276,137.68,Wheat
36,76,66,7.69,21.89,1.13,0.47,34.57,66.79,1478.91,8.69,10.05,2094,59.1,Tomato
94,55,74,6,22.64,0.95,1.37,19.97,38.89,1460.09,5.62,7.14,1308,250.43,Sugarcane
124,19,46,6.33,27.73,0.99,2.36,29.98,73.53,739.7,7.26,7.44,87,290.88,Millet
136,27,16,8.38,54.73,1.3,0.3,38.97,80.87,659.17,10.16,14.13,1142,156.33,Millet
62,21,85,4.63,35.38,0.88,1.73,36.78,39.98,2378.04,9.36,6.52,1807,115.15,Rice
131,58,49,5.84,44.11,0.48,0.23,15.4,74.65,1933.68,9.2,1.29,1552,337.13,Sugarcane
134,32,59,6.44,58.81,0.22,2.67,20.78,62.95,217.79,8,7.67,224,227.9,Cotton
46,71,10,4.51,49.16,0.41,2.77,32.53,66.26,2538.82,5.51,18.71,378,83.66,Rice
56,20,29,8.1,18.63,0.24,1.53,39.33,86.34,539.86,7.56,13.51,1962,172.63,Millet
65,82,117,5.64,49.42,0.51,2.33,31.48,32.19,2265.51,7.76,10.8,792,182.4,Rice
132,65,40,5.53,47.42,1.03,1.82,17.57,68.33,468.98,5.62,9.39,282,171.51,Wheat
54,64,77,7.78,21.63,0.4,1.09,13.98,34.89,2919.86,8.81,17.08,1508,87.22,Wheat
151,34,99,5.61,26.27,0.31,0.81,24.85,77.38,2721.43,8.11,3.35,318,328.77,Rice
99,18,21,7.13,45.51,1.46,2.3,15.79,83.77,712.45,6.62,6.86,2107,318.44,Wheat
99,21,31,7.79,21.92,1.5,1.35,16.83,35.19,223.59,5.66,11.78,634,307.65,Wheat
140,20,10,7.67,20.41,1.03,2.77,29.03,31.55,367.03,5.14,13.65,2155,294.32,Millet
141,47,10,7.63,45.17,0.34,2.93,25.45,87.34,2464.48,11.05,7.06,864,217.25,Rice
100,37,12,4.85,54.03,1.27,0.71,13.62,85.59,414.99,11.51,16.3,926,230.74,Pulses
138,17,85,4.82,13.75,0.9,1.73,14.61,85.42,2378.81,10.55,7.07,197,286.42,Sugarcane
77,83,30,5.73,32.3,0.44,1.66,10.58,86.38,2495.45,8.75,1.61,348,113.59,Millet
82,56,22,4.64,40.36,0.95,2.62,16.59,60.01,1059.35,11.69,10.68,579,189.24,Maize
119,45,70,6.5,43.81,0.25,2.1,36.62,88.61,2258.34,7.74,19.91,2298,164.21,Rice
85,59,22,6.08,59.81,1.46,1.86,33.79,83.54,2496.85,4.36,7.29,609,204.72,Rice
104,18,114,6.73,44.13,1.27,2.07,22.44,35.86,2385.75,6.99,7,181,187.39,Rice
156,69,91,5.7,41.01,0.54,1.23,32.26,78.76,736.38,5.43,10.25,209,118.2,Millet
142,81,42,6.44,59.49,0.74,2.88,22.21,72.75,1458.01,9.53,4.41,2421,314.51,Sugarcane
21,76,15,5.84,13.03,0.71,0.27,33.76,38.05,391.08,6.37,12.44,2197,211.99,Millet
125,62,34,5.28,13.72,1.32,0.18,15.46,74.28,1670.9,7.76,9,973,287.85,Sugarcane
127,26,32,7.1,38.03,0.66,1.31,14.58,59.1,1438.51,11.48,8.65,362,134.03,Wheat
91,62,97,7.19,27.93,0.26,0.55,12.34,81.23,2727.33,11.94,14.34,1126,258.31,Wheat
145,37,110,7.82,14.83,0.48,1.68,17.25,79.13,250.64,8.28,4.54,216,148.26,Wheat
76,72,35,8,25.32,0.48,0.13,14.39,86.54,1684.68,6.2,19.97,355,120.57,Wheat
100,24,13,7.32,43.72,1.43,1.43,33.96,34.52,2250.46,7.52,11.4,974,218.2,Rice
38,28,111,7.25,54.03,1.4,0.96,17.2,72.61,1499.07,11,4.39,2008,139.61,Wheat
26,79,44,4.73,14.72,0.59,0.69,25.49,52.62,866.65,5.9,2.58,2097,171.34,Wheat
156,56,84,4.94,37.01,0.2,1.39,32.69,76.56,1907.57,4.5,15.32,905,235.41,Rice
73,80,109,7.75,24.81,0.87,2.58,30.31,66.15,2963.89,10.54,5.38,1105,261.65,Rice
123,57,34,5.43,43.37,1.24,2,16.14,59.73,314.8,8.24,15.06,1864,107.84,Maize
105,82,29,5.92,37.47,0.55,0.56,12.31,30.25,748.92,11.18,14.68,1430,277.35,Potato
101,29,10,5.08,56.34,0.77,1.55,37.35,66.43,1573.7,9.48,19.94,583,126.85,Rice
80,46,103,5.28,11.88,0.42,2.8,28.66,55.22,1873.28,4.28,2.69,5,244.1,Rice
106,84,77,7.6,33.5,0.63,1.37,31.2,49.95,1947.62,10.3,11.46,532,342.29,Rice
21,11,32,5.55,19.64,1.19,1.46,21.58,89.33,368.59,5.53,14.24,6,53.39,Cotton
50,73,108,6.3,36.84,0.76,2.83,17.25,72.02,544.18,5.01,4.66,1305,139.45,Wheat
52,45,115,5.11,52.68,0.78,0.49,25.92,62.39,2845.11,8.5,15.78,1915,166.45,Rice
99,14,31,7.21,55.57,1.23,2.23,12.34,82.12,410.97,7.53,10.84,1021,226.49,Wheat
30,73,104,7.41,29.91,1.19,0.97,34,43.63,1373.51,6.41,8.09,1595,210.69,Rice
147,16,71,5.95,50.59,0.44,2.61,29.64,67.19,1816.31,8.71,7.89,2435,264.62,Rice
154,79,10,7.64,24.03,0.74,0.26,32.85,81.66,1079.65,9.95,7.95,593,236.56,Sugarcane
147,31,68,5.46,10.32,1.3,2.97,27.08,37.42,915.9,7.95,15.72,1138,225.02,Millet
50,83,77,7.27,52.76,0.79,2.33,27.34,44.17,1012.58,10.3,19.25,454,155.5,Maize
145,55,28,7.42,15.97,1.06,0.92,28.01,34.96,991.31,7.35,13.46,217,111.02,Potato
66,49,39,8.37,10.88,0.6,2.31,33.52,89.55,1262.31,7.99,5.18,420,156.14,Maize
126,70,10,5.43,27.69,0.28,2.78,16.76,64.85,525.02,8.36,3.3,1392,53.56,Pulses
38,55,57,4.87,28.97,0.41,0.43,30.45,59.37,2589.89,6.52,2.59,1589,110.65,Rice
100,37,28,5.55,13.86,0.72,2.75,26.58,50.31,2326.33,6.91,11.73,119,149.04,Rice
142,44,61,4.99,50.71,0.66,1.14,24.85,56.97,295.49,8.09,17.87,1156,285.69,Barley
153,10,94,5.18,30.28,1.36,0.12,26.23,76.55,2331.54,11.07,8.8,749,56.76,Rice
126,38,31,5.84,34.5,0.91,0.43,18.17,85,2518.55,8.4,3.86,1113,54.42,Sugarcane
68,18,59,6.16,23.23,1.02,2.67,11.11,36.3,2781.66,4.87,9.45,2316,309.8,Wheat
92,18,75,8.11,35.58,1.1,2.95,32.77,47.98,1916.25,9.85,16.08,796,165.36,Rice
69,31,15,5.28,48.34,0.89,2.7,37.49,41.35,2587.94,8.13,15.79,1197,55.92,Rice
100,72,73,8.39,55.31,1.2,1.38,24.42,56.13,2325.49,7.2,8.54,381,344.89,Rice
114,75,30,7.74,58.53,1.22,2.89,35.14,61.83,271.15,9.53,10.14,1095,139.38,Millet
31,89,106,8.03,31.34,0.66,1.28,26.66,73.28,2470.87,5.33,12.99,113,304.91,Rice
42,67,28,8.22,59.5,0.31,0.43,37.91,82.54,1826.85,10.28,10.73,538,244.72,Rice
73,79,100,7.51,24.75,1.48,1.09,25.25,62.53,2021.56,9.73,5.62,127,72.17,Rice
137,64,46,7.66,10.35,1.04,3,16.15,59.33,2677.81,5.48,15.71,1458,62.74,Wheat
78,22,72,6.25,48.38,1.12,1.92,36.1,64.55,229.19,10.77,9.31,2308,276.96,Millet
22,28,38,6.54,18.92,1.18,1.09,34.01,83.3,502.1,5.54,7.53,961,256.85,Millet
77,88,69,8.23,12.62,1,1.91,21.94,68.91,1806.63,9.42,6.35,1061,83.64,Rice
76,42,101,6.01,56.2,0.81,1.34,35.26,77.24,1347,6.94,17.68,1626,294.99,Pulses
109,83,43,4.67,49.59,1.48,0.24,10.27,73.17,1370.51,10.05,6.67,340,246.87,Sugarcane
74,74,10,7.55,15.13,1.15,0.68,33.99,85.41,1074.17,4.46,14.33,1782,204.61,Wheat
64,69,57,6.79,48.85,1.3,0.16,30.64,79.02,2491.92,6,6.72,1031,312.19,Rice
20,21,98,7.76,52.2,0.77,0.84,21.39,50.47,489.97,7.76,5.7,2087,133.77,Cotton
40,52,30,4.8,55.27,1.38,2.24,33.75,81.26,1692.32,9.72,8.94,2328,264.05,Rice
40,26,43,6.98,37.18,1.15,0.66,13.8,58.05,1483.01,8.92,18.91,1735,327.86,Wheat
71,77,35,5.49,45.17,1.17,1.63,16.1,80.83,1743.67,11.63,16.74,413,255.01,Wheat
101,38,45,8.11,48.11,0.31,2.13,26.01,84.34,341.57,8.47,6.27,731,181.48,Millet
86,64,108,4.94,44.43,1,1.69,36.43,71.12,2086.53,6.41,7.88,2266,322.94,Rice
132,16,32,7.87,42.34,0.64,0.14,13.9,73.13,237.86,7.47,12.56,1288,210.07,Wheat
63,53,90,4.85,37.38,1.07,1.15,26.93,38.47,1677.93,4.6,9.12,1209,189.89,Rice
29,86,56,4.6,33.96,0.94,1.38,32.59,49.43,943.43,4.94,17.57,1063,290.76,Tomato
83,14,115,5.44,59.81,0.34,1.09,32.3,63.46,1076.54,8.14,11.42,2272,137.57,Pulses
88,69,85,5.83,26.88,0.89,1.68,28.84,30.21,2267.53,11.81,17.38,2295,252,Rice
87,15,53,7.01,14.41,0.79,1.59,38.23,80.84,2960.48,5.96,5.86,1665,290.48,Rice
47,16,29,5.03,48.25,1.21,0.64,24.46,52.17,1530.98,10.22,14.01,330,166.5,Rice
135,55,112,6.25,20.69,0.85,2.28,36.41,73.4,2074.64,6.93,8.85,2258,223.08,Rice
70,66,36,5.32,36.63,0.83,0.57,28.59,76.16,895.68,4.25,3.01,1448,160.9,Rice
23,63,115,7.92,14.79,1.14,1.43,32.12,62.88,1751.22,5.31,8.26,1692,227.16,Rice
98,55,70,4.68,40.96,1.07,2.29,23.94,77.41,479.97,8.97,7.46,57,275.79,Wheat
36,19,46,5.92,57.2,1.49,2.12,15.03,70.94,2580.66,5.83,7.11,1000,196.23,Rice
127,13,93,7.03,46.14,0.66,1.35,13.27,51.59,1476.02,10.81,12.92,1852,337.62,Wheat
93,76,61,8.15,20.73,1.09,2.39,30.47,78.97,1212.1,6.94,8.72,2340,154.51,Wheat
42,34,84,7.97,58.56,0.42,2.17,21.29,68.16,1637.5,5.8,3.13,1207,215.77,Rice
37,87,101,8.08,25.35,1.25,1.22,27.02,39.61,2756.25,10.23,5,791,169.51,Rice
148,70,71,4.75,31.83,1.22,2.7,32.38,76.37,2374.06,5.27,10.65,575,226.04,Rice
54,47,75,7.86,34.91,1.14,0.51,33.59,70.57,627.63,11.62,10.82,584,200.78,Millet
83,41,33,7.62,59.54,0.35,1.14,25.29,47.08,2350.4,5.9,1.7,401,171.06,Rice
78,32,89,8.11,13.44,1.48,2.12,19.44,80.52,1300.01,10.52,4.33,2240,136.46,Wheat
20,46,21,5.75,44.84,1.43,2.63,33.28,52.44,1306.04,8.13,13.49,407,254.95,Sugarcane
150,12,25,8.15,28.1,0.68,1.04,22.46,63.16,2321.87,9.91,7.72,2323,160.1,Rice
86,22,45,6.11,13.92,0.95,1.73,38.1,50.59,1487.11,5.1,7.36,323,244.26,Maize
56,43,11,7.04,56.75,1.36,0.13,34.74,73.46,402.92,5.67,1.89,972,201.05,Millet
48,74,98,6.2,39.49,0.84,1.18,32.41,64.87,890.95,5.59,8.37,269,71.9,Potato
108,85,71,6.21,47.68,0.98,1.06,17.24,58.22,2704.94,5.07,2.12,1269,153.94,Wheat
119,17,73,6.69,22.02,0.98,2.54,20.88,31.22,1857.46,6.12,6.37,653,294.07,Rice
141,18,38,5.92,48.08,1.04,0.31,35.47,66.43,2614.2,10.72,3.15,575,279.36,Rice
109,37,101,7.67,51.42,0.95,0.28,10.69,67.34,1054.42,9.98,16.92,473,323.57,Wheat
151,87,83,7.03,31.54,0.73,1.38,33.44,40.87,2129.07,6.45,4.77,1305,70.62,Rice
33,27,118,7.26,38.6,0.9,1.28,22.12,49.94,2398.82,6.93,3.4,772,280.2,Rice
150,51,96,5.42,58.59,1.33,0.57,33.98,82.73,712.1,9.88,17.13,1297,198.2,Millet
104,50,105,8.38,52.34,1.32,0.86,26.57,62.95,265.29,10.59,12.82,1385,177.46,Millet
40,79,40,7.14,32.24,1.2,2.93,25.8,56.1,1976.38,7.39,19.07,596,165.21,Rice
45,42,92,5.29,43.23,0.74,1.59,31.05,86.16,1815.28,9.93,12.91,380,194.94,Rice
60,86,24,7.5,49.21,1.22,0.35,34.19,78.72,311.53,8.55,13.85,2361,284.48,Millet
141,63,64,5.19,11.22,0.7,0.24,30.8,35.85,1350.21,11.94,7.87,1637,325.95,Sugarcane
57,45,42,4.75,39.42,1.06,0.22,23.52,81.54,1777.57,9.52,15.17,1917,319.3,Rice
107,65,90,6.61,59.23,0.94,1.23,19.63,38.98,793.81,9.9,12.06,1328,111.67,Wheat
30,26,61,6.71,57.36,0.59,2.61,35.37,40.49,470.31,10.74,4.02,681,259.26,Millet
48,19,109,5.26,51.62,0.79,2.52,25.62,34.52,2443.63,5.14,3.95,1839,342.41,Rice
79,53,29,5.89,15.31,1.28,1.17,33.5,58.88,2790.06,6.94,13.23,2461,232.21,Rice
80,11,82,8.28,59.7,1.39,2.35,39.87,68.68,1452.98,7.93,6.17,2321,156.46,Potato
41,23,47,5.64,40.48,0.47,2.28,29.32,75.22,575.12,5.22,11.34,2162,288.92,Millet
97,50,12,5.12,21.15,0.79,1.5,18.35,31.6,1379.63,6.9,4.66,471,307.13,Pulses
132,11,63,8.47,43.71,0.76,1.27,35.97,40.67,981.55,9.49,8.97,1883,67.83,Millet
142,28,75,5.71,52.83,0.84,0.62,18.21,67.27,1573.4,6,17.39,840,152.35,Sugarcane
63,89,27,7.22,15.62,1.47,0.91,17.81,61.54,225.27,7.85,14.12,984,230.75,Wheat
116,10,96,5.43,55.82,0.87,1.08,12.22,33.08,2627.5,5.09,10.26,442,300.25,Sugarcane
96,11,92,6.7,56.01,1.28,2.46,12.36,86.12,362.69,4.91,10.34,442,129.76,Wheat
159,36,16,6.05,10.67,1.06,1.7,35.87,75.51,1403.62,6.94,8.36,10,323.25,Sugarcane
74,11,44,8.35,55.02,0.34,0.68,16.92,51.53,2051.19,9.82,13.39,1968,157.12,Wheat
70,60,93,6.23,57.34,1.1,0.38,13.26,62.18,2023.21,8.21,4.58,2238,128.35,Wheat
121,19,93,6.84,11.88,1.04,1.54,20.58,52.46,1034.98,9.03,7.41,520,50.24,Sugarcane
48,28,92,8.28,24.71,1.19,2.03,31.41,57.32,1598.8,7.22,13.91,1595,134.12,Rice
88,89,114,8.46,28.66,0.3,2.47,20.19,65.77,1591.33,8.69,14.72,584,268.74,Rice
99,22,89,4.91,27.44,0.51,2.41,19.28,53.91,567.54,7.87,17.83,1583,237.35,Cotton
50,57,111,7.84,47.95,1.2,2.49,24.64,67.24,1242.75,7.18,6.79,1056,181.82,Wheat
131,65,94,6.03,27.91,0.68,1.4,10.64,57.91,533.99,4.19,17.2,368,250.34,Wheat
65,81,102,6.88,57.83,1.38,2.61,24.73,69.44,359.85,10.76,16.66,514,206.49,Tomato
116,65,117,6,59.75,0.87,1.39,39.7,45.73,355.81,11.62,1.19,1647,177.18,Millet
71,59,69,6.1,25.84,0.2,0.59,33.98,40.27,1417.95,8.24,13.78,2169,88.34,Wheat
157,54,111,5.14,35.44,1.11,1.25,12.11,30.81,2242.9,7.58,15.57,787,165.31,Sugarcane
93,68,118,6.79,37.89,0.87,1.09,29.64,66.12,2956.73,10.12,1.08,23,76.34,Rice
60,48,33,6.69,38.97,0.61,1.24,23.83,88.85,1799.42,4.1,10.38,2421,232.79,Rice
96,30,110,5.26,28.71,0.23,2.01,34.79,55.22,1038.16,5.11,19.1,2175,311.74,Wheat
150,64,102,6.67,18.3,0.46,2.01,12.96,42.76,779.89,6.22,19.12,104,89.49,Wheat
133,66,104,8.39,12.73,0.41,0.75,16.98,30.79,2145.52,4.67,15.07,2235,252.07,Wheat
71,50,118,7.36,15.32,0.96,1.02,33.73,60.77,344.97,4.37,16.8,1706,114.14,Millet
106,79,48,6.42,55.06,1.2,1.83,35.48,89.56,934.43,11.51,6.84,1482,106.65,Maize
128,58,21,8.16,24.02,0.5,0.34,25.88,89.03,2127.93,5.48,9.76,1469,288.09,Rice
88,53,103,6.8,13.84,1.11,2.1,10.59,36.08,1446.06,8.74,19.91,879,216.64,Wheat
139,44,62,5.04,41.18,1.37,0.62,36.81,78.98,1600.59,8.31,16.34,1916,332.51,Rice
86,14,73,6.69,13.77,1.01,2.57,21.48,40.4,2931.35,6.29,1.85,1238,344.74,Rice
80,80,13,5.22,13.5,1.21,1.26,11.19,78.56,1332.94,9.18,2.04,1772,245.93,Barley
90,83,103,7.57,41.08,0.47,0.74,34.56,81.21,1866.37,6.6,12.01,674,170.82,Rice
49,83,14,8.37,39.57,0.3,2.04,22.54,30.46,2996.11,7.66,8.09,2419,137.74,Rice
115,60,25,5.94,12.07,0.68,1.71,15.7,44.24,2121.83,7.05,5.49,73,97.81,Sugarcane
75,66,36,6.24,33.02,1.12,0.6,34.05,33.39,1640.49,11.29,7.08,26,194.16,Rice
72,67,13,6.19,31.79,1.09,2.5,23.73,59.93,1106.89,11.44,19.22,266,190.27,Tomato
26,45,81,5.64,37.33,1.44,1.41,28.23,31.6,2934.08,6.99,7.11,1977,50.47,Rice
116,19,57,7.68,46.89,1.02,0.54,34.69,67.57,1022.71,5.98,7.87,575,262.92,Sugarcane
132,59,17,6.97,24.14,0.73,2.41,25.67,63.5,524.31,9.89,9.58,2025,152.13,Millet
144,46,90,4.76,31.64,1.24,0.49,13.31,52.76,2792.4,6.52,4.06,709,304.31,Sugarcane
151,29,55,7.86,49.64,0.4,2.91,38.91,57.71,1093.19,7.85,8.4,1678,168.13,Sugarcane
140,22,53,5.25,56.13,1.26,1.38,18.6,89.41,1848.89,8.35,13.28,2112,330.34,Sugarcane
57,84,76,8.42,54.57,0.68,2.21,39.83,40.06,2008.53,11.9,5.93,2286,261.75,Rice
141,28,100,6.01,33.88,0.4,1.41,10.18,73.86,930.54,7.06,12.84,2331,174.51,Wheat
45,65,61,6.97,36.04,0.41,0.64,24.51,68.72,1385.53,7.28,5.65,2291,207.51,Potato
148,54,43,4.81,36.46,1.48,2.3,31.15,69.82,635.36,4.55,15.95,1517,165.88,Millet
23,69,71,5.88,53.44,1.01,0.94,37.19,50.74,2676.73,9.3,18.81,988,182.28,Rice
58,77,118,7.71,52,0.43,2.08,33.41,42.99,1836.68,5.53,9.44,637,65.69,Rice
73,66,30,6.41,25.58,0.55,0.85,17.67,69.05,2692.76,8.91,19.31,891,121.46,Wheat
52,63,116,8.12,18.14,0.68,0.8,17.3,84.76,919.94,5.94,13.62,376,331.16,Wheat
39,46,33,6.8,28.95,0.27,1.43,20.7,88.56,1975.18,11.56,14.52,2358,220.59,Rice
35,46,53,8.21,24.42,0.34,2.47,13.32,58.85,810.29,4.64,10.72,1487,53.26,Wheat
146,23,50,8.43,57.54,1.19,1.88,30.09,55.54,1009.34,11.44,5.32,879,349.11,Sugarcane
106,53,38,6.32,23.3,1.22,0.29,38.24,50.94,1211.22,8.41,18.85,920,151.9,Sugarcane
101,51,112,6.76,19.06,1.48,2.23,29.26,78.6,1738.39,11.5,19.43,1690,333.07,Rice
81,10,15,7.84,54.97,0.29,1.78,26,45.32,1756.18,7.95,17,1525,335.58,Rice
50,32,65,5.39,14.32,1.36,1.91,25.1,60.78,760.92,4.36,9.81,871,208.3,Millet
61,73,23,7.95,23.01,0.61,1.13,27.78,50.7,329,5.58,4.25,211,183.76,Millet
31,37,59,6.87,31.96,0.63,1.71,31.32,82.54,2361.87,6.81,2.7,1222,175.25,Rice
84,13,87,7.4,39.76,0.37,1.18,33.85,46.96,1672.95,11.5,10.59,2305,195.66,Rice
92,50,110,4.82,26.38,1.48,0.34,30.95,71.19,1077.11,10.07,6.8,16,233.49,Barley
150,69,61,7.56,34.81,1.48,2.55,31.15,65.32,347.73,8.81,17.28,2472,85.62,Millet
134,27,97,5.74,19.94,1.32,2.07,38.55,49.7,492.87,7.52,11.33,514,269.16,Millet
156,72,86,7.72,38.71,0.32,2.04,36.98,45.29,1386.02,7.57,18.49,665,158.13,Sugarcane
125,70,10,6.54,30.39,1.29,0.66,34.72,78.23,1554.73,9.22,14.78,273,202.86,Rice
35,58,21,5.6,52.46,1.02,2.02,11.3,60.63,1256.92,9.76,9.59,486,334.26,Wheat
97,56,115,8.31,30.79,0.37,0.77,30.07,66.69,1786.23,7.82,15.12,147,342.79,Rice
144,48,33,7.56,32.19,0.54,2.09,23.65,87.73,2479.37,10.39,19.39,1243,92.72,Rice
150,15,46,8.44,39.61,1.1,1.07,28.53,53.88,2095.96,8.2,11.69,1405,172.59,Rice
149,62,93,5.96,16.16,1.24,0.56,30.59,78.86,2627.66,8.12,6.97,305,142.83,Rice
131,85,79,7.1,17.84,1.3,2.73,31.44,68.33,1924.27,9.19,8.06,1432,118.53,Rice
146,34,85,6.95,49.51,0.91,0.4,36.08,65.61,494.1,10.35,12.79,845,287.24,Millet
40,74,94,7.25,23.67,0.9,2.31,37.3,33.27,619.85,8.78,19.46,2336,87.51,Millet
108,14,12,4.65,44.23,1.09,0.4,28.2,84.74,1293.45,11.38,9.97,946,134.9,Sugarcane
66,74,36,5.67,14.87,1.21,2.09,36.82,43.72,994.9,11.01,14.47,151,91.91,Sugarcane
104,17,119,8.14,51.09,0.42,0.42,32.94,58.39,2026.29,10.16,4.4,167,215.59,Rice
147,48,62,6.2,59.41,1.16,1.58,16.08,75.12,1952.33,7.7,12.79,1795,67.65,Wheat
91,52,109,8.34,28.68,0.64,0.65,11.06,61.34,1495.27,8.9,14.94,1013,142.36,Wheat
61,82,26,5.35,35.28,0.7,2.61,10.3,30.26,2002.18,8.05,9.04,952,346.22,Rice
28,14,119,8.49,32.14,0.3,1.26,27.6,86.94,2751.26,4.05,13.09,364,63.37,Rice
44,13,24,7.29,54.71,0.96,0.14,25.65,31.23,1576.8,9.3,5.31,1746,323.21,Rice
21,10,48,7.61,10.5,0.32,1.92,30.89,35.39,1172.35,11.32,9.73,982,167.03,Wheat
38,65,13,6.09,42.67,1.39,1.39,35.28,43.45,1533.47,8.15,16.69,261,153.87,Rice
39,54,26,8.13,42.62,1.01,2.59,14.93,65.94,606.3,5.36,4.79,309,244.03,Wheat
89,74,111,6.68,29.12,1.49,1.36,35.69,88.27,472.67,7.68,2.69,336,327.69,Millet
36,12,20,7.22,20.97,0.52,1.29,12.94,85.36,1349.5,4.02,14.23,794,108.09,Wheat
143,31,21,4.88,21.98,1.08,1.42,36.5,69.08,2785.52,9.92,6.96,1863,148.94,Rice
108,81,41,7.03,50.02,1.45,2.59,35.51,74.5,2616.14,9.35,10.27,2413,201.71,Rice
113,65,36,8.02,13.31,0.59,1.8,30.91,72.71,2099.17,9.21,17.94,2270,336.06,Rice
103,27,53,5.21,38.19,0.33,2.04,19,71.22,2212.92,7.47,4.29,2175,327.54,Sugarcane
150,34,52,7.45,25.34,1.02,2.19,12.8,78.74,2609.55,7.14,15.69,2470,179.32,Wheat
106,57,100,4.6,23.26,0.68,2.82,33.34,50.39,2763.23,6.18,10.63,681,62.13,Rice
70,40,58,8.2,35.29,0.55,2.53,16.54,43.27,2046.41,11.33,1.89,2231,153.13,Wheat
101,39,113,8.43,54.89,1.49,2.79,23.23,50.86,1280.67,6.95,4.41,367,149.8,Sugarcane
27,89,117,5.92,40.9,1.18,1.1,25.93,32.92,612.94,8.44,10.41,534,298.17,Millet
140,75,102,4.93,49.43,0.83,0.72,30.56,88.02,219.38,7.66,5.27,2308,190.3,Millet
23,19,82,7.13,40.03,0.27,0.69,24.62,74.37,2014.19,9.29,7.75,953,101.47,Rice
105,80,52,4.62,44.89,0.45,2.59,30.84,42.81,1313.88,11.85,14.17,950,189.56,Sugarcane
147,68,12,6.43,31.62,0.59,2.51,34.42,45.35,423.1,8.64,17.1,118,225.44,Millet
129,60,112,5.59,56.3,0.83,1.99,31.39,89.56,980.26,7.26,9.37,1115,105.74,Pulses
118,18,38,6.39,35.1,0.85,0.28,18.99,76.09,1512.46,8.85,10.67,1936,100.07,Wheat
56,63,94,4.57,37.59,0.23,1.02,36.83,55.54,2394.06,4.27,12.22,2148,305.83,Rice
90,71,44,4.71,36.25,1.43,2.23,26.52,42.4,1081.42,11.24,4.23,156,125.48,Barley
52,18,57,4.56,25.81,0.91,0.82,23.96,32.43,2037.46,5.35,12.35,1627,100.59,Rice
50,18,83,6.98,21.56,0.23,1.91,27.25,70.16,320.9,8.32,16.37,280,60.14,Millet
144,33,96,6.74,13.69,1.11,1.67,24.5,76.8,2894.66,7.04,18.01,399,163.4,Rice
31,48,48,5.43,45.91,0.29,0.86,32.65,36.46,2920.71,10.81,4.63,834,83.95,Rice
30,84,98,7.09,24.46,1.14,2.81,22.62,30.14,1679.29,11.7,17.28,300,318.85,Rice
107,17,33,8.04,29.46,1.11,0.84,33.3,51.45,2041.15,4.5,17.64,2212,184.83,Rice
91,34,29,5.61,56,1.48,2.69,32.8,70.05,2340.79,5.65,15.49,2229,260.34,Rice
51,75,24,7.83,38.32,0.64,1.67,18.31,85.43,2917.07,10.79,16.56,2112,123.7,Wheat
76,19,94,7.15,14.85,0.39,0.37,12.88,82.77,1724.94,7.63,9.43,2190,336.91,Wheat
105,33,115,4.64,49.98,0.32,2.52,35.53,71.31,2314.99,9.06,19.45,1240,201.68,Rice
38,89,85,6,22.81,0.29,2.4,15.07,78.84,738.62,6.97,14.64,962,348.16,Tomato
135,68,27,6.53,37.64,1.25,2.51,10.94,51.35,631.32,8.27,5.89,1538,208.06,Wheat
33,40,69,7.43,35.5,1.13,1.95,22.07,44.71,2195.05,6.14,1.56,2238,51.8,Rice
52,20,96,5.65,21.9,1.47,2.16,17.62,37.45,2787.02,8.72,4.33,509,277.08,Potato
29,15,114,8.43,15.79,0.6,2.73,16.61,40.9,1789.34,7.46,15.17,2101,125.34,Wheat
99,79,102,7.24,20.56,1.24,0.47,15.17,87.78,1696.61,9.45,17.38,542,315.73,Wheat
83,41,50,5.99,14.87,0.32,0.34,32.48,85.8,1799.16,8.87,2.66,1456,140.5,Rice
87,48,109,4.89,23.78,1.38,0.46,33.5,32.82,2662.7,5.07,13.43,154,268.81,Rice
111,57,78,5.23,59.86,0.27,2.62,11.39,58.2,2440.13,5.52,8.01,721,298.15,Sugarcane
144,22,112,6.45,30.1,1.22,1.73,26.4,52.4,2444.68,4.19,12.17,1967,79.25,Rice
99,68,99,6.48,53.19,0.6,0.61,14.05,69.11,498.21,6.87,17.13,2334,323.91,Wheat
78,76,112,7.57,37.46,0.44,0.51,24.99,49.7,2327.28,6.18,9.13,1855,284.71,Rice
116,65,84,7.4,43.33,1.12,1.39,20.44,46.84,2351.24,4.66,4.56,867,123.33,Rice
38,50,115,5.31,17.82,1.36,2.47,16.05,78.55,570.04,9.42,3.16,192,167.56,Pulses
41,65,20,6.88,23.74,1.19,2.44,38.44,86.83,1520.17,9.73,19.97,2221,165.79,Rice
28,44,65,4.58,35.52,0.61,2.57,38.7,42.17,474.05,9.3,15.58,1193,326.95,Millet
28,47,27,6.09,54.06,0.66,2.33,26.92,44.12,1311.66,5.86,2.03,1093,301.73,Barley
46,76,21,7.56,12.14,0.45,0.28,15.64,55.15,1994.82,9.03,4.26,538,327.47,Wheat
36,43,25,6.1,35.35,1.27,2.19,27.5,72.38,811.23,7.04,14.02,484,177.49,Pulses
64,85,36,7.84,12.55,0.34,1.6,37.85,40.02,570.12,4.08,9.03,2116,249.83,Millet
27,79,109,8.4,32.84,1.37,2.21,21.33,58.08,1987.22,11.74,12.79,451,271.31,Rice
144,20,26,6.93,41.44,0.98,1.5,14.13,80.45,2514.91,9.74,11.74,1102,297.84,Wheat
142,36,94,5.08,47.24,0.97,1.5,30.81,44.04,632.05,5.91,3.98,461,310.96,Millet
52,57,110,6.02,16.93,1.29,0.47,29.69,32.86,2731.89,6.48,9.35,2353,316.17,Rice
20,33,40,4.54,18.33,1.07,2.73,10.04,84.41,2263.68,11.18,11.07,2339,85.51,Potato
25,27,118,6.91,33.5,0.6,1.19,35.61,77.25,2098.53,6.04,9.33,1513,181.73,Rice
60,36,44,7.79,59.9,0.65,1.79,29.82,71.93,538.7,4.74,10.14,494,214.19,Millet
24,63,36,7.02,27.8,0.42,0.7,15.87,35.24,2803.28,10.73,19.8,1648,55.83,Wheat
99,64,96,7.64,31.38,0.8,1.17,10.1,83.96,1525.71,9.58,19.72,1554,127.77,Wheat
37,30,41,7.7,31.62,0.34,2.62,39.17,48.32,1699.69,8.34,7.7,864,128.24,Rice
101,68,26,7.9,14.04,1.05,0.71,32.64,42.69,1635.37,8.43,14.86,1584,156.6,Rice
84,43,20,5.57,48.71,0.42,0.7,20.95,59.25,1686.99,9.5,5.44,1216,316.77,Rice
102,67,10,7.99,22.66,1.32,0.86,22.98,85.37,2504.03,11.29,19.84,62,213.95,Rice
155,57,101,7.12,45.18,1.11,1.77,26.17,89.67,476.66,10.58,8.86,201,251.93,Millet
150,63,91,5.66,33.75,1.36,1.61,31.56,66.85,1554.64,5.87,12.09,2316,315.11,Rice
44,27,58,8.45,40.59,0.31,0.61,15.19,87.33,1918.98,9.15,8.24,577,240.56,Wheat
88,12,50,8.3,12.7,1.24,2.11,15.87,57.2,529.7,9.37,3.98,1397,181.44,Wheat
101,33,29,6.8,54.5,1.35,2.73,11.45,31.78,1826.85,10.57,3.93,882,245.45,Wheat
136,10,80,7.87,22.19,0.26,0.68,39.57,46.54,1625.64,11.29,18.85,1042,250.41,Rice
114,15,46,5.55,43.5,1.5,2.05,36.27,48.11,823.6,4.47,11.5,2172,197.75,Rice
52,28,25,6.16,49.9,0.59,1.8,26.59,76.96,920.64,4.76,19.46,454,337.29,Rice
130,52,48,5.24,37,0.48,1.05,22.91,37.45,441.36,4.76,8.65,62,150.8,Wheat
144,17,118,6.58,26.87,0.74,1.89,17.12,40.49,2175.17,9.54,10.01,1112,318.47,Wheat
35,78,54,6.48,58.9,0.21,0.71,27.85,66.86,615.35,11.43,5.15,310,63.49,Millet
99,61,73,5.35,23.92,1.35,2.52,30.72,37.84,2409.08,8.66,2.99,397,255.24,Rice
57,82,56,7.19,57.43,0.55,0.16,30.68,59.73,2691.08,8.54,15.87,1033,279.2,Rice
154,56,32,4.97,17.81,0.88,1.74,10.19,32.1,875.1,10.72,8.52,1179,84.12,Wheat
97,37,41,4.75,29.46,1.01,1.02,31.06,70.13,928.93,11.94,15.95,1033,320.39,Tomato
82,55,58,6.04,16.92,1.23,2.66,35.99,84.5,544.7,11.53,9.51,316,261.28,Millet
131,13,90,6.14,10.11,0.53,1.55,13.45,82.49,1714.46,8.85,18.57,807,98.91,Wheat
108,17,28,5.78,23.01,1.13,2.43,32.66,34.42,2899.79,11.98,17.8,609,266.57,Rice
57,70,115,5.53,14.36,0.35,2.78,34.7,65.46,882.44,9.79,16.6,2438,285.16,Barley
71,26,107,5.86,59.32,1.12,1.07,18.29,36.23,647.5,9.6,16.07,2372,134.21,Cotton
48,43,87,5.15,48.08,1.4,2.65,31.36,33.21,1897.19,4.78,13.5,1414,268.82,Rice
95,29,76,6.11,10.19,0.31,2.21,12.9,66.62,2598.29,6.38,17.55,1339,230.59,Wheat
83,89,48,8.12,21.18,0.35,0.41,29.48,64.35,2636.69,8.67,17.18,2432,259.18,Rice
110,83,98,5.4,43.51,0.92,0.4,25.31,35.63,1167.19,9.58,5.05,2239,287.31,Sugarcane
108,43,69,7.24,29.93,0.26,2.47,35.5,51.59,2403.07,5.61,14.24,2464,327.99,Rice
32,52,20,5.07,51.59,0.44,1.46,23.56,49,1858.54,10.47,16.85,1560,151.15,Rice
91,19,58,5.92,35.24,0.45,1.54,22.84,50.55,2252.13,11.01,15.16,883,254.46,Rice
24,39,24,5.78,42.68,0.83,2.68,38.01,49.99,2095.22,10.81,1.32,919,342.67,Rice
31,34,92,8.25,39.85,0.52,2.72,38.03,79.48,557.46,8.3,12.73,1415,86.52,Millet
22,66,70,6.21,41.91,0.82,0.43,11.07,51.22,1200.99,6.72,6.41,1800,250.52,Wheat
52,72,52,7.26,21.5,0.88,1.18,24.57,49.83,2336.69,10.74,15.7,1239,57.16,Rice
140,80,24,6.91,28.66,1.15,2.7,14.83,31.78,2327.75,9.94,15.07,1024,105,Wheat
69,56,88,5.06,12.53,1.43,2.48,18.21,77.42,541.84,4.3,3.07,285,285.23,Maize
156,12,111,8.26,39.38,0.85,2.19,29.98,69.59,1493.83,8.01,7.34,1083,270.86,Sugarcane
48,55,88,5.88,32.96,0.66,0.4,13.88,50.49,2633.15,10.58,18.11,639,302.86,Wheat
58,45,82,4.68,48.04,0.54,1.9,10.34,57.11,2416.41,8.55,10.18,2026,201.79,Sugarcane
110,35,14,5.7,20.32,1.03,1.79,31.81,77.64,1826.59,6.15,10.63,1390,317.26,Rice
119,19,92,5.84,31.84,1.43,0.58,29.24,50.65,778.01,4.13,4.87,1400,237.02,Millet
36,43,97,4.87,19.04,1.19,2.34,37.08,58.4,1108.71,5.81,4.38,109,73.58,Sugarcane
75,87,38,6.98,40.7,0.47,1,26.27,31.19,2030.26,8.89,2.27,739,316.7,Rice
65,17,71,5.89,52.4,1.36,1.9,38.36,85.1,2387.95,6.02,2.52,439,164.5,Rice
86,64,69,7.02,48.27,1.16,1.15,28.28,52.27,1918.21,4.09,4.33,1485,104.81,Rice
86,19,78,4.53,57.21,0.37,0.34,21.61,47.79,1307.06,4.56,1.27,755,297.41,Wheat
42,66,31,8.43,58.59,1.13,1.62,28.25,66.55,1814.56,7.04,19.9,2021,326.73,Rice
113,88,22,5.18,48.6,0.58,0.99,32.48,61.6,210.7,7.72,9.26,1989,205.89,Millet
73,54,59,7.14,24.34,0.84,0.31,20.43,54.06,2259.74,10.07,8.76,463,240.92,Rice
157,59,56,7.36,20.96,0.59,0.68,21.18,85.34,2563.11,8.33,12.15,898,175.14,Rice
96,73,119,5.19,32.38,0.31,1.89,28.9,51.78,329.04,10.23,17.25,1870,303.54,Millet
35,11,38,4.95,59.69,1.2,0.39,23.67,89.9,1318.48,5.2,13.6,298,345.04,Potato
60,54,89,5.11,30.63,1.28,0.35,25.81,77.35,2576.52,6.8,5.06,1504,64.72,Rice
117,71,109,5.49,19.95,0.5,2.84,39.46,84.2,1871.97,8.14,15.15,344,126.96,Rice
147,23,26,5.17,57.22,0.51,0.41,11.31,46.97,1553.49,4.13,3.66,423,310.67,Sugarcane
80,83,29,7.2,29.3,0.76,1.19,29.44,34.21,443.76,11.69,17.27,1093,250.7,Millet
105,24,87,6.18,44.54,1.25,0.49,37.69,55.15,2264.17,11.38,14.93,1050,205.62,Rice
137,23,15,6.65,49.41,0.3,2.82,17.09,48.8,2129.96,9.31,18.8,92,62.55,Wheat
119,40,31,4.69,52.16,1.25,1.5,16.36,33.64,1851.27,5.71,17.63,2231,209.78,Sugarcane
68,38,113,7.94,51.06,1.4,0.42,20.89,34.29,369.24,5.1,8.85,709,133.27,Cotton
21,36,18,5.18,51.81,0.93,2.33,12.22,40.46,1999.69,11.11,17.99,1824,79.07,Potato
139,18,41,5.94,43.38,0.28,2.36,26.81,52.67,344.69,6.3,16.39,48,76.23,Millet
142,29,97,4.79,30.19,0.55,2.71,29.36,86.11,2502.04,7.01,9.5,1475,307.42,Rice
105,67,42,5.05,43.36,0.34,2.15,34.6,69.47,2633.98,7.17,14.2,1820,258.04,Rice
96,88,86,7.16,51.84,0.54,0.26,11.99,53.9,1686.48,5.71,4.16,1353,344.28,Wheat
155,58,108,7.27,27.53,1.26,1.7,23.09,77.96,2575.61,9.8,11.15,511,86.76,Rice
78,66,79,7.21,24.83,0.27,1.21,33.53,64.11,1322.19,8.6,2.02,821,224.64,Barley
31,25,58,6.71,27.19,0.57,2.27,33.05,55.05,1012.11,11.11,8.81,1824,304.5,Potato
23,84,113,8.31,37.56,0.87,1.81,12.21,38.66,1555.49,5.76,12.93,393,342.98,Wheat
136,17,39,6.53,12.62,1.34,2.2,10.34,85.62,1764.59,6.72,12.92,1149,270.16,Wheat
114,76,111,6.3,48.95,0.52,0.62,33.5,67.43,2346.08,7.96,8.04,1546,286.1,Rice
144,28,25,5.49,16.94,1.21,1.37,14.14,56.36,1885.79,7.78,2.68,162,217.61,Sugarcane
60,76,74,4.9,16.64,0.96,1.35,27.33,56.3,2596.38,11.85,13.18,485,179.56,Rice
142,45,115,6.69,19.88,1.08,2.94,12.83,75.9,2820.31,8.77,2.61,1979,165.45,Wheat
26,69,91,5.76,38.85,1.32,0.16,18.87,40.77,1661.59,7.28,5.45,1910,190.87,Potato
88,45,95,6.6,24.28,0.23,2.47,14.74,55.05,2209.49,6.28,16.26,1562,281.68,Wheat
88,20,99,5.32,28.4,0.89,0.38,32.09,33.78,1548.25,8.62,9.3,781,230.91,Rice
100,60,23,7.85,56.58,1.17,0.33,30.18,34.8,2736.98,8.37,20,1730,124.26,Rice
49,89,65,8.5,52.36,1.35,1.05,14.06,61.58,285.49,8.06,15.63,2488,268.68,Wheat
92,64,46,5.79,52.61,0.37,2.13,11.78,52.85,2212.11,11.55,8.7,1591,231.69,Wheat
25,63,58,7.87,38.88,0.64,2.07,23.99,73.17,1589.76,8.03,3.09,1448,238.19,Rice
108,26,87,7.99,53.32,0.3,1.92,15.87,89.2,371.17,5.82,9.15,2426,244.3,Wheat
85,71,99,8.48,48.93,1.29,2.35,10.24,81.57,2287.92,5.25,3.6,498,154.93,Wheat
29,51,59,5.87,57.66,1.31,0.77,17.93,56.51,1299.9,11.28,14.11,88,82.5,Wheat
56,33,45,7.52,13.22,0.83,1.94,16.46,52.67,1676.2,11.98,3,1793,247.98,Wheat
96,26,61,5.42,11.44,0.23,1.95,30.55,65.1,2195.86,8.74,18.92,2217,233.43,Rice
96,57,32,7,18.75,0.33,2,35.83,35.5,905.79,9.82,8.41,1882,245.64,Barley
51,79,75,7.32,56.45,1.01,1.82,17.13,89.26,1007.32,7.36,1.62,52,290.36,Wheat
66,16,112,7.46,40.28,1.48,0.74,16.69,88.86,1198.65,10.89,16.74,688,135.69,Wheat
129,23,80,5.33,31.31,1.29,2.75,21.63,85.38,2293.33,6.77,7.68,761,307.95,Rice
139,20,112,7.89,35.64,1.24,2.93,15.18,69.73,2949.09,4.15,13.73,2199,298.19,Wheat
29,21,54,6.18,51.48,0.74,2.1,38.4,60.19,1216.29,4.3,17.4,1421,323.28,Wheat
116,14,95,5.37,56.46,1.48,1.39,17.31,72.4,1910.23,10.6,2.12,1610,118.55,Sugarcane
24,14,37,6.67,46.48,1.27,1.66,12.8,48.86,1107.34,7.37,1.3,112,178.37,Wheat
96,29,111,7.95,47.99,0.64,0.41,26.71,81.13,2655,11.74,3.69,1384,330.25,Rice
20,63,29,8.37,26.02,1.17,1.15,26.13,38.08,2819.42,7.34,5.48,1891,245.9,Rice
150,64,58,7.49,33.35,0.76,2.93,28.96,78.21,730.94,11.57,10.96,2160,243.52,Millet
86,67,66,4.52,54.26,1.06,1.69,39,82.05,2031.47,7.76,19.26,2271,63.64,Rice
34,88,91,5.04,49.3,1.46,1.73,19.7,40.21,2736.66,9.77,11.36,626,73.46,Wheat
112,39,97,4.81,44.21,0.52,2.87,20.79,58.71,1529.96,6.35,17.33,2279,111.59,Rice
49,33,106,4.9,13.26,1.23,2.67,20.11,83.5,1138.96,8.39,4.79,2028,166.37,Maize
122,82,68,6.03,11.98,0.97,1.75,28.86,87.56,2735.83,6.6,17.97,854,134.33,Rice
101,12,118,5.85,16.52,1.43,0.88,28.12,78.68,922.04,9.42,14.58,1452,342.33,Rice
94,57,35,4.95,39.07,0.37,0.44,25.86,86.45,779.88,5.82,19.05,1610,128.32,Millet
79,80,28,8.03,36.82,1.14,2.6,20.93,86.22,2665.51,6.86,17.6,1582,238.54,Rice
59,31,115,6.96,57.13,0.25,2.77,22.83,88.78,1974.11,9.07,17.15,395,223.21,Rice
93,23,22,7.69,44.74,0.52,1.53,33.78,54.8,718.12,6.43,2.39,643,263.73,Millet
140,57,83,5.99,24.7,0.62,0.37,28.28,47.22,2000.03,6.23,13.8,2452,82.35,Rice
22,38,71,6.14,18.07,0.76,1.86,31.49,67.98,2653.4,7.04,6.84,1893,293.89,Rice
55,59,23,5.77,52.48,1.45,1.17,18.3,41.33,450.06,8.97,5.91,850,61.6,Tomato
62,89,82,6.25,32.98,0.29,0.56,37.34,63.42,918.73,6.67,9.61,1451,170.76,Wheat
134,19,20,6.94,42.67,0.42,2.77,11.05,64.76,1891.79,7.48,17.48,749,188.21,Wheat
128,80,76,6.47,38.26,0.46,0.79,27.87,78.39,521.97,4.17,2.71,2133,75.67,Millet
109,36,113,7.85,15.37,0.75,2.16,34.37,51.71,2735.26,9.6,18.56,420,261.43,Rice
103,88,21,8.1,12.85,0.28,1.35,35.99,66.11,1860.26,10.49,17.3,1679,332.3,Rice
96,37,44,6.38,28.85,1.46,2.5,19.59,84.2,1837.96,10.62,6.32,213,203.86,Wheat
24,18,112,5.46,28.08,0.93,2.13,23.79,55.31,356.5,8.4,7.45,2272,109.95,Barley
97,80,119,8.28,43.69,1.26,0.46,11.05,64.3,1379.67,7.4,1.96,126,112.46,Wheat
110,89,48,7.44,41.61,1.2,1.4,33.69,77.24,745.78,5.49,14.86,845,80.75,Millet
106,35,41,7.06,58.45,1.06,0.85,13.74,44.98,2463.88,9.25,4.26,265,325.49,Wheat
33,17,112,7.48,52.9,1.38,2.17,22.84,36.2,1141.16,8.61,6.61,1359,299.26,Barley
123,11,23,4.8,34.83,1.37,1.68,39.72,70.91,1328.49,7.44,8.56,985,323.27,Sugarcane
102,66,117,4.77,35,0.37,1.09,37.53,52.23,1993.84,8.92,8.73,929,307.08,Rice
73,61,74,5.11,43.71,1.37,1.06,19.9,52.9,2208.78,11.63,16.23,420,233.76,Wheat
151,67,36,5.09,15.7,0.88,0.43,16.72,85.81,2411.94,5.09,10.4,1698,328.85,Sugarcane
114,12,110,6.18,59.99,0.55,0.72,17.55,54.47,689.62,11.72,2.06,1120,272.95,Wheat
28,17,69,5.13,35.94,0.99,2.17,30.54,87.22,935.15,8.56,12.41,325,325.42,Maize
72,68,52,7.92,55.5,0.57,1.87,31.77,36.38,458.68,10.66,6.83,1872,171.57,Millet
96,11,74,6.81,58.37,0.82,1.13,16.49,50.58,2598.05,11.95,7.46,1127,315.59,Wheat
79,71,64,5.97,39.08,1.26,2.52,17.2,71.58,1083.22,11.43,4.93,164,287.2,Maize
65,58,118,4.78,15.17,0.24,1.5,19.7,37.56,553.21,7.19,3.12,2442,313.26,Cotton
73,29,102,6.86,38.67,0.44,2.4,23,53.22,1071.79,7.66,5.87,1456,339.7,Wheat
93,38,97,4.97,39.88,1.44,2.37,37.52,81.1,360.05,8.85,17.66,1448,248.22,Millet
131,26,90,7.47,49.46,0.78,2.56,10.8,75.71,2542.43,9.1,17.56,1295,145.2,Wheat
114,83,44,7.71,12.41,0.59,2.56,29.15,46.93,1003.7,5.83,18.96,1798,56.8,Sugarcane
42,31,104,6.68,33.32,1.4,2.07,35.85,51.39,1180.2,11.58,1.65,2208,256.37,Wheat
46,15,115,5.1,56.14,1.38,2.27,31.7,60.3,2832.95,10.62,18.11,2129,269.44,Rice
89,71,41,7.65,59.56,0.26,2.35,16.5,73.88,730.13,5.04,7.87,2093,255.12,Wheat
128,40,28,5.73,19.57,0.67,0.59,24.3,39.11,771.15,11.93,13.32,1525,248.77,Wheat
96,71,104,5.39,53.53,1.39,0.97,37.31,61.66,1769.31,11.97,12.78,2345,68.81,Rice
69,21,48,6.38,17.31,0.43,0.4,13.47,34.4,2922.37,6.83,4.26,2462,302.04,Wheat
143,21,29,8.19,52.06,0.95,0.65,39.63,53.87,2723.31,10.79,4.27,2168,342.38,Rice
38,72,37,5.69,23.86,0.62,2.36,14.31,41.46,1860.08,6.09,5.05,1122,196.14,Tomato
20,25,12,8.12,57.98,1.16,2.85,14.27,48.54,2474.24,5.28,6.11,1868,158.06,Wheat
59,34,41,4.71,44.77,0.41,2.05,34.39,49.89,1565.34,10.84,8.02,296,289.12,Rice
41,31,95,4.83,29.96,0.97,2.67,34.85,76.21,1416.96,8.49,9.65,579,173.58,Pulses
131,85,117,7.29,24.05,0.2,1.02,11.14,45.91,1321.3,4.49,7.82,254,64.43,Wheat
59,27,67,5.26,21.76,0.53,2.55,15.05,69.83,1472.68,10.66,12.2,1961,201.62,Barley
57,54,63,5.77,44.04,0.41,1.08,38.46,62,2179.4,7.07,3.99,1737,220.41,Rice
67,89,51,5.05,54.79,0.47,2.69,18.38,78.25,2500.11,5.35,18.71,2031,347.67,Barley
94,77,117,5.83,47.75,1.32,2.41,10.37,49.29,1812.8,8.22,16.91,157,182.7,Cotton
126,21,24,5.62,51.74,1.39,2.95,17.62,89.68,2633.05,7.76,1.98,1628,163.49,Sugarcane
27,58,111,7.45,49.07,1.18,2.5,32.06,47.75,1988.38,10.43,9.77,2476,300.36,Rice
105,42,92,7.31,58.96,0.97,1.25,37.49,64.77,2447.66,7.83,16.48,1377,50.84,Rice
87,72,71,8.32,47.89,0.5,0.42,14.65,67.93,2130.9,9.31,7.7,1086,193.18,Wheat
94,27,40,7.4,20.51,0.56,2.64,16.73,62.29,2366.59,6.83,9.05,1871,246.34,Wheat
156,63,70,7.28,49.58,0.6,1.76,23.25,81.53,253.35,4.88,19.92,1343,288.23,Cotton
109,36,35,7.28,26.1,1.21,2.59,32.45,36.78,2628.22,4.35,15.35,520,139.71,Rice
149,87,78,8.03,59.79,0.53,1.22,29.76,65.84,2680.62,6.56,6.26,947,177.13,Rice
99,34,66,5.68,28.83,1.47,0.18,19.83,60.38,2555.67,9.35,11.74,206,63.92,Rice
114,43,29,5.7,24.64,1.24,0.25,11.99,55.03,2244.44,4.09,16.25,2304,116.78,Sugarcane
89,69,75,7.46,21.96,1.5,2.04,17.59,50.77,2405.07,5.99,6.33,295,304.39,Wheat
109,63,30,5.41,42.93,0.8,0.43,16.59,39.17,707.43,5.21,2.45,1478,256.84,Potato
78,14,69,8.15,15.46,0.97,2.26,10.63,69,333.35,7.7,7.27,713,282.66,Wheat
47,45,72,6.64,57.68,0.56,1.32,39.25,37.06,1011.28,9.97,17.77,999,98.11,Potato
91,63,60,5.7,24.72,0.98,1.73,17.66,79.76,1438.85,8.42,9.89,8,113.6,Tomato
33,45,109,7.6,24.77,1.47,2.42,35.1,56.86,958.18,8.87,12.35,49,164.07,Sugarcane
43,78,101,5.75,12.3,0.24,0.83,24.55,66.33,2637.86,11.57,1.78,1477,309.68,Rice
131,48,93,8.35,22.3,0.58,1.3,39.17,34.67,2900.33,7.66,5.55,1192,247.36,Rice
63,79,110,8.43,30.95,0.57,2.22,14.49,35.6,2358.22,10.51,15.91,1429,147.45,Wheat
75,13,48,7.17,28.48,1.48,2.76,13.32,44.15,1534.5,6.75,14.52,533,56.14,Wheat
139,83,109,4.95,23.65,0.37,0.94,10.07,76.78,608.14,8.96,3.11,1481,265.39,Potato
51,74,20,5.55,12.04,1.26,1.91,31.55,59.15,2641.72,10.15,16.59,7,71.37,Rice
44,49,66,6.56,25.03,0.56,2.86,19.19,48.65,2557.6,10.62,11.1,116,92.98,Wheat
135,46,12,7.91,48.92,1.32,1.98,36.11,80.97,654.44,5.78,5.75,1632,303.39,Millet
85,76,46,5.24,31.94,0.83,2.69,29.01,41.51,336.38,6.04,3.95,1689,71.93,Millet
61,40,93,4.92,24.54,0.51,2.83,27.32,45.57,2717.1,7.02,4.26,633,127.41,Rice
95,86,105,4.8,25.24,1.12,2.8,24.61,76.6,2501.43,6,8.94,1246,88.34,Rice
156,56,34,6.53,37.72,1.29,2.3,17.75,31.62,2815.91,8.32,17.65,1972,174.54,Wheat
57,36,30,8.04,25.11,0.81,1.7,11.94,43.22,1202.06,10.46,7.99,1617,225.83,Wheat
80,60,89,4.67,41.54,1.13,0.38,23.31,61.28,2042.2,5.23,13.37,653,115.11,Rice
108,29,51,5.35,59.47,0.44,0.75,12.97,84.9,2619.76,7.26,3.71,2440,281.6,Sugarcane
37,22,10,7.27,12.06,1.42,0.84,37.17,45.95,1156,9.81,2.21,2226,71.99,Wheat
89,72,32,7.8,18.44,0.33,0.2,34.88,42.79,1528.68,9.63,8.81,461,253.91,Rice
101,53,116,7.73,18.96,0.49,0.4,28.59,88.49,1688.72,5.91,4.12,1810,218.47,Rice
135,33,33,7.64,32.35,0.57,0.95,23.57,61.47,281.96,9.28,4.7,1040,119.38,Barley
99,12,56,5.02,12.07,0.4,0.36,23.63,33.75,2519.46,11.73,6.12,948,80.59,Rice
34,19,98,6.09,33.88,0.73,0.59,23.94,46.59,2842.64,9.01,2.17,481,330.56,Rice
32,74,16,8.44,56.45,0.8,0.26,32.36,62.02,1367.98,6.62,16.22,967,343.26,Rice
138,58,47,8.46,10.58,0.87,1.31,13.79,34.32,1911.23,8.12,11.3,1960,214.01,Wheat
62,67,56,6.91,28.25,0.25,2.48,25.94,71.55,1716.54,6.7,8.74,1967,148.1,Rice
76,86,112,7.34,48.04,0.48,2.46,34.38,61.35,1174.11,8.25,7.29,610,104.4,Wheat
36,87,44,8.31,17.72,1.25,2.72,25.3,72.58,430.81,10.73,1.02,952,124.41,Millet
51,11,87,6.3,13.88,1.25,2.26,10.41,50.5,1656.38,5.07,17.52,1993,304.24,Wheat
74,75,71,5.05,41.54,0.63,0.81,17.34,55.2,883.51,7.3,15.48,616,95.8,Wheat
32,40,82,7.18,10.5,0.8,2.14,30.06,85.69,2026.56,9.07,14.89,305,181.32,Rice
66,77,12,8.34,50.09,0.44,2.29,38.03,42.64,1704.22,7.72,4.31,1025,336.27,Rice
106,46,111,7.29,13.34,1.27,1.68,36.81,32.37,1853.48,10.25,1.99,1744,347.64,Rice
81,82,29,7.71,36.22,1.44,2.44,34.68,88.93,1884.87,5.29,2.23,1532,136.66,Rice
48,33,114,6.19,47.01,0.58,0.31,38.5,30.45,2679.91,11,11.19,1248,194.89,Rice
41,86,106,4.89,22.1,1.22,1.82,18.4,83.29,612.78,11.83,13.09,762,92.12,Barley
84,53,114,5.18,15.18,0.66,1.49,10.37,79.56,2455.85,6.88,19.97,2268,140.73,Potato
48,50,53,8.43,18.78,0.2,2.44,20.63,59.26,2873.23,4.91,10.92,261,71.14,Rice
67,83,41,6.47,52.73,0.98,0.47,27.31,72.32,2219.68,11.9,7.32,2231,258.59,Rice
24,60,109,4.55,45.29,0.73,0.72,19.49,36.3,589.34,6.81,13.92,1747,62.39,Millet
120,51,35,8.32,19.9,1.19,1.72,11.33,75.82,2580.67,7.94,13.23,1896,83.5,Wheat
90,87,57,6.49,45.81,1.17,2.85,25.22,77.03,2417.03,5.94,1.44,1632,225.62,Rice
157,49,14,7.85,45.43,1.43,0.34,15.99,33.08,2615.68,4.44,3.35,789,210.15,Wheat
85,57,68,6.69,59.89,0.77,2.26,31.83,59.83,1561.76,5,14.15,1031,280.92,Rice
91,13,70,4.91,29.58,0.83,0.7,12.68,86.89,2496.69,5.9,2.56,1793,82.94,Maize
44,69,58,6.96,53.24,0.72,0.41,38.74,87.07,631.24,11.9,16.32,1086,197.2,Millet
79,48,39,8.49,32.32,0.59,1.24,36.3,89.07,1814.69,10.37,18.25,787,311.47,Rice
59,14,26,4.64,54.89,1.03,1.79,36.22,69.4,1744.87,7.36,4.8,1929,200.84,Rice
26,15,79,7.87,14.58,1.28,2.5,33.7,38.47,2710.86,6.55,10.6,2207,346.26,Rice
65,23,67,5.44,18.77,0.41,1.94,29.01,54.77,2616.15,5.15,6.98,451,249.8,Rice
105,79,72,6.08,52.5,1.48,1.53,11.6,73.62,2204.91,7.88,10.9,1610,116.03,Wheat
40,87,70,5.99,50.97,1.09,0.93,29.87,47.03,689.57,11.26,12.7,76,106.27,Millet
20,21,72,8.1,25.27,1.21,0.95,32.41,78.61,2458.88,11.95,1.22,1761,199.05,Rice
142,71,24,6.52,39.84,1.5,2.33,13.92,81.68,1919.9,11.21,18.01,2376,196.23,Wheat
144,36,10,6.29,29.13,0.86,0.43,28.47,75.81,2486.47,4.53,8.02,1966,300.77,Rice
52,63,22,7.77,10.52,0.29,0.52,24.37,50.53,2827.4,5.26,4.64,210,76.04,Rice
23,21,57,4.7,11.31,1.23,2.19,24.17,74.49,1460.25,5.13,1.61,1757,238.09,Millet
22,17,43,4.85,12.71,1.33,2.89,15.98,34.34,2284.62,5.29,19.86,2243,345.4,Potato
110,83,39,4.59,39.7,0.41,0.45,32.18,50.11,2924.27,4.99,15.43,955,191.1,Rice
71,25,28,7.25,23.96,0.23,1.87,37.75,75.94,798.22,4.77,9.66,1688,266.01,Millet
47,61,73,6.6,17.2,0.38,0.79,33.63,77.69,2571.6,6.8,17.45,786,344.5,Rice
89,35,75,8,57.06,0.62,0.17,21.07,49.13,597.41,5.26,9.67,1122,262.57,Maize
76,17,66,6.49,16.07,1.4,2.51,39.53,87.62,247.97,5.16,14.07,2066,159.07,Millet
127,54,53,5.39,43.7,0.2,1.57,20.93,46.4,2571.68,8.2,19.19,162,266.97,Rice
43,28,21,7.72,54.71,1.24,0.17,17.03,69.6,2887.65,5.63,14.42,2199,71.36,Wheat
96,26,49,5.68,18.19,1.31,2.7,39.04,82.74,290.19,4.05,5.56,2392,162.37,Millet
95,74,117,8.24,20.74,1.25,1.65,33.69,63.08,2564.38,9.57,18.73,1868,244.98,Rice
88,38,33,5.5,38.69,0.31,2.24,32.84,54.75,2158.3,6.63,1.42,956,255.06,Rice
120,23,20,5.17,35.42,1.08,1.33,12.32,42.68,2159.41,9.9,18.49,1154,79.65,Sugarcane
111,26,75,6.47,36.05,1.44,0.64,15.76,41.79,1486.94,11.14,19.28,773,157.16,Wheat
111,22,10,4.7,37.73,0.36,1.45,10.56,39.54,1367.88,11.4,2.74,831,113.15,Sugarcane
49,72,67,4.65,57.5,0.24,0.93,33.3,56.58,1244.45,5.42,2.06,800,62.99,Barley
37,42,37,6.48,12.69,1.34,0.96,18.35,62.88,1269.15,9.38,16.93,2473,88.35,Wheat
63,38,77,5.36,48.02,1.04,1.97,13.97,80.34,2824.04,4.6,1.48,2371,156.67,Wheat
118,46,114,4.54,21.63,1.04,0.37,15.46,43.04,2484.18,7.71,16.29,1310,164.77,Sugarcane
140,55,103,5.68,28.68,1.45,1.25,29.23,75.31,1078.41,7.41,7.71,650,285.48,Sugarcane
134,33,68,6.41,14.46,1.2,1.69,22.99,71.65,2273.58,5.63,1.42,1246,77.62,Rice
79,23,80,6.08,32.28,0.72,2.16,38.24,68.07,2038.15,10.2,13.21,558,151.62,Rice
75,14,31,5.04,50.21,0.77,1.94,20.98,50.36,2568.76,11.31,6.31,1469,328.9,Rice
50,62,99,6.82,14.94,0.39,2.67,35.02,49.08,457.36,6.06,3.87,2356,95.46,Millet
120,39,38,7.34,23.78,0.6,2.98,26.39,75.54,2160.39,5.99,11.39,365,57.26,Rice
78,69,98,7.2,28.65,0.78,2.82,31.16,46.47,885.82,5.57,1.54,2160,97.13,Barley
143,82,83,6.08,15.19,0.54,2.32,15.06,49.78,876.47,9.5,8.47,219,338.9,Wheat
149,37,93,5.05,48.12,1.39,2.09,32.47,87.91,2176.06,4.45,12.73,1606,202.93,Rice
116,35,87,6.5,49.35,0.22,0.2,12.57,89.91,2705.84,4.51,14.79,997,242.42,Wheat
126,27,106,8.06,51.79,0.96,1.65,30.73,30.1,1644.89,5.39,10.82,1155,79.67,Rice
37,45,78,6.37,39.19,1.2,2.02,23.97,71.21,1503.49,8.37,2.17,149,176.54,Rice
90,17,54,5.28,35.36,1.15,1.3,16.86,62.13,2482.3,6.02,15.51,251,204.04,Millet
125,27,79,4.87,23.13,1.04,1.22,24.41,57.61,271.26,11.9,8.36,1227,195.65,Barley
73,67,95,8.28,42.76,0.73,1.67,35.67,46.54,2179.78,7.16,4.43,1169,308.06,Rice
113,41,26,7.47,32.23,1.39,2.73,14.64,60.43,357.15,7.76,6.03,1227,110.89,Wheat
95,58,88,5.75,58.54,0.63,0.86,15.09,57.39,884.37,4.52,13.68,802,168.31,Wheat
54,57,48,5.68,58.41,1.18,1.26,26.02,54.08,2067.79,9.64,4.76,798,240,Rice
30,80,49,8.08,55.26,1.4,1.99,28.76,80.99,1264.55,10.31,2.67,1627,288.16,Maize
80,74,37,5.21,28,0.37,0.64,22.61,46.24,1026.63,6.67,12.8,1332,200.47,Potato
63,42,11,6.64,28.4,1.43,2.52,17.99,65.85,1612.07,9.81,13.27,1124,259.67,Wheat
140,59,91,7.35,52.63,1.21,2.03,12.02,81.85,2579.63,5.82,9.46,463,65.43,Wheat
87,13,36,6.09,46.46,1,1.12,11.49,88.74,1392.8,10.38,10.6,514,114.75,Wheat
44,45,30,4.66,45.22,0.69,2.19,11.22,66.17,1692.07,8.34,16.8,1379,55.24,Cotton
103,37,96,5.41,23.98,1.38,0.91,37.04,61.2,642.32,7.18,7.43,42,254.33,Millet
133,12,16,8.11,51.67,0.26,2.35,13.94,80.43,1445,9.76,17.41,1270,65.39,Wheat
151,15,70,6.59,38.97,0.76,0.3,18.85,41.31,246.31,8.92,17.6,2042,164.88,Wheat
20,54,61,7.76,32.34,1.18,1.34,39.58,67.8,2546.78,8.26,10.73,2122,86.13,Rice
150,32,57,6.72,53.27,1.25,0.86,37.82,33.85,779.14,5.69,1.32,2252,55.06,Millet
105,16,28,8.27,29.71,0.46,2.47,11.29,69.6,2775.69,10.8,18.53,760,280.63,Wheat
81,70,82,8.14,42.7,0.26,2.28,26.54,77.75,1201.55,7.45,3.66,1304,279.52,Millet
83,74,21,6.43,33.3,1.24,2.54,29,33.78,2540.45,7.56,11.02,993,53.48,Rice
145,15,119,5.77,39.64,0.75,1.99,11.62,80.91,1290.93,5.61,13.77,774,106,Sugarcane
124,33,103,6.91,12.03,0.39,2.41,31.84,37.4,627.65,11.45,2.81,1626,189.73,Millet
81,46,80,7.2,33.06,0.31,1.37,39.64,40.55,1610.43,8.44,15.25,830,348.24,Rice
54,54,11,6.49,37.82,1.03,2.07,22.88,80.18,929.65,7.7,12.65,474,84.76,Potato
32,60,26,7.79,34.64,0.96,0.19,23.48,37.48,1104.4,11.82,13.79,160,96.73,Sugarcane
62,54,84,5.23,52.37,1.31,2.65,29.78,70.43,1085.16,6.93,3.92,978,329.29,Cotton
149,72,85,5.84,25.56,0.24,2.09,32.1,47.69,1168.35,4.25,6.17,1484,132.22,Sugarcane
130,38,12,7.25,54.2,1.33,2.61,33.69,44.9,1594.74,5.83,6.75,1773,283.76,Rice
147,34,30,5.49,30.17,1.35,2.34,12.33,69.01,557.53,9.97,3.86,687,73.46,Tomato
70,19,87,6.26,44.73,0.78,0.93,34.02,36.41,921.38,5.25,11.75,1968,257.24,Millet
154,44,88,8.35,14.34,0.3,0.89,35.92,64.48,1970.49,5.25,2.46,1466,208.1,Rice
64,64,60,7,20.01,1.43,2.42,11.36,85.47,2315.97,7.65,5.88,219,160.2,Wheat
61,34,115,8.3,48.06,0.29,0.64,11.17,81.08,882.67,7.62,15.46,1330,263.62,Wheat
154,54,114,7.39,10.62,0.97,0.42,26.53,81.07,933.63,7.68,5.5,2258,261.25,Millet
34,21,19,7.4,58.43,0.84,0.14,24.9,48.18,1538.49,5.75,4.7,2117,191.25,Rice
79,13,64,6.87,19.53,1.29,0.97,39.4,72.08,2947.07,5.35,3.69,426,326.37,Rice
59,76,45,5.07,55.07,0.85,0.39,18.83,76.81,1740.55,10.15,12.72,1470,201.66,Tomato
131,26,60,6.58,35.8,0.81,2.42,27.71,84.08,2477.79,8.83,9.63,34,249.43,Rice
96,82,83,5.51,38.23,1.34,1.51,25.2,45.85,2772.3,6.57,5.18,2122,282.44,Rice
124,74,26,8.49,14.21,1.45,0.83,26.07,75.65,1983.27,5.58,4.87,2222,228.02,Rice
126,62,117,5.57,28.26,0.91,1.85,29.79,43.94,1653.63,11.02,19.79,237,112.43,Rice
141,66,98,5.42,17.81,0.79,0.3,26.13,31.67,2340.74,5.09,2.27,2129,82.67,Rice
99,37,70,7,36.3,1.28,2.21,10.21,58.91,1092.86,8.67,15.13,665,89.07,Wheat
144,25,100,6.54,37.54,1.28,1.55,35.31,75.95,2923.31,8.88,18.39,88,115.77,Rice
153,30,106,4.59,45.48,0.62,0.12,16.03,42.86,1531.05,10.85,9.46,1960,143.86,Sugarcane
51,86,84,5.02,53.91,0.95,1.03,16.93,32.92,2799.22,4.45,10.15,1222,302.76,Pulses
127,51,22,7.74,33.41,0.4,2.28,29.44,52.43,2327.41,6.46,17.21,850,157.12,Rice
133,63,74,6.43,21.67,1.03,0.65,24.33,42.17,792.23,11.73,1.27,308,88.9,Wheat
87,41,104,5.08,26.68,1.28,2.89,27.23,52.93,817.95,8.55,4.61,1728,109.1,Millet
146,47,106,6.36,52.35,0.44,2.7,24.92,85.25,1179.52,7.34,14.56,2186,225.59,Sugarcane
154,79,94,5.51,17.29,0.62,2.36,22.54,74.63,1241.72,6.53,10.77,2401,153.23,Sugarcane
133,47,89,5.39,41.36,0.78,0.33,24.5,52.38,241.99,5.19,19.38,2376,165.59,Wheat
27,63,112,8.33,10.65,1.3,1.13,14.23,49.5,2596.22,5.5,5.02,2140,157.18,Wheat
83,69,96,5.95,22.28,1.15,0.96,39.08,85.27,873.26,10.23,17.85,1949,193.95,Sugarcane
154,86,83,4.69,39.57,0.61,0.5,27.24,83.33,2509.35,5.95,20,587,215.51,Rice
60,86,57,8.38,32.82,0.52,3,18.6,66.25,1552.05,5.76,1.02,2496,220.85,Wheat
59,56,106,7.68,34.68,1.1,0.53,31.39,51.46,1857.69,6.55,6.48,2446,222.85,Rice
22,21,95,5.52,43.03,0.82,1.01,36.4,77.54,1702.06,10.05,19.64,196,87.02,Rice
129,62,114,6.14,21.73,0.97,2.65,18.89,69.82,2845.11,7.36,18.07,1152,289.53,Wheat
133,42,79,7.95,24.04,1.04,0.52,19.74,63.88,1370.33,4.23,2.83,436,76.22,Wheat
131,37,56,5.93,44.22,0.93,1.46,23.16,74.31,1288.54,8.1,5.88,566,139.49,Sugarcane
23,12,109,6.77,36.91,1,2.93,16.52,38.07,1921.71,6.22,12.92,626,339.44,Wheat
153,35,19,6.64,10.73,1.35,0.82,34.29,85.81,1269.18,7.67,5.71,917,346.89,Sugarcane
45,63,66,6.11,43.52,1.33,2.14,27.53,88.38,1900.85,11.07,8.44,1647,190.29,Rice
158,49,89,7.06,41,0.39,0.33,11.71,51.27,1802.65,5.57,5.82,856,227.97,Wheat
36,75,22,6.39,13.93,0.96,1.84,39.9,86.81,2370.12,6.71,6.68,2050,347.49,Rice
111,77,70,4.58,47.38,0.77,1.08,27.25,77.75,2971.85,11.56,7.48,901,201.23,Rice
50,56,67,7.76,36.11,0.57,2.13,36.7,86.46,2936.49,10.19,10.98,47,233.8,Rice
126,11,93,4.95,20.24,1.02,1.36,25.05,85.05,546.55,6.19,15.82,395,135.09,Millet
130,51,77,6.36,37.97,0.86,0.97,27.47,42.05,1465.93,4.85,11.46,2371,203.59,Sugarcane
120,43,93,6.82,39.77,1.21,1.68,23.63,45.6,1382.6,11.47,5.67,1832,69.77,Sugarcane
131,30,95,7.32,56.01,0.32,0.51,22.68,45.64,733.88,5.16,13.46,1562,303.45,Maize
81,53,38,6.14,47.11,0.59,2.46,16.55,35.66,2282.46,6.92,16.81,1963,243.77,Wheat
131,11,25,7.44,25.1,0.23,2.28,38.86,53.86,2911.93,6.65,13.34,2159,55.08,Rice
135,68,116,5.03,15.91,1.17,1.68,15.45,51.76,627.36,4.93,16.2,2068,52.68,Wheat
54,25,72,7.11,52.66,1.39,1.16,25.79,50.64,962.29,4.81,9.54,1272,292.4,Tomato
47,29,56,7.81,52.3,0.96,2.75,12.61,50.94,2594.06,6.26,18.56,769,328.14,Wheat
122,35,52,8.06,18.77,1,1.94,39.8,33.72,1054.73,6.95,12.67,919,163.4,Sugarcane
144,25,32,6.82,13.11,0.26,0.93,26.67,41.16,1435.53,11.75,14.51,2223,91.26,Sugarcane
121,79,39,5.75,45.59,0.85,2.44,34.44,47.75,2273,8.29,3.1,1283,308.8,Rice
156,32,66,5.15,46.13,0.88,1.94,26.89,83.34,552.83,11.27,12.95,2056,207.27,Millet
40,51,39,5.88,18.86,0.25,0.47,34.15,85.59,1675.99,5.03,1.55,2149,103,Rice
71,46,116,6.66,43.41,1.22,0.43,26.03,47.11,507.07,5.91,4.11,2401,345.93,Millet
116,81,76,5.29,23.95,0.56,2.82,23.35,71.65,1055.01,5.3,14.27,1020,146.43,Sugarcane
70,15,65,8.31,23.03,1.14,0.93,23.68,81.04,863.37,7,13.84,177,225.73,Tomato
102,46,33,8.09,26.23,0.72,2.02,10.07,60.37,2244.65,11.34,10.43,2004,78.72,Wheat
74,31,110,4.63,36.02,1.49,0.21,21.12,75.33,621.87,6.35,13.5,2349,173.37,Tomato
96,15,86,6.75,50.22,0.48,1.71,38.56,88.55,2053.41,8.76,16.57,1992,230.38,Rice
146,41,115,7.66,34.93,0.28,0.77,30.27,39.73,1811.7,11.32,16.85,898,343.88,Rice
112,26,105,5.48,24.9,1.47,0.5,37.58,34.23,2092.25,8.02,17.9,541,178.23,Rice
107,47,110,6.6,54.2,0.52,2.34,16.01,68.4,2654.42,8.22,17.91,703,96.47,Wheat
99,26,85,6.12,12.75,1.03,2.45,24.73,60.51,1695.54,8.42,11.74,1851,214.66,Rice
111,46,17,5.29,49.85,0.69,2.17,11.03,47.8,2217.7,6.24,7.71,1975,154.81,Sugarcane
66,32,97,6.96,49.22,1.03,0.13,30.31,85,2452.74,7.35,1.01,66,235.99,Rice
57,58,53,8.47,22.68,0.97,0.93,33.52,80.75,2147.76,10.78,18.69,1495,285,Rice
158,70,89,5.96,19.91,1.12,1.15,32.43,45.86,1093.38,7.2,4.75,1835,52.4,Sugarcane
34,58,105,6.71,53.74,0.22,2.1,12.6,76.45,2892.1,7.35,16.83,149,155.12,Wheat
20,70,43,5.81,37.94,1.29,2.29,17.43,79.7,370.08,4.93,5.76,764,158.52,Potato
154,86,44,8.01,12.3,0.82,1.92,29.67,49.52,1242.46,7.71,7.11,469,203.36,Sugarcane
20,41,105,7.96,54.54,0.87,2.39,32.77,35.95,2499.67,4.67,4.92,269,270.29,Rice
68,72,59,5.22,27.45,0.73,1.34,18.23,81.03,1179.74,6.14,15.74,636,212.41,Millet
115,16,26,8.1,27.11,1.49,1.67,22.19,35.81,1728.59,11.84,9.27,1409,214.73,Rice
45,31,11,5.11,42.16,1.24,0.29,20.54,58.72,576.58,11.24,19.28,1662,224.41,Maize
106,15,99,4.88,43.07,0.6,1.34,10.14,41.66,2599.22,8.97,16.38,622,230.15,Sugarcane
112,70,63,7.11,27.67,1.22,1.35,27.3,85.65,2807.25,9.7,11.76,2470,66.4,Rice
121,23,53,6.04,17.16,0.77,1.87,30.07,36.43,2955.26,5.9,15.88,836,265.2,Rice
90,25,90,6.62,37.61,1.33,1.2,18.29,37.01,415.87,5.15,17.01,1297,91.25,Wheat
159,12,111,7.11,41.26,0.24,0.79,30.63,72.1,757.66,8.41,18.43,1240,92.34,Millet
114,18,58,4.71,53.01,0.66,0.79,17.28,42.33,1585.98,11.18,2.52,1793,271.86,Sugarcane
137,56,11,5.67,34.22,0.76,0.49,31.47,37.94,963.32,10.66,16.22,1995,236.3,Potato
138,51,81,6.34,42.28,1.17,2.13,23.72,40.09,1999.35,8.71,4.49,927,85.07,Rice
70,51,119,5.57,12.72,0.44,1.91,36.16,65.75,2567.22,11.88,18.41,832,320.04,Rice
100,32,79,4.7,54.73,0.57,1.78,26.34,43.36,555.8,5.98,4.57,586,290.52,Millet
55,12,18,4.85,26.36,1.14,1.64,15.54,52.63,208.93,10.13,4.27,1211,211.44,Cotton
86,10,10,7.71,41.61,0.3,1.17,34.66,80.98,2982.45,6.27,10.38,2036,203.86,Rice
148,76,78,8.15,55.8,0.46,2.33,33.33,40.54,1461.22,11.8,17.29,300,252.27,Sugarcane
133,80,112,5.11,50.53,1.18,2.77,12.53,79.58,391.67,6.12,2.67,704,135.97,Wheat
130,12,18,5.5,41.89,1.34,1.38,11.44,76.52,1847.8,6.92,2.14,2360,258.17,Sugarcane
119,58,23,7.11,45.18,1.15,1.29,14.09,79.87,2308.96,7.81,15.53,1424,295.67,Wheat
128,76,36,8.32,56.05,0.89,0.57,35.36,50.82,2443.48,6.57,16.95,1429,73.57,Rice
139,64,18,5.7,50.6,0.33,2.05,19.61,58.34,1794.01,6.2,9.68,2152,84.94,Sugarcane
98,13,45,7.92,40.49,1.28,1.72,25.14,72.42,2102.64,7.76,13.3,2368,180.95,Rice
153,40,102,6.52,42.94,0.36,2.97,28.09,32.25,1533.53,10.53,3.46,1327,252.45,Rice
38,75,93,8.33,17.36,0.7,1.79,32.3,69.83,1935.32,10.19,12.33,1986,149.46,Rice
146,87,88,5.05,33.51,0.27,0.94,34.9,37.21,2864.45,7.55,1.21,387,174.35,Rice
48,73,109,8.39,25.05,1.12,1.73,25.48,47.28,2965.06,6.5,6.74,1819,180.43,Rice
43,40,12,6.26,31.6,0.85,2.96,22.47,78.59,1957.18,5.05,1.41,384,179.72,Rice
29,72,32,8.31,43.11,1.38,2.2,15.88,68.12,1834.98,10.96,6.16,2237,274.04,Wheat
124,75,119,6.33,17.46,0.38,0.47,28.23,67.31,1167.42,11.09,1.43,1829,156.92,Sugarcane
74,40,82,6.62,10.87,1.26,1.1,26.5,43.61,1107.88,4.53,18.87,93,319.76,Potato
21,56,39,7.72,29.85,0.86,0.97,18.73,70.07,2788.59,9.99,17.78,1842,120.28,Wheat
154,31,28,7.39,26.11,0.68,2.58,23.39,37.9,2062.42,11.07,4.91,2353,329.55,Rice
130,83,111,6.98,31.02,1.04,1.87,32.19,87.89,1484.02,9.89,18.43,454,87.49,Sugarcane
57,55,76,6.17,56.56,1.23,2.45,28.81,45.16,2064.66,6.72,18.02,1878,208.83,Rice
150,67,59,7.67,45.35,0.77,0.61,24.45,79.6,538.56,7.43,5.15,308,115.74,Potato
121,70,57,8.29,26.37,0.5,2.73,18.17,85.21,2841.64,6.4,13.78,1209,299.66,Wheat
114,55,12,4.54,18.96,1.39,0.27,30.04,40.31,1662.51,8.34,4.55,2161,317.24,Rice
111,10,107,6.85,40.92,0.61,1.19,28.83,30.58,1135.43,11.12,13.95,2493,183.42,Sugarcane
90,34,75,7.96,42.88,1.5,0.14,23.75,82.46,237.21,9.37,2.21,144,161,Cotton
43,70,36,7.11,34.18,1.2,0.63,17.16,75.84,2096.07,7.67,17.33,547,65.31,Wheat
87,23,96,7.7,20.64,1.09,2.89,15.25,39.26,2914.8,10.88,16.68,1584,186.92,Wheat
147,54,115,8.08,11.43,0.22,0.33,20.18,79.82,1763.91,4.01,4.27,1878,50.11,Rice
112,86,105,7.5,23.28,0.78,0.52,37.26,78.63,1131.5,6.2,9.36,1210,214.62,Sugarcane
63,48,108,7.37,32.86,0.85,2.78,32.62,57.68,1371.33,7.49,5.83,1995,307.47,Millet
152,75,49,8.36,49.4,0.69,2.16,36.73,86.81,1792.32,8.74,3.34,680,312.87,Rice
74,41,27,7.95,52.69,0.39,1.28,35.28,64.93,2128.52,11.96,1.25,1556,162.39,Rice
48,67,36,7.76,30.65,0.68,0.3,23.77,56.57,713.33,9.12,6.75,2164,221.86,Wheat
56,65,20,4.85,49.81,0.3,2.38,25.91,30.79,2818.33,7.05,18.84,665,148.21,Rice
134,15,48,5.46,59.67,0.58,1.53,15.09,87.17,1360.08,9.8,17.88,571,327.52,Sugarcane
22,76,28,6.73,45.83,0.31,1.04,31.63,37.7,1948.48,11.87,9.25,1521,244.54,Rice
141,59,98,7.34,46.43,1.18,1.15,22.66,47.77,2752,8.89,6.48,40,195.12,Rice
62,47,16,5.71,55.48,1.07,1.57,14.84,73.77,1819.38,6.81,6.85,983,86.4,Pulses
26,12,104,4.87,26.91,1.42,1.7,12.86,30.32,2113.93,9.46,14.42,826,92.12,Barley
144,14,66,5.74,10.56,0.69,2.47,30.88,62.56,1972.93,7.71,6.05,2458,307.24,Rice
68,33,11,7.58,59.35,1.22,2.34,24.47,39.53,894.51,8.29,16.69,1484,83.12,Pulses
140,63,47,8.01,34.52,0.96,2.32,10.27,31.35,2896.26,11.64,7.82,559,90.49,Wheat
92,43,14,8.15,49.28,1.04,2.21,34.74,68.5,1522.76,7.49,2.28,2482,130.46,Rice
60,48,87,6.02,50.62,0.91,2.3,28.58,66.18,475.5,6.51,3.31,696,100.76,Millet
125,57,91,5.99,29.88,1.21,2.07,11.15,74.06,2994.36,9.08,15.65,1572,297.08,Sugarcane
96,58,45,6.13,37.06,0.25,2.62,19.14,67.09,2020.06,8.55,15.64,1831,51.87,Wheat
146,43,77,6,37,0.3,1.72,31.67,56.52,1903.74,7.18,8.55,1969,304.42,Rice
110,89,97,7.16,21.01,0.32,1.61,11.77,58.72,2766.43,6.42,19.91,1673,177.71,Wheat
27,16,86,5.93,15.88,0.58,2.13,32.09,43.21,1717.24,8.2,5.17,1006,265.42,Rice
51,27,94,4.58,37.18,0.97,0.58,25.15,35.02,1209.12,5.31,4.73,774,165.55,Potato
83,79,66,6.26,16.01,1.04,2.35,33.49,81.65,689.27,6.14,11.02,1470,324.91,Millet
157,43,106,5.4,27.3,1.13,2.81,35.66,71.48,2469.63,10.81,11.55,1497,126.53,Rice
32,60,29,4.62,19.3,0.56,0.96,33.03,37.38,1126.82,11.27,8.97,593,116.25,Barley
112,77,14,6.38,45.35,1.05,1.87,12.34,45.85,1645.92,7.15,11.95,1561,286.71,Wheat
80,23,33,5.32,53.6,0.35,0.19,23.81,81.79,1624.87,10.67,17.97,1729,52.75,Rice
27,78,108,6.31,38.9,0.21,2.32,19.56,87.59,2273.11,4.83,9.84,1725,67.46,Wheat
48,17,39,5.61,30.51,1.1,1.72,25.25,77.47,2115.69,5.73,19.93,2096,128.7,Rice
114,24,37,6.91,59.83,1.13,2.05,38.97,64.2,1386.02,8.77,19.02,923,285.66,Sugarcane
60,68,62,8.46,11.06,1.01,0.51,13.73,82.15,1392.91,9.42,14.41,2137,111.79,Wheat
30,20,60,6.69,25.22,0.54,2.45,35.97,67.61,956.93,6.01,14.39,1215,222.6,Potato
21,29,118,7.09,23.93,1.41,0.84,39.73,71.96,1154.57,11.52,14.78,1078,99.83,Barley
150,64,16,8.18,27.81,1.34,2.09,39.7,79.62,2192.11,8.99,17.37,33,329.87,Rice
99,45,51,6,21.53,0.87,1.82,33.9,51.24,1774.54,11.37,16.77,2302,141.47,Rice
106,23,44,5.17,23.21,1.49,2,23.97,77.07,342.94,4.85,14.67,744,78.36,Sugarcane
125,67,103,5.63,22.88,0.59,0.25,15.34,42.42,1622.92,8.67,16.5,1079,100.54,Sugarcane
158,47,43,6.11,35.29,0.84,2.25,28.25,41.66,2874.12,6.73,9.17,1990,213.8,Rice
36,89,112,7.08,29.55,1.41,2.41,28.31,78.68,506.03,10.93,10.46,484,104.99,Millet
42,10,82,4.52,41.96,0.8,1.48,19.49,63.83,493.73,4.11,18,2453,272.75,Cotton
67,74,85,7.91,35.72,0.81,1.29,28.5,54.83,2069.72,10.14,2.74,2018,143.76,Rice
39,10,63,4.8,19.17,0.3,1.09,13.5,61.41,2881.69,5.31,15.74,1514,103.36,Pulses
21,69,38,8.1,50.5,0.47,2.79,29.02,88.68,274.77,11.12,13.76,2400,78.39,Millet
107,34,19,8.3,33.61,0.41,2.29,36.9,83.65,1164.69,7.7,3.82,2399,135.84,Sugarcane
50,19,36,8.46,17.66,0.93,2.13,24.16,60.45,387.6,5.38,8.93,1167,335.09,Wheat
149,59,92,7.74,18.34,0.61,2.78,32.94,62.83,944.29,10.54,14.84,983,65.28,Maize
97,21,22,5.07,49.85,0.3,1.11,29.07,66.85,1752.65,8.03,14.76,1019,336.44,Rice
23,41,51,7.32,45.15,0.86,1.93,10.09,77.45,1437.94,4.49,14.13,701,273.21,Wheat
147,42,46,5.31,35.33,1.07,2.09,13.66,82.43,1217.31,4.26,3.96,1183,225.44,Sugarcane
153,81,70,8.09,25.3,1.16,2.99,33.25,38.79,789.89,6.03,15.77,1014,196.34,Millet
50,35,105,5.77,33.03,1.29,1.34,11.21,67.69,1934.46,9.71,3.51,395,92.67,Potato
157,51,88,5.81,41.82,0.83,1.26,38.69,43.63,1812.12,7.47,19.64,1210,61.18,Rice
40,59,30,8.17,53.96,0.71,0.35,36.82,67.31,2056.63,8.21,3.95,146,237.11,Rice
42,70,12,4.55,37.79,1.09,0.39,20.87,40.28,2420.99,5.09,12.27,559,121.57,Rice
150,50,17,5.28,23.84,0.22,1.58,19.31,78.48,2242.51,9.76,15.73,2193,209.06,Sugarcane
48,66,79,6.19,12.14,1.02,0.6,28.39,69.66,2880.37,6.89,1.14,2412,182.29,Rice
124,11,102,7.3,18.77,0.73,0.31,28.35,81.96,674.37,6.68,14.68,1951,278.03,Millet
71,79,92,7.09,42.51,0.79,2.9,12.67,86.67,2863.94,8.65,5.26,184,130.66,Wheat
134,40,26,7.18,18.02,0.59,2.86,16.46,86.04,682,10.12,4.43,1760,87.73,Wheat
120,32,19,8.02,34.08,0.37,1.04,29.09,38.71,2559.95,4.19,2.41,701,232.51,Rice
103,85,106,4.98,44.95,0.72,2.39,34.02,52.61,2407.64,4.39,4.63,695,301.47,Rice
80,63,22,6.59,25.41,0.6,2.63,15.76,58.99,2064.99,4.77,12.59,1607,325.3,Wheat
144,37,100,7.4,43.46,1.45,1.45,31.06,77.34,2177.49,10.77,19.98,893,327.41,Rice
90,88,115,7.04,39.05,1.43,0.75,36.11,30.89,2136.27,10.84,11.78,1636,60.03,Rice
89,28,21,6.29,31.95,1.04,0.48,13.53,85.53,1683.76,9.11,12.49,1176,106.36,Wheat
158,85,75,4.57,54.86,1.37,0.51,23.17,54.43,291.44,4.37,8.4,2289,274.94,Cotton
127,57,83,4.74,44.6,1.18,2.41,35.52,67.87,1822.77,10.01,1.71,2282,261.21,Rice
40,11,94,4.98,28.03,0.65,1.21,21.12,88.84,1289.56,10.94,14.9,813,224.5,Barley
150,20,32,5.87,50.21,0.99,2.11,18.08,82.96,962.63,11.32,2.49,842,160.44,Barley
101,53,74,4.97,46.91,0.49,1.66,32.37,51.73,1572.35,10.42,14.66,2366,141.82,Rice
107,68,106,6.2,49.58,1.09,1.24,22.02,59.07,2574.71,7.59,16.85,949,77.12,Rice
130,68,61,5.21,42.05,0.26,0.46,31.19,76.2,1819.39,7.67,5.25,1418,225.9,Rice
29,47,70,7.62,28.97,1.28,1.07,13.79,74.61,2901.33,7.98,15.74,688,113.84,Wheat
31,34,35,7.99,27.43,0.96,2.54,26.61,72.29,1377.6,7.79,18.33,2196,316.88,Sugarcane
26,30,24,6.06,42.71,0.28,2.45,21.38,30.64,671.19,8.11,11.59,1330,117.22,Cotton
133,51,31,6.55,16.55,1.33,0.18,39.92,41.94,1081.04,4.65,9.12,1337,280.58,Sugarcane
45,45,98,8.31,51,1.34,0.51,27.74,43.3,605.07,10.52,11.48,1165,154.5,Millet
34,18,74,6.64,28.52,1.31,2.29,30.46,45.04,2117.66,4.02,16.3,2188,295.68,Rice
52,21,35,8.48,41.52,1.21,1.07,13.93,35.77,646.65,4.25,12.71,2337,271.62,Wheat
81,19,30,5.07,34.95,1.08,1.97,39.76,78.4,1651.1,4.21,11.72,96,56.98,Rice
66,68,114,7.95,35.97,0.72,1.73,11.54,50.48,2785.57,11.2,8.71,1936,244.94,Wheat
114,14,33,6.49,46.9,0.38,1.99,12.13,76.54,1414.81,11.96,1.49,327,218.31,Wheat
54,42,112,4.59,41.33,0.58,0.26,12.27,85.89,1327.62,6.38,3.79,345,296.59,Barley
95,78,25,8.39,22.52,0.65,2.8,36.12,48.78,768.77,5,10.73,68,119.95,Millet
142,89,41,8.36,13.71,0.67,0.16,31.86,57.23,2310.61,4.15,13.27,2068,268.94,Rice
102,72,25,6.03,52.01,0.94,0.12,39.19,35.25,1051.9,11.21,4.41,1041,315.95,Sugarcane
44,38,86,8.32,54.24,0.47,0.76,12,47.69,2973.13,6.86,13.9,953,284.84,Wheat
76,27,51,5.06,18.22,0.45,2.98,30.75,62.77,666.93,7.94,10.95,707,326.36,Millet
51,15,41,7.22,25.47,1.13,0.31,26,40.81,206.28,7,13.73,936,142,Millet
82,62,59,5.27,24.12,0.21,2.64,29.17,62.22,1710.37,11.26,11.02,1012,176.16,Rice
31,41,50,5.49,56.87,0.39,0.56,25.39,48.77,392.2,10.66,9.13,1930,167.63,Millet
82,51,117,7.62,20.24,0.77,0.42,30.26,89.4,1235.05,11.17,6.97,2027,151.58,Sugarcane
96,56,33,6.01,18.33,0.39,2.36,37.21,52.54,1464.61,7.44,4.16,1266,95.23,Wheat
111,40,22,4.53,19.09,1.45,2.56,27.62,32.34,895.31,5.73,2.64,1497,55.19,Barley
20,71,84,6.16,46.49,1.07,2.4,36.89,58.38,2938.75,8.82,17.27,2336,128.92,Rice
89,65,88,5.41,54.4,0.76,0.8,33.46,50.04,1165.52,5.69,11.32,607,347.9,Wheat
155,20,19,7.23,29.67,0.35,2.65,35.95,52.2,605.17,6.6,19.77,1480,138.21,Millet
152,35,51,5.28,16.8,0.7,0.31,29.78,52.23,304.49,11.56,17.03,113,291.16,Millet
105,36,50,7.87,39.29,1.05,1.09,25.56,82.87,1066.38,10.97,3.22,1918,94.76,Sugarcane
58,66,12,5.57,20.5,1.46,1.44,12.09,59.9,2498.98,7.5,17.55,2314,217.31,Potato
42,36,64,6.07,13.21,0.81,0.3,35.05,45.17,888.61,6.57,15.75,320,84.88,Wheat
87,68,25,5.69,54.31,1.1,1.78,17.26,77.55,1876.39,8.63,19.77,1537,249.68,Barley
23,71,53,7.08,53.54,0.45,1.72,11.1,56.61,2969.52,10.1,17.88,1179,83.42,Wheat
145,29,90,4.9,58.8,1.01,2.98,25.57,38.72,1162.05,5.55,7.79,1775,138.33,Sugarcane
40,12,98,6.41,33.7,0.51,1.9,28.98,89.91,1924.77,11.26,13.2,2005,89.48,Rice
124,25,39,5.84,24.7,0.46,1.25,29.85,31.64,1878.68,5.5,13.11,1625,157.1,Rice
85,53,108,8.04,48.49,0.86,2.39,30.09,72.55,1864.03,8.88,18.88,318,144.56,Rice
26,88,46,4.79,19.02,0.48,1.07,29.61,80.85,2869.49,8.4,4.29,1813,131.45,Rice
68,39,69,7.82,22.16,1.14,1.65,34.25,51.23,2400.6,6.63,9.38,633,94.58,Rice
35,49,86,5.17,22.78,1.42,0.26,33.08,39.44,224.7,8.49,12.04,1587,206.04,Millet
103,74,33,4.85,57.58,0.71,1.04,34.39,56.19,278.13,11.04,1.11,1997,110.44,Millet
106,38,111,5.31,46.49,0.62,1.63,23.81,58.95,312.11,6.64,3.78,756,300.59,Potato
117,39,35,4.91,16.68,0.43,2.14,11.88,89.98,1220.88,11.08,13.3,550,247.19,Sugarcane
94,41,67,6.58,14.64,0.71,0.39,29.19,31.17,1430.97,4.5,9.97,2033,306.77,Maize
53,19,18,8.45,52.14,0.93,2.41,16.31,69.35,2460.18,8.27,5.91,1645,308.2,Wheat
45,60,70,4.64,50.11,0.68,2.71,35.79,78.27,1981.62,6.34,4.6,442,150.29,Rice
85,17,28,6.34,43.55,1.01,0.92,31.65,67.07,2999.93,11.44,15.35,306,72.33,Rice
144,60,37,6.04,19.81,1.06,2.32,32.98,67.8,2423.31,4.38,10.44,1595,126.28,Rice
82,45,16,5.86,34.01,0.33,0.62,18.59,82.52,2645.77,4.15,6.48,1926,182.19,Millet
106,64,54,5.83,40.14,1.11,1.62,28.99,63.91,709.55,10.48,7.5,2199,332.58,Millet
60,44,95,8.08,56.61,1.37,2.41,25.84,82.9,1996,9.92,15.49,373,185.88,Rice
117,45,103,4.58,18.47,0.23,1.22,18.05,42.61,617.24,5.24,8.12,883,334.13,Cotton
143,65,72,7.6,35.77,0.92,0.18,34.37,60.97,2089.92,11.54,8.46,795,282.02,Rice
98,45,46,5.51,17.89,0.99,1.67,26.5,32.02,2467.04,10.99,10.8,382,191.2,Rice
29,70,25,6.03,32.19,1.12,2.55,15.72,78.21,1040.76,5.94,2.14,349,310.27,Wheat
34,71,109,6.18,20.01,0.7,0.41,19.16,76.64,668.2,9.48,14.69,945,321.15,Wheat
61,34,14,5.72,51.81,1.26,0.19,16.81,62.34,864.75,7.43,2.71,1339,180.5,Wheat
112,73,38,4.87,22.74,0.9,2.45,19.37,53.75,2470.63,8.49,17.84,1619,294.1,Sugarcane
36,69,61,4.96,30.86,0.73,0.87,15.65,52.21,1731.77,10.33,11.29,2464,310.06,Wheat
28,66,32,5.69,30.39,1.14,1.16,21.13,42.07,1702.1,9.05,18.89,405,179.13,Rice
133,79,15,7.79,53.31,1.41,0.35,30.82,55.67,1814.93,4.75,8.65,468,191.82,Rice
55,61,45,5.04,47.89,1.26,0.38,38.78,48.23,1578.47,8.85,19.68,1475,129.99,Rice
55,65,66,7.47,12.88,1.41,1.88,16.32,64.66,2617.51,5.48,12.59,111,185.54,Wheat
67,72,42,5.66,13.35,0.55,1.7,18.99,77.19,1620.85,7.57,3.34,839,196.62,Rice
70,77,58,8.03,37.56,0.35,0.95,10.06,71.65,1868.69,7.14,11.69,1488,243.11,Wheat
116,29,50,6.21,31.39,0.89,1.41,16.76,60.84,2943.43,4.67,1.99,1088,227.49,Wheat
138,63,89,5.19,23.78,0.26,1.23,22.55,86.92,1474.9,4.79,9.36,336,318.57,Sugarcane
114,10,64,8.44,49.63,1.08,2.12,23.85,41.84,723.99,10.3,13.79,341,244.55,Rice
89,19,107,5.21,16.43,0.51,2.6,17.99,68.4,1776.32,8.61,3.56,1548,91.26,Potato
93,32,116,6.77,58.7,0.79,2.32,14.51,35.28,2172.94,11.79,4.12,1869,121.62,Wheat
99,60,35,6.78,11.21,1.05,0.11,26.89,70.38,550.47,11.61,15.48,1369,324.86,Millet
87,33,46,5.99,15.91,0.83,0.39,22.28,73.52,653.55,5.53,6.17,2265,68.36,Cotton
96,22,86,8.31,25.57,0.51,1.35,22.79,76.96,268.23,10.84,17.23,1197,259.33,Cotton
135,38,26,7.88,35.46,1.34,2.57,36.85,69.83,2284.26,6.61,12.67,2321,75.06,Rice
25,67,105,7.82,20.81,1.19,0.79,26.84,37.36,766,5.38,11.39,832,116.21,Millet
94,52,41,8.4,46.81,0.98,2.65,21.65,32.66,2723.04,7.61,8.5,2433,291.91,Rice
107,19,37,6.33,27.88,1.11,0.42,17.61,72.86,1643.23,6.28,19.22,2404,157.71,Wheat
22,40,102,4.89,11.93,0.74,0.31,22.86,77.89,2874.67,8.07,12.86,1649,193.93,Rice
71,83,34,7.56,53.89,0.69,2.75,35.86,31.96,1272.56,9.18,2.49,1215,284.89,Sugarcane
93,23,56,6.02,57.19,0.41,0.57,38.95,39,2876.29,6.43,8.76,2384,224.69,Rice
144,43,31,5.26,40.93,1.24,1.44,21.32,77.42,2937.35,8.35,3.33,1748,132.8,Rice
84,26,100,6.43,50.33,0.7,1.05,16.27,88.07,564.1,9.01,14.96,28,335.18,Wheat
71,30,70,8.2,16.06,1.1,0.53,37.44,61.23,549.84,8.93,5.75,531,181.95,Millet
95,76,53,5.19,23.44,0.59,1.93,14.33,39.2,1385.83,11.4,1.31,1886,84.61,Potato
108,67,111,7.89,26.26,1.23,2.89,18.92,49.28,1358.9,9.19,19.89,1145,69.65,Wheat
91,88,29,6.17,58.04,0.34,2.01,16.12,76.89,2019.77,6.66,9.97,1222,294.62,Wheat
87,17,118,5.05,35.61,1.01,1.13,26.97,62.59,515.43,4.76,1.66,143,200.91,Millet
157,47,59,7.89,10.37,1.25,2.16,22.26,33.47,2317.72,7.89,9.64,2136,208.62,Rice
134,35,97,8.38,29.01,1.06,0.52,18.61,48.51,829.83,8.61,6.19,2465,137.42,Wheat
76,73,56,5.67,10.39,1.1,1.78,33.04,75.17,621.73,8.45,14.8,547,298.03,Millet
85,39,56,5.71,21.89,0.88,1.46,29.92,49.55,2424.67,8.4,1.15,215,303.16,Rice
109,18,81,6.06,32.74,0.93,1.14,39.87,55.94,424.82,7,3.6,2314,212.98,Millet
69,41,60,7.76,26.17,0.29,2.24,19.36,84.3,2192.46,11.66,7.72,1537,291.78,Wheat
33,20,64,4.54,11.64,0.53,0.44,35.36,89.08,511.21,8.9,8.54,1251,282.45,Millet
35,43,87,5.4,15.82,1.14,1.65,19.08,75.43,2272.17,5.78,10.27,2271,127.32,Sugarcane
61,27,48,7.32,37.54,1.43,2.58,10.27,44.41,2413.51,4.05,7.71,1198,319.33,Wheat
129,28,23,6.12,44.78,0.9,0.68,14.53,44.59,1837.06,8.56,8.58,1359,110.89,Wheat
41,63,78,5.82,30.23,1.14,0.87,25.25,48.26,1185.06,9.97,10.21,2234,236.41,Barley
87,46,56,7.99,46.57,1.09,2.02,34.3,39.63,861.43,4.88,18.71,941,328.45,Rice
38,21,30,8.17,18.17,1.5,2.34,11.72,40.73,2464.96,7.73,11.01,507,127.4,Wheat
85,13,24,8.29,16.1,1.23,0.92,34.96,45.36,499.03,11.78,9.18,2305,208.8,Millet
92,52,109,5.59,51.97,1.02,1.14,31.48,69.59,2928.51,7.95,1.91,1038,272.17,Rice
73,36,106,8.15,26.96,0.35,2.25,11.04,66.75,2381.53,10.83,3.84,1902,301.17,Wheat
131,60,90,7.45,31.61,0.67,0.93,13.19,50.45,2133.06,5.13,15.39,1985,78.3,Wheat
37,14,93,5.12,57.38,0.53,2.03,12.27,41.8,2968.16,7.62,19.21,2005,53.4,Wheat
136,15,10,6.94,31.21,1.31,0.56,30.37,67.44,2128.44,6.83,8.29,349,330.86,Rice
104,86,89,4.61,10.17,0.78,1.29,26.83,37.85,491.1,4.23,19.28,789,206.79,Millet
158,65,118,7.33,56.9,0.9,2.1,20.77,38.77,1103.28,8.17,7.24,1515,261.47,Sugarcane
58,77,91,7.43,10.71,1.45,1.43,12.65,53,1839.19,7.19,19.09,1932,142.67,Wheat
124,53,19,7.66,43.11,1.29,0.16,21.79,64.04,1811.15,8.89,12.58,420,138.69,Rice
87,24,32,5.19,26.14,1.23,1.28,30.47,73.7,228.16,8.37,1.55,2072,239.72,Millet
44,51,27,7.01,33.52,0.38,0.94,12.8,71.22,927.94,7.63,2.49,424,111.76,Wheat
142,20,67,5.22,37.36,0.23,0.39,35.7,52.71,2261.62,4.81,19.62,1343,263.97,Rice
140,82,82,8.29,30.42,0.36,0.13,11.89,69.28,2046.88,7.54,6.8,761,113.89,Wheat
80,20,119,7.2,48.72,1.16,0.23,28.25,42.68,2713.09,11.77,1.27,270,56.47,Rice
119,75,103,4.88,56.54,0.73,2.85,15.67,59.62,2888.57,6.19,2.49,1773,315.86,Sugarcane
70,36,86,5.25,14.32,0.35,2.27,12.75,66.92,2634.67,7.08,11.07,360,250.4,Tomato
117,67,61,7.15,50.01,1.16,2.83,20.65,74.66,1748.78,10.73,5.34,640,283.87,Rice
156,81,104,6.41,16.43,0.45,0.43,30.01,34.78,1720.31,8.16,15.33,2181,234.55,Rice
21,30,55,7.45,14.01,0.97,1.75,13.63,36.07,1234.59,4.02,17.8,905,272.38,Wheat
24,30,116,5.62,57.79,1.16,0.34,24.27,34.43,2716.62,8.32,7.89,1224,100.64,Rice
105,81,22,7.13,34.46,0.99,0.18,22.18,62.79,2525.81,10.98,14.22,1078,62.87,Rice
152,10,105,5.21,17.63,1.49,1.45,22.82,64.2,2381.21,9.52,14.77,2349,301.43,Rice
87,67,26,6.67,38.5,0.76,1.97,38.3,30.66,2379.57,10.06,9.99,1630,262.04,Rice
28,22,76,8.33,23.16,0.61,0.28,20.47,69.4,2576.79,4.31,5.93,1122,241.4,Rice
112,82,70,7.01,33.22,0.46,1.16,39.75,75.8,2772.91,5.43,15.4,2329,152.43,Rice
157,15,74,4.7,41.23,0.85,0.36,26.15,37,2498.91,8.68,1.97,934,322.34,Rice
144,67,62,8.46,53.46,1.31,1.15,35.27,50.24,2482.12,5.22,2.57,2170,92.92,Rice
80,26,14,5.13,10.15,1.43,1.47,20.47,81,2048.88,10.03,3.22,426,270.07,Rice
70,82,41,7.37,20.71,1.46,1.08,12.54,71.23,1482.7,5.82,7.04,496,196.99,Wheat
29,21,98,6.63,14.81,0.89,1.77,12.53,48.28,1742.49,6.54,6.67,385,342.33,Wheat
153,61,54,5.68,14.85,0.99,1.8,27.22,74.53,1698.88,4.33,7.04,2329,190.89,Rice
81,85,65,5.21,57.29,0.96,1.07,37.9,83.24,2507.77,7.41,2.85,1321,112.31,Rice
132,79,14,5.21,56.8,0.81,1.23,12.14,48.56,944.73,6.05,9,348,223.91,Barley
152,82,110,7.93,47.47,0.4,1.38,30.67,71.06,1216.84,4.27,10.18,341,294.84,Sugarcane
141,61,96,7.99,42.15,0.29,1.19,26.9,35.61,1760.09,5.07,17.76,845,253.72,Rice
142,46,85,6.36,52.4,0.77,2.31,29.57,33.52,2957.86,7.14,18.65,1741,92.42,Rice
82,12,43,4.91,12.92,0.44,0.51,16.47,65.18,1570.25,6.74,7.33,870,50.57,Barley
130,17,70,8.04,15.97,1.35,2.59,12.12,59.55,554.05,10.89,19.27,1706,66.61,Wheat
108,19,96,6.45,25.86,1.19,1.06,12.24,78.61,2087.4,6.42,10.03,638,197.71,Wheat
70,56,89,6.26,51.62,1,2.2,17.4,76.82,1925.71,7.32,16.97,35,76.93,Wheat
151,50,71,6.13,33.61,0.26,2.66,16.41,47.2,2570.46,7.27,1.12,2409,52.31,Wheat
123,73,78,5.96,35.18,1.01,2.67,13.79,60.74,2593.67,8.79,2.57,141,196.12,Sugarcane
142,51,72,6.6,21.46,1.01,1.41,17.94,75.35,925.54,11.22,9.07,438,94.34,Wheat
67,52,53,6.92,42.42,0.77,0.84,26.02,46.26,326.97,9.4,8.52,2248,120.89,Millet
51,18,37,6.37,54.39,1.06,1.86,38.49,51.72,2398.05,10.71,9.79,1221,122.88,Rice
139,23,79,8.09,26.48,1.32,0.63,37.67,33.59,2026.67,5.5,6.03,2367,103.55,Rice
118,13,22,5.77,40.96,1.19,2.39,18.15,37.83,595.81,10.72,11.93,726,261.04,Wheat
93,11,52,6.81,26.6,0.82,2.16,11.99,66.61,2959.51,9.6,15.04,78,341.65,Wheat
53,10,39,5.7,49.64,0.54,2.41,39.87,59.81,2792.6,6.36,3.56,1865,56.98,Rice
89,84,35,7.51,33.75,0.82,1.36,24.29,40.12,2224.76,11.16,11.39,2225,100.64,Rice
129,74,90,4.91,26.97,1.43,1.72,39.35,30.44,350.39,9.32,5.5,1533,194.56,Millet
35,55,72,5.25,31,1.27,0.4,26.13,40.14,797.31,7.74,17.84,570,276.78,Millet
78,68,82,7.7,14.56,0.24,2.09,36.59,74.98,1108.8,9.64,18.26,548,77.71,Wheat
38,84,66,5.23,53.31,1.22,1.51,23.42,35.62,356.53,4.05,14.52,1959,290.14,Barley
114,16,73,7,57.9,0.42,1.58,28.66,54.15,2516.68,6.59,4.17,227,220.33,Rice
132,75,89,8.38,33.87,0.94,2.56,26.07,44.33,414.53,10.21,19.09,246,226.9,Millet
60,24,58,6.59,21.07,1.25,2.34,16.6,62.96,775.1,10.87,15.05,822,54.01,Wheat
100,81,61,5.25,43.23,0.93,1.65,32.91,60.69,1092.98,10.4,2.95,1499,70.98,Maize
122,56,72,5.78,32.62,0.73,1.13,11.64,88.98,1129.42,9.85,12.03,907,339.71,Sugarcane
73,49,91,7.79,22.62,0.62,1.39,20.87,76.37,942.29,7.98,12.75,2353,274.68,Barley
114,51,22,5.91,11.92,0.6,1.12,36.1,86.3,2940.08,5.52,12.25,91,287.97,Rice
81,60,102,7.39,54.49,1.29,0.54,25.08,64.68,2890.3,4.89,11.17,1759,95.23,Rice
118,44,116,7.61,49.84,1.27,1.97,12.33,74.27,1936.84,11.39,2.32,2055,54.78,Wheat
112,50,118,6.5,51.45,1.27,2.11,16.23,83.7,550.32,5.69,4.73,499,241.97,Wheat
84,66,97,7.63,31.99,0.57,2.92,13.29,32.46,2178.7,5.96,18.71,2259,275.38,Wheat
87,47,54,5.77,47.66,1.24,1.42,18.33,84.93,2931.22,9.77,15.66,2045,327.9,Wheat
47,81,117,6.56,39.06,0.25,2.99,14.96,42.71,2995.34,10.05,11.75,1099,108.64,Wheat
37,17,55,7.25,28.74,0.47,0.64,31.36,72.3,1926.49,7.27,12.11,31,258.5,Rice
45,83,86,5.17,52.14,0.87,2,29.78,76.4,728.04,4.6,6.68,41,81.46,Millet
123,72,98,5.59,59.94,0.73,2.98,14.05,36.56,2528.71,7.88,7.14,2108,250.32,Sugarcane
74,13,50,7.11,54.96,0.35,1.96,23.35,87.19,1943.73,10.5,3.46,319,248.65,Rice
138,57,55,7.12,48.81,0.25,1.41,18.88,85.59,1465.96,11.06,18.64,2375,168.91,Wheat
143,61,10,6.47,47.38,0.99,1.59,20.12,69.27,619.92,9.2,13.47,1258,231.77,Wheat
153,47,82,7.68,42.51,0.61,2.55,27.28,39.32,871.41,9.48,6.11,910,234.04,Barley
148,14,77,6.43,52.68,0.22,2.82,36.96,63.96,1820.27,4.19,14.54,2348,114.62,Rice
27,79,101,8.03,34.65,0.76,1.42,36.92,50.65,929.83,5.71,17.2,430,246.52,Wheat
70,33,21,7.44,19.09,0.6,2.34,22.39,85.85,1538.06,9.98,14.32,914,238.69,Rice
104,86,97,5.76,48.4,0.95,2.81,21.8,54.4,2203.63,8.24,6.3,922,172.88,Rice
44,26,119,6.08,55.98,1.41,0.92,25.54,71.62,2964.61,8.7,5.14,694,132.13,Rice
102,87,82,7.17,27.07,0.6,1.53,24.22,68.22,322.95,10.48,3.03,1034,261.57,Pulses
112,35,44,8.08,49.15,1.5,2.99,11.85,46.26,2430.96,9.36,8.64,113,169.62,Wheat
136,12,111,5.21,23.69,0.31,1.13,27.36,62.13,558.02,7.36,18.59,2048,256.68,Millet
157,11,108,6.56,57.13,0.31,1.9,27.54,54.6,2841.89,11.79,4.79,1881,226.21,Rice
75,11,42,4.98,44.17,1.13,2.01,23.51,52.48,2355.89,5.93,10.13,2476,109.64,Rice
31,31,67,5.62,38.46,1.17,0.55,22.42,81.84,1313.99,6.72,1.19,333,329.75,Potato
139,80,44,7.24,48.99,0.75,2.44,38.17,38.39,1635.24,9.34,17.03,338,214.36,Rice
90,13,55,4.81,50.66,0.57,1.3,28.02,54.62,2094.77,5.86,12.81,1137,92.47,Rice
36,47,93,7.15,54.62,1.23,1.55,34.49,30.41,1770.86,7.04,7.09,1189,182.71,Rice
141,79,75,8.1,55.06,1.44,1.96,38.62,45.71,2944.13,9.53,3.43,276,133.08,Rice
143,82,53,8.38,12.63,1.49,1.29,34.3,67.3,2996.15,6.7,12.97,2163,68.71,Rice
29,61,35,5.37,16.15,1.02,1.04,38.29,35.25,359.73,4.46,11.19,466,167.84,Millet
50,40,51,7.5,51.3,1.16,1.68,32.78,46.27,2238.08,8.48,19.69,1660,346.56,Rice
79,35,86,8.21,57.3,1.27,1.11,15.1,82.81,2290.99,10.16,9.92,1178,338.58,Wheat
89,45,39,4.87,25.38,1.24,1.36,16.81,71.51,2412.37,9.94,4,610,158.4,Barley
36,35,41,6.16,10.43,1.49,0.41,15.82,34.22,2767.82,8.97,17.1,2123,105.34,Wheat
69,37,45,8.18,26.14,1.25,2.55,19.66,89.54,1861.43,10.12,18,936,108.65,Wheat
56,14,28,5.31,29.14,1.06,1.29,20.65,86.71,912.72,5.59,2.95,1936,338.16,Potato
137,83,31,8.24,48.05,0.69,0.34,34.34,38.5,2080.67,9.87,16.71,1399,139.79,Rice
99,27,74,6.61,12.38,0.98,2.39,20.83,85.31,1104.27,4.4,5.97,2233,152.89,Barley
30,24,66,4.9,20.63,1.34,0.16,31.82,63,1159.08,9.92,11.23,1360,209.23,Potato
153,66,20,6.3,54.7,0.6,1.84,37.11,85.76,1916.28,4.41,12.27,717,111.64,Rice
142,14,35,5.81,17.74,0.24,2.14,13.44,88.08,1009.36,10.17,18.01,32,295.56,Sugarcane
54,46,57,5.63,47.96,0.63,0.65,10.01,71.61,2144.62,11.08,4,378,264.39,Wheat
52,31,28,6.67,28.07,1.45,0.48,36.66,47.48,2588.73,10.63,1.37,778,282.83,Rice
37,61,92,6.43,43.13,1.23,0.43,17.15,85.48,2959.34,6.79,12.34,661,196.03,Wheat
32,24,21,6.43,13.69,0.44,2.98,14.6,64.41,671.51,11.8,12.96,1302,142.58,Wheat
109,26,76,4.85,24.33,0.22,2.29,18.86,50.49,1474.98,8.15,19.34,1624,177.89,Sugarcane
129,60,65,7.71,31.24,1.07,1.01,15.58,57.6,2273.87,7.03,2.9,1493,86.03,Wheat
20,54,27,6.43,52.86,0.95,1.07,33.81,54.37,1816.69,8.66,8.75,1713,241.28,Rice
82,72,14,7.78,38.17,0.31,1.98,29.04,86.12,380.87,6.44,14.51,204,290.42,Millet
53,37,33,7.8,12.26,1.46,1.43,15.02,79.19,1174.53,5.43,11.56,214,208.59,Wheat
122,68,87,5.77,50.09,1,0.89,27.51,31.88,2422.45,5.31,19.13,186,177.87,Rice
29,30,47,4.52,12.73,1.05,0.27,16.24,30.59,1579.9,5.36,2.68,2256,301.01,Wheat
147,51,76,8.14,56.72,1.31,2.37,15.93,34.16,2144.24,5.83,3.78,628,70.25,Wheat
26,78,79,7.54,20.59,0.64,2.68,27.86,66.62,1993.45,11.09,12.67,559,101.45,Rice
75,26,85,4.93,34.4,0.93,0.7,29.94,78.87,2841.37,7.24,12.95,613,192.81,Rice
99,77,61,7.31,13.61,0.95,0.28,20.39,60.9,2602.86,4,9.85,2094,173.5,Rice
31,16,84,4.58,38.09,1.46,0.44,32.9,62.08,1162.64,6.43,15.06,627,317.76,Potato
67,49,48,4.61,34.86,0.37,1.3,35.12,44.43,1593.55,11.97,7.36,1964,95.29,Rice
45,49,68,6.6,30.51,1.19,0.97,37.49,57.56,1533.85,9.89,6.2,623,259.88,Rice
131,52,35,4.88,11.78,0.95,0.31,28.78,45.41,981.06,8.03,4.57,1055,241.16,Potato
141,82,74,8.36,53.95,1.3,1.42,16.6,46.44,1939.03,5.02,12.52,2061,94.47,Wheat
31,60,89,8.08,50.13,1.28,0.69,32.45,53.47,929.51,7.64,16.28,1286,270.02,Millet
61,82,57,7.1,41.65,0.22,0.29,13.24,32.85,647.07,9.12,1.57,732,272.01,Wheat
80,32,62,4.75,38.61,0.53,2.01,15.44,87.3,508.83,11.35,4.05,2427,212.42,Cotton
77,41,18,5.8,44.75,0.44,1.76,34.98,84.86,1002.09,7.94,17.2,978,88.15,Wheat
53,40,14,5.99,17.2,0.8,2.5,37.32,77.78,1525.01,8.38,1.42,593,167.32,Rice
26,26,81,6.42,56.63,1.38,0.98,12,64.11,523.84,8.54,1.84,1354,207.21,Wheat
128,67,70,5.18,24.23,0.21,0.49,19.36,78.78,2092.22,11.61,10.79,2406,219.03,Sugarcane
54,44,30,6.81,42.82,0.83,1.14,28.88,88.45,2636.67,6.71,7.97,1817,226.35,Rice
34,39,106,6.24,40.34,1.35,2.36,38.16,47.02,1395.85,10.88,15.63,1590,260.19,Cotton
44,73,112,8.29,41.83,1.4,0.8,27.12,51.86,2645.1,7.45,13.39,1022,330.11,Rice
78,62,116,8.24,53.95,1.05,0.84,34.63,73.74,622.75,9.93,4.56,1047,104.34,Millet
98,60,72,6.76,24.8,1.28,0.53,37.68,68.57,417.05,7.86,7.42,1497,209.94,Millet
105,46,29,7.08,47.45,0.62,2.96,25.57,79.49,2478.81,8.43,2.65,507,259.1,Rice
153,15,67,5.05,39.92,0.57,2.91,32.21,50.82,2929.35,6.63,2.79,794,182.47,Rice
107,43,54,5.39,13.8,0.26,2.01,29.87,48.63,1153.75,7.32,19.65,169,242.66,Sugarcane
90,65,31,8.1,30.71,0.85,0.72,30.14,65.13,2040.47,8.2,1.74,1410,223.78,Rice
140,34,86,7.3,51.9,0.79,2.32,25.51,38.75,2032.64,8.83,4.45,2419,303.74,Rice
112,22,112,5.26,25.77,0.68,1.79,28.7,32.37,2119.4,6.96,8.54,2283,274.3,Rice
115,72,84,6.78,34.11,0.35,2.27,26.63,44.65,1802.37,10.67,12.24,2009,160.57,Rice
51,75,91,8.24,34.43,0.5,2.6,29.13,39.5,918.01,9.75,19.11,1064,108.3,Barley
72,14,72,5.88,40.9,0.46,1.02,25.16,30.4,426.32,7.61,8.39,733,58.56,Millet
78,84,39,5.24,54.2,1.43,2.75,16.67,76.68,238.15,9.88,4.52,1501,271.9,Potato
88,20,72,8.27,18.68,1.46,2.71,30.81,62.59,704.85,4.05,10.3,1716,278.87,Millet
151,87,106,6.35,35.23,0.2,1.69,21.52,70.14,535.95,8.75,15.66,1561,308.87,Sugarcane
105,53,53,6.17,31.21,0.42,2.09,13.83,39.78,307.02,8.2,5.93,1529,134.48,Wheat
37,78,76,5.57,24.8,1.36,1.29,35.54,45.4,453.23,8.12,4.21,1818,174.19,Millet
100,11,67,8.07,55.98,0.25,2,15.44,33.61,336.54,8.83,14.59,1013,172.22,Wheat
133,49,74,7.88,10.41,1.43,1.69,26.22,89.85,1734.7,10.42,10.89,2282,210.3,Rice
43,46,45,6.11,16.11,0.69,1.04,31.63,36.19,360.03,4.37,13.99,2035,261.82,Millet
85,58,15,4.62,46.67,0.9,1.04,29.43,35.42,2989.33,5.19,7.94,230,224.44,Rice
81,84,46,6.29,23.17,1.19,1.99,14.83,66.85,1604.89,4.08,16.46,820,66.26,Wheat
73,45,102,5.22,46.16,0.52,2.87,15.82,49.91,2723.14,5.9,9.07,1944,257.47,Barley
150,84,84,5.07,51.61,0.33,0.68,14.47,83.25,1565.88,11.82,13.49,1202,234.38,Sugarcane
56,82,64,6.07,22.73,1.25,1.24,12.18,79.89,580.46,6.99,8.27,431,230.48,Wheat
56,79,86,4.9,19.6,1.48,2.44,18.5,82.09,2553.77,8.61,11.8,47,328.49,Maize
150,43,84,8.33,17.27,1.06,0.46,25.72,74.11,865.65,11.92,11.75,1346,171.79,Potato
54,67,68,4.69,20,1.27,2.98,15.19,37.91,313.26,9.02,16.16,1996,155.44,Potato
143,46,47,6.11,23.36,1.42,2.07,39.13,33.82,734.82,5.37,2.87,1965,103.69,Millet
37,69,34,5.15,53.44,0.5,2.74,30.96,33.88,1878.58,10.44,5.29,677,147.07,Rice
141,21,88,7.26,48.5,0.66,2.53,27.5,78.11,1417.05,8.42,6.56,192,239.23,Sugarcane
67,41,86,4.82,10.09,0.48,2.35,30.44,69.43,652.54,11.96,10.64,908,197.02,Millet
36,13,115,6.69,53.71,0.28,0.2,23.08,88.86,1692.37,10.04,18.26,305,199.98,Rice
154,42,42,7.59,13.94,1.15,1.28,24.1,68.61,2868.55,11.96,16.18,155,83.59,Rice
76,52,22,8.3,42.76,0.39,0.69,36.66,44.96,2234.51,11.13,16.92,1799,182.15,Rice
27,18,47,7.29,17.57,0.32,2.63,31.66,35.37,393.88,5.46,7.54,598,157.58,Millet
147,60,67,4.9,13.11,0.66,2.07,27.65,51.94,1095.4,9.98,7.35,266,262.51,Sugarcane
136,29,97,4.85,47.99,0.28,0.41,38.51,41.98,2138.7,7.98,14.24,394,80.6,Rice
75,48,29,7.43,33.36,0.43,1.14,29.88,67.7,592.39,5.04,17.31,2215,279.69,Millet
145,32,117,5.36,39.95,0.29,0.3,21.96,35.76,1708.23,8.54,19.22,364,198.66,Rice
78,50,26,6.29,31.27,1.34,2.25,11.42,76.35,1729.13,4.75,7.89,468,249.22,Wheat
77,53,33,8.41,13.36,1.21,1.31,21.72,71.79,447.64,10.1,12.94,2308,346.5,Rice
159,44,35,7.78,46.98,1.32,0.78,37.74,74.18,1897.16,6.89,14.33,1310,289.7,Rice
127,32,49,7.89,51.02,1.33,1.6,11.34,87.93,2720.2,10.47,18.16,1357,197.85,Wheat
93,67,41,7.94,12.07,1.43,0.22,15.54,69.03,2024.81,9.46,15,1179,163.2,Wheat
120,57,102,6.98,28.79,0.44,0.85,34.26,77.31,2763.35,11.03,9.08,1937,314.94,Rice
67,67,87,7.48,37.87,1.37,0.61,20.95,35.12,1917.93,5.49,15.59,149,95.17,Rice
90,66,46,5.94,40.26,0.88,2.8,15.58,86.59,2305.04,9.16,9.53,2379,129.23,Potato
135,48,95,8.49,38.91,0.42,1.19,34.47,43.11,2699.32,10.91,19.82,759,310.94,Rice
141,37,107,5.62,44.65,1.05,1.79,26.75,59.58,1497.37,5.82,7.94,2300,127.21,Sugarcane
97,73,100,6.86,58.34,0.63,1.56,26.45,87.43,642.35,10.27,2.39,131,103.74,Millet
48,71,101,5.63,29.53,0.26,2.01,18.81,40.76,534.02,6.28,14.5,505,294.15,Cotton
112,71,95,4.95,37.83,0.3,0.91,30.25,32.13,2869.8,10.52,6.68,78,181.78,Rice
92,35,69,6.77,44.95,0.75,0.45,35.85,47.82,1731.39,8.12,14.41,1657,315.3,Rice
119,60,66,5.91,39.62,1.27,0.34,32.51,39.38,2112.68,9.33,2.44,876,142.62,Rice
93,59,116,6.83,29.34,0.6,0.66,28.37,70.08,1913.01,6.96,19.75,553,224.96,Rice
114,45,67,6.73,41.2,1.2,1.5,20.52,46.7,1781.82,10.61,16.12,706,141.84,Rice
36,35,76,6.67,42.51,0.27,0.78,35.64,33.77,1766.36,4.99,14.08,1390,300.34,Rice
156,42,31,4.99,39.25,0.71,1.36,26.98,83.58,1524.52,5.55,13.21,2107,146.83,Rice
116,77,67,6.26,20.26,0.37,0.18,36.69,32.97,2676.37,4.72,3.67,1330,143.37,Rice
28,82,94,7.75,35.3,1.32,1.92,17.63,46.28,538.49,11.6,3.75,1975,212.91,Wheat
154,17,89,5.76,54.22,1.46,2.65,29.63,44.42,2204.39,7.73,2.46,209,233.2,Rice
38,75,82,6.28,53.43,0.62,0.24,38.06,31.41,2106.11,7.82,15.51,669,118.6,Rice
153,32,86,6.48,47.54,1.49,0.73,21.22,39.91,374.72,6.41,14.56,1386,54.11,Barley
133,79,83,7.95,44.86,1.18,1.02,38.54,78.89,807.76,7.76,17.44,1157,107.8,Barley
158,64,58,7.12,17.66,0.2,0.93,21.77,32.25,2405.59,5.88,13.35,827,298.33,Rice
144,52,94,4.9,32.97,0.83,0.22,23.13,31.39,854.57,11.61,8.52,2285,316.01,Wheat
80,30,58,7.96,15.55,1.28,0.41,34.19,68.04,1817.66,6.11,18.11,2147,252.08,Rice
61,31,51,7.83,50.86,0.89,2.75,17.82,35.34,434.4,11.4,12.72,1979,129.38,Wheat
32,18,49,7.51,24.55,0.91,2.16,31.18,52.29,824.07,7.91,1.89,1282,106.55,Sugarcane
159,43,80,6.36,48.34,0.78,2.88,18.95,30.13,2694.43,7.5,18.07,126,105.43,Wheat
104,68,55,7.53,50.73,0.71,1.38,27.81,51.74,1213.03,10.43,17.59,1396,321.56,Sugarcane
39,35,31,6.41,54.62,0.24,2.65,33.28,49.08,2456.46,7.96,15.4,2292,205.06,Rice
69,10,91,7.45,47.69,1.01,2.47,10.78,66.76,1539.71,6.14,18.63,860,210.21,Wheat
111,14,30,8.02,38.24,1.2,2.64,12.65,59.95,1102.36,7.48,8.58,1894,192.59,Wheat
107,50,60,8.06,39.91,1.23,0.21,38.03,70.71,1786.38,7.52,17.04,716,255.51,Rice
88,72,23,6.32,26.03,1.01,1.99,34.47,86.15,1695.13,6.36,18.73,546,212.87,Rice
56,31,83,7.94,18.85,0.64,1.74,36.31,77.71,2957.38,7.36,16.03,1270,241.94,Rice
159,77,106,4.91,16.53,0.23,1.68,23.17,86.01,1164.4,4.96,14.89,1576,328.4,Sugarcane
118,57,18,4.91,19.1,1.36,1.56,31.49,33.25,2030.35,11.52,7.77,2132,275.76,Rice
144,75,27,6.69,56.7,0.76,2.41,39.95,89.42,2130.73,9.12,7.43,1211,122.71,Rice
73,25,22,7.11,18.22,0.98,2.91,22.98,49.32,1953.75,5.55,18.07,1216,136.93,Rice
149,89,26,5.11,46.19,0.45,2.5,35.4,46.6,1541.85,10.32,4.41,1353,290.78,Rice
60,62,96,6.39,19.23,0.38,2.62,12.38,54.21,2393.73,6.13,1.81,641,204.25,Wheat
64,74,34,4.88,58.76,0.31,1.5,26.32,77,2350.92,8.77,13.17,633,89.58,Rice
122,88,63,6.91,28.33,1.24,2.1,20,87.26,2885.3,11.32,7.41,569,69.23,Sugarcane
125,73,25,7.92,30.61,1.04,1.31,25.69,63.25,2935.5,10.12,14.87,493,99.92,Rice
156,77,33,7.45,30.23,1.01,1.14,13.42,39.26,802.7,4.98,19.95,1575,183.28,Wheat
147,72,104,6.01,50.82,1.4,2.7,21.03,42.84,2032.44,8.37,5.12,1714,62.93,Rice
105,71,84,8.48,20.91,0.41,2.73,12.3,54.32,2598.13,9.66,7.08,1250,77.9,Wheat
66,80,32,7.15,51.55,0.42,2.08,23.59,51.95,2894.47,5.62,12.33,863,270.02,Rice
24,54,50,7.76,42.85,0.45,2.53,23.25,44.3,599.69,4.8,13.63,710,328.11,Barley
20,61,112,7.18,21.01,0.75,1.15,19.89,81.01,2857.44,5.18,19.87,824,66,Wheat
63,83,95,8.46,13.27,1.34,1.36,38.45,46.81,831.3,11.71,10.42,1955,110.49,Wheat
57,74,42,7.79,48.75,1.35,2.48,12.49,65.57,1802.86,10.76,5.16,1381,85,Wheat
38,11,114,6.58,20.95,0.97,1.25,34.75,58.76,2032.01,10.86,17.78,1523,221.92,Rice
134,58,51,5.97,54.45,1.06,0.22,20.65,85.41,2662.65,5.97,14.49,2015,289.18,Rice
106,31,57,7.23,16.49,1.37,1.12,15.98,67.74,2450.29,8.47,12.78,1284,181.02,Wheat
142,38,27,6.86,40.82,1.01,1.25,18.18,49.93,2816.68,7.9,17.43,402,59.91,Wheat
101,44,72,7.02,44.61,0.5,0.55,37.06,68.32,2404.64,10.67,2.45,631,162.95,Rice
77,85,87,5.87,42.89,1.12,1.1,34.75,49.13,1148.46,7.37,9.64,1367,100.18,Millet
86,33,101,6.21,25.8,1.2,2.81,10.47,35.45,700.78,8.3,17.89,306,132.66,Wheat
141,39,20,6.73,53.78,1.03,2.59,14.42,59.11,635.84,8.65,2.57,1705,83.71,Wheat
106,51,33,7.86,48.49,0.56,1.39,30.25,81.61,445.1,6.97,11.89,1925,158.91,Millet
150,80,70,7.55,35.51,0.72,2.16,19.52,84.55,2810.72,4.27,6.9,2488,216.08,Wheat
74,59,73,4.97,40.16,0.81,0.54,37.57,62.62,1561.35,7.96,11.75,1819,285.17,Rice
108,80,45,5.48,38.32,0.39,2.28,33.6,71.97,2903.03,7.95,2.82,2166,164.2,Rice
77,69,92,4.61,57.33,0.79,1.48,36.25,66.64,2369.68,4.33,11.28,1395,50.48,Rice
82,39,86,4.53,54.82,0.41,2.2,15.79,78.65,2870.58,7.89,10.73,49,251.4,Tomato
110,21,106,5.4,21.77,0.85,1.97,14.52,36.19,2632,8.09,2.23,1546,257.91,Sugarcane
71,58,62,7.7,23.14,0.27,0.78,37.96,54.08,1833.33,5.08,5.45,1798,89.11,Rice
145,55,92,8.12,59.07,1.43,2.52,22.13,45.18,832.33,5.15,3.55,779,195.67,Cotton
43,52,56,6.07,21.83,0.52,1.76,22.47,30.39,911.33,11.49,10.03,147,65.22,Sugarcane
91,11,61,6.75,57.67,0.81,2.37,30.54,79.8,1239.86,5.52,6.39,710,236.27,Rice
28,84,105,7.32,42.49,0.24,0.37,21.92,38.05,268.03,6.5,10.85,568,319.54,Barley
129,89,88,8.31,12.51,0.45,1.88,36.26,49.4,2067.15,6.38,11.71,1187,173.25,Rice
113,63,66,8.15,26.79,1.1,0.95,38.77,82.01,1754.48,9.26,1.14,1798,191.31,Rice
136,44,84,4.73,33.81,0.35,2.6,19.98,73.28,482.87,9.14,17.53,1773,336.58,Barley
102,61,32,5.49,51.65,1.02,2.85,16.24,64.06,2509.67,11.3,3.8,1393,269.39,Sugarcane
99,42,68,4.7,26.43,0.2,0.26,12.26,48.62,2503.49,7.22,17,667,320.47,Potato
119,81,78,6.97,25.53,0.8,2.2,16.43,60.92,532,10.24,11.33,817,91.82,Wheat
59,60,65,7.34,56.01,1.14,0.4,14.18,33.37,770.89,7.02,5.34,1846,191.14,Wheat
122,35,95,5.73,13.95,1.4,2.59,10.87,73.64,901.09,5.92,15.83,2056,144.09,Potato
81,71,51,7.92,37.58,0.84,0.46,11.4,44.24,1671.81,11.13,13.26,1129,236.3,Wheat
88,70,27,6.31,35.21,1.29,0.67,25.28,58.75,2845.77,7.87,13.41,547,296.41,Rice
128,35,80,8.49,12.87,1.24,0.83,31.23,35.67,2062.78,7.12,6.91,1854,91.65,Rice
23,46,42,4.5,14.39,0.58,2.21,39.5,72.65,2107.05,11.25,8.65,1760,269.63,Rice
91,39,12,4.94,29.1,1.34,0.95,14.67,83.75,1015.92,11.52,11.18,1661,219.57,Barley
36,20,37,5.71,16.71,1.03,1.83,30.95,57.36,1947.6,7.61,8.03,298,80.31,Rice
133,62,10,4.6,33.9,0.34,1.76,26.62,34.99,791.64,4.16,7.91,1051,282.81,Millet
104,50,72,7.63,40.44,1.42,1.27,24.34,86.7,2190.91,4.26,17.03,1616,215.84,Rice
76,14,56,4.71,44.57,0.43,1.66,31.66,56.82,857.6,8.87,19.3,1615,143.87,Millet
126,75,46,7.5,37.32,0.81,0.44,17.16,34.82,239.16,10.82,10.14,751,88.51,Wheat
67,22,95,4.71,28.98,0.81,2.64,19.34,41.31,1666.34,11,17.43,1834,121.98,Cotton
136,72,57,5.51,16.49,1.01,0.7,21.54,37.19,1034.39,11.21,16.19,2441,215.43,Sugarcane
50,34,117,7.87,22.37,1.06,2.65,15.47,41.85,1961.11,10.46,10.27,572,213.11,Wheat
131,53,28,8.3,30.97,0.5,1.6,24.36,39.35,2288.98,10.98,13.58,1714,329.26,Rice
66,23,23,6.16,56.21,0.66,1.88,13.96,85.37,2478.61,10.73,2.24,146,114.26,Wheat
153,78,76,8.38,20.13,0.39,0.85,19.54,42.54,2948.14,10.72,13.21,2369,107.53,Wheat
127,68,92,7.01,30.67,0.36,0.74,13.39,56.52,1755.62,6.62,5.63,1834,303.49,Wheat
91,65,106,6.16,46.62,1.27,1.52,11.08,73.79,1550.93,7.15,18.82,2423,156.24,Wheat
90,61,94,7.71,45.26,1.18,0.88,20.66,70.62,887.58,6.54,13.69,1835,164.67,Wheat
127,75,74,5.68,58.28,0.78,1.33,28.53,87.39,2291.2,5.24,12.79,404,102.57,Rice
72,77,35,5.56,19.55,0.32,1.38,14.56,87.96,1551.57,6.66,18.2,205,128.42,Potato
35,21,19,7.13,10.83,0.78,0.89,39.8,64.24,1115.74,11.26,15.19,1246,310.53,Potato
135,84,108,6.06,26.12,0.58,0.95,18.23,75.14,1409.86,11.77,8.95,1805,63.37,Wheat
92,77,86,5.04,17.48,1.21,2.92,10.68,53.16,1237.37,5.2,15.96,1939,225.94,Barley
93,52,79,4.77,37.42,0.33,1.8,10.84,55.76,2939.81,9.3,18.69,1621,288.62,Pulses
100,82,52,7.65,54.94,0.79,2.51,30,36.26,833.78,11.74,18.93,816,321.89,Barley
31,83,79,7.2,44.41,0.97,0.23,30.1,70.41,1360.66,5.65,5.75,1912,243.66,Potato
147,15,108,6.15,16.79,1.48,0.11,37.08,46.24,1060.43,10.72,11.43,810,80.3,Sugarcane
89,24,89,8.08,15.8,0.32,1.61,12.73,34.79,680.58,6.37,16.1,1984,211.24,Wheat
60,51,114,6.14,55.57,0.35,2.5,21.29,35.89,1038.54,7.28,19.62,2225,230.82,Potato
78,40,81,7.34,34.38,1.48,1.87,36.68,73.34,1570.09,11.33,2.69,1484,155.82,Rice
108,62,68,8.14,56.18,0.73,1.89,33.93,43.74,1968.52,4.46,15.65,789,287.31,Rice
43,15,12,7.86,46.81,1.17,0.5,17,76.2,1927.25,7.59,9.58,1217,206.38,Wheat
99,42,14,6.54,59.67,1.22,2.94,36.7,84.36,2363.49,8.05,17.01,1500,60.06,Rice
153,38,94,7.22,53.56,0.61,1.64,30.42,50.45,399.57,11.21,15.27,2394,329.93,Millet
151,30,104,6.15,30.71,0.48,0.4,17.93,77.63,1080.2,8.59,9.57,57,248.91,Wheat
111,63,87,7.09,47.91,0.56,1.3,11.34,55.72,1187.23,11.56,18.6,2423,334.25,Wheat
111,65,110,5.53,33.56,1.19,0.31,24.92,76.33,2138.19,6.54,7.98,1022,233.55,Rice
100,30,92,6.24,21.65,1.29,1.31,31.39,48.4,781.01,7.95,8.5,529,252.2,Millet
90,64,46,5.34,22.05,1.11,2.16,18.06,85.89,800.05,4.18,15.37,1447,92.88,Sugarcane
84,67,93,4.65,29.87,0.77,1.04,15.06,89.23,466.57,11.91,6.03,693,52.23,Wheat
71,73,61,6.85,15.57,0.54,1.01,12.26,53.17,1693.23,5.87,15.71,1936,85.51,Wheat
49,55,75,7.96,18.89,0.75,1.59,35.26,41.94,2234.94,11.43,16.17,727,112.14,Rice
118,31,72,4.6,35.03,1.39,1.55,11.64,71.12,2153.42,7.2,14.75,1363,215.95,Sugarcane
117,69,16,5.28,57.7,1.32,1.45,28.28,65.02,2279.83,5.32,8.13,2151,123.88,Rice
61,20,106,6.34,38.88,0.62,1.6,32.9,89.49,674.8,7.36,9.93,260,193.07,Millet
158,56,62,7.16,30.42,0.63,0.24,33.41,78.7,1842.36,6.59,11.54,897,297.54,Rice
46,40,115,5.18,22.14,1.21,1.48,29.61,80.11,461.3,11.61,3.44,1910,222.09,Millet
91,86,15,4.73,19.8,0.75,2.98,29.58,73.59,2906.7,10.17,8.03,397,218.15,Rice
37,27,16,6.58,42.92,0.94,2.32,24.22,51.05,494.25,5.66,4.1,1333,334.66,Cotton
96,31,53,7.77,52.42,0.75,0.93,22.5,86.15,2657.3,8.32,6.25,981,145.44,Rice
64,65,27,4.64,29.94,0.52,2.07,14.12,57.94,307.47,9.36,18.12,2328,283.37,Barley
134,26,116,5.9,37.53,0.45,1.06,26.06,53.97,1687.18,8.63,2.07,874,311.27,Rice
106,47,63,7.15,45.34,0.38,0.66,12.13,41.65,2587.72,11.33,11.52,1003,306.14,Wheat
159,34,38,5.02,12.91,0.21,2.34,24.05,48.24,1976.93,4.9,9.27,521,180.54,Rice
111,41,92,5.44,27.54,0.56,0.71,31.93,30.14,1582.69,4.32,13.71,1503,218.6,Rice
41,24,34,6.64,46.49,0.42,2.59,23.29,69.59,556.64,8.9,19.29,708,178.29,Barley
111,22,72,8.31,44.23,0.54,1.2,25.25,66.33,2045.86,9.96,9.71,1998,72.4,Rice
96,67,77,5.65,12.67,0.3,2.29,35.27,54.18,1886.52,10.48,10.6,1862,325.88,Rice
44,59,22,6.45,21.89,0.64,0.85,29.4,88.03,1484.24,5.69,3.27,34,267.81,Tomato
127,20,41,6.1,44,0.88,1.99,13.83,71.59,857.82,5.52,18.31,1985,292.24,Wheat
154,22,36,8.09,23.57,1.43,0.72,26.29,44.56,816.31,10.71,8.38,1996,119.59,Tomato
128,59,60,4.79,50.72,0.65,0.16,20.94,52.72,2916.03,6.7,1.8,438,224.18,Rice
153,47,43,6.76,11.48,0.24,2.46,16.2,60.95,2902.16,9.28,11.07,1482,94.25,Wheat
43,10,37,7.88,19.52,0.67,2.58,29.44,62.72,2823.5,5.21,17.05,922,279.36,Rice
38,48,82,8.45,24.07,1.26,2.65,21.6,46.54,1644.78,10.41,12.23,1002,114.05,Rice
102,36,81,7.29,56.26,0.64,0.21,33.02,44.97,2967.17,11.69,12.37,1399,212.69,Rice
134,45,94,6.02,49.82,0.58,2.31,27.6,47.97,1032.81,11.77,1.41,2291,166.36,Sugarcane
28,41,119,6.15,54.21,1.39,2.52,13.13,87.8,1395.28,8.15,19.44,1013,320.92,Wheat
131,50,39,5.91,32.02,0.59,1,20.51,51.57,688.13,5.91,8.71,1149,187.6,Barley
121,24,102,6.91,51.13,1.46,1.46,18.1,52.45,1499.5,5.13,3.7,1113,141.75,Wheat
67,40,18,7.46,52.67,1.28,1.28,14.5,73.21,718.07,5.97,3.66,857,55.62,Wheat
88,15,22,7.78,30,1.09,1.38,34.01,39.77,385.47,8.97,13.7,1237,238.16,Millet
138,61,91,6.17,59.72,0.98,2.56,21.36,68.59,227.95,7.49,9.2,901,201.43,Barley
64,31,73,7.37,52.56,0.49,1.31,28.4,69.97,1259.7,7.82,2.02,920,251.82,Potato
144,40,47,8.16,58.7,1.15,0.98,36.46,33.87,2713.29,7.79,2.64,692,224.1,Rice
33,82,31,8.18,53.32,0.65,0.48,26.29,41.4,1424.7,10.35,9.1,614,277.73,Barley
153,55,40,7.32,48.81,0.83,2.06,17.74,57.99,2007.72,10.65,16.12,1594,83.85,Wheat
154,76,108,7.05,57.19,0.34,0.34,33.72,80.13,2490.11,4.11,3.71,2168,59.34,Rice
56,52,51,6.63,30.99,0.59,0.28,23.07,73.94,1748.26,11.35,3.16,1218,141.76,Rice
72,10,71,5.23,49.17,0.89,2.08,26.92,82.41,1776.95,7.11,9.97,1315,306.42,Rice
37,53,115,4.99,20.64,0.81,2.11,37.06,81.06,1667.56,5.93,10.96,1122,336.26,Rice
57,66,73,6.44,46.64,0.65,0.68,24.68,60.69,550.24,11.97,10.75,2113,121.09,Potato
148,18,83,5.14,49.27,0.81,2.88,20.04,67.34,1979.83,4.98,10.56,133,154.78,Rice
63,14,18,6.81,45.83,1.17,2.38,31.82,85.25,2224.89,6.57,17.91,1849,340.21,Rice
66,88,104,7.08,52.49,0.8,2.09,14.01,74.46,200.78,11.26,8.46,859,143.78,Wheat
54,18,53,6.6,30.67,0.86,2.29,37.41,51.47,433.38,7.81,1.64,759,237.14,Millet
79,54,72,4.65,37.24,1.11,1.29,37.47,51.02,1716.71,11.41,1.19,1251,121.2,Rice
109,86,49,4.73,10.53,1.29,1.42,27.38,52,2549.05,5.93,8.66,2103,308.16,Rice
71,33,97,4.95,17.3,0.88,2.62,14.63,59.71,1692.74,7.26,17.98,1907,265.85,Potato
27,83,50,5.11,42.21,1.43,0.17,23.56,51.75,1416.71,4.41,14.52,1317,100.32,Millet
126,51,81,8.46,38.12,0.66,2.43,22.7,41.25,2823,7.63,11.83,484,215,Rice
150,31,59,5.88,19.87,0.53,1.4,18.95,65.7,413.65,4,14.33,2225,186.65,Cotton
115,69,29,5.67,22.17,1.1,1.45,15.25,82.15,586.96,6.54,4.18,687,281.07,Cotton
45,46,90,4.71,27.2,0.43,1.04,17.91,59.55,2118.39,9.72,6.69,163,268.29,Wheat
130,48,101,7.04,45.82,1.37,1.86,26.67,43.15,504.71,9.79,16.03,1526,257.59,Millet
142,83,79,7.11,40.49,0.7,2.06,30.57,78.78,578.38,7.42,1.2,890,261.76,Millet
70,83,51,5.2,13.48,1.11,0.57,39.39,75.34,2641.4,4.1,6.79,1613,317.95,Rice
142,62,42,8.18,48,0.94,1.74,16.47,72.01,788.54,5.05,19.07,1075,281.52,Wheat
24,37,101,7.7,23.13,0.27,1.45,16.12,70.48,1942.81,5.94,12.61,1731,217.38,Wheat
96,86,72,5.42,43.59,1.12,2.37,13.51,76.94,1310.93,4.13,14.9,301,315.33,Barley
20,24,66,6.44,16.17,1.23,1.68,38.17,79.82,582.83,5.74,8.52,699,155.64,Millet
30,69,74,6.33,59.9,1.48,1.35,21.46,83.89,1281.05,8.19,2.96,1872,312.27,Barley
27,69,114,5.89,14.02,0.74,1.63,37.72,66.6,1365.48,5.01,13.96,45,233.22,Pulses
51,15,61,7.77,47.09,0.85,1.52,36.68,53.62,1960.18,10.93,9.06,920,295.27,Rice
47,61,108,4.94,37.07,1.34,2.81,11.32,35.39,629.77,4.48,3.73,176,261.39,Wheat
150,21,97,6.16,14.3,0.55,1,18.39,73.34,304.59,10.21,18.03,382,135.82,Wheat
147,28,15,6.21,11.34,0.45,0.21,19.08,38.47,1896.77,7.57,5.78,1746,348.27,Wheat
81,84,16,6.37,28.13,0.37,2.02,18.32,82.11,383.14,8.9,7.62,2373,134.9,Wheat
46,11,18,7.95,50.11,1.47,1.85,22.76,54.35,630.83,7.87,4.97,2492,213.38,Potato
64,64,110,5.37,12.06,0.55,2.74,24.98,82.57,2948.12,7.43,8.45,1166,133.97,Rice
124,24,70,4.91,45.22,1.18,0.44,32.75,61.11,263.74,9.44,12.61,331,188.51,Millet
111,73,89,6.97,42.77,0.78,1.62,18.03,57.21,1998.38,5.82,4.93,378,234.31,Wheat
44,78,43,5.2,23.28,0.51,0.54,18.96,51.81,588.71,7.89,7.82,1214,115.55,Cotton
63,24,44,4.8,13.87,1.39,1.42,27.96,33.68,2499.3,10.46,1.26,628,208.61,Rice
155,52,108,6.21,55.77,0.8,2.42,15.38,30.69,1828.94,5.24,4.03,1383,298.88,Wheat
99,83,29,5.38,25.02,0.94,2.59,24.2,60.52,1522.92,4.74,18.23,1844,314.85,Rice
101,26,67,5.94,15.57,0.49,2.52,17.53,84.07,1489.14,8.83,13.07,359,136.74,Sugarcane
154,33,96,5.54,44.08,0.62,1.69,15.94,65.17,2078.64,11.71,10.58,1260,97.02,Sugarcane
107,83,69,4.87,20.83,1.17,1.94,33.87,81.74,2548.31,7.43,10.78,859,147.49,Rice
146,39,115,6.74,33.78,0.65,1.7,31.21,89.99,219.4,10.52,13.2,532,111.13,Millet
74,76,63,4.61,12.52,0.86,1.73,17.49,40.72,256.7,7.76,5,1924,268.51,Maize
75,60,44,8.37,59.65,0.35,2.67,22.46,69.57,962.87,5.88,1.65,1502,338.12,Potato
34,69,56,5.87,32.38,1.31,0.71,14.63,55.01,2267.13,7.88,8.79,807,145.67,Maize
77,12,55,7.28,59.96,1.16,1.37,11.6,42.53,742.59,7.54,18.27,1138,144.46,Wheat
107,14,96,7.74,29.28,1.19,1.87,27.56,44.45,1338.85,6.02,10.7,954,262.03,Sugarcane
116,37,13,5.62,27.39,0.43,2.32,20.91,44.68,1621.26,6.83,17.77,1832,255.34,Rice
27,87,19,7.49,55.73,0.84,2.31,16.22,73.78,1244.22,7.14,3.39,1544,180.89,Wheat
59,20,116,7.83,26.47,0.24,0.44,13.44,51.3,1500.98,10.87,6.2,2338,144.26,Wheat
33,81,84,5.47,31.6,0.61,0.74,30.4,45.34,2436.5,6.46,13.16,976,194.17,Rice
72,81,49,8.47,13.91,0.65,2.74,18.14,83.16,841.76,11.4,1.45,1354,260.81,Wheat
146,85,64,4.58,57.77,1.39,1.14,37.22,32.06,1114.87,4.11,3.86,1930,174.36,Sugarcane
99,24,82,5.37,14.26,1.49,0.11,15.78,74.14,1674.42,5.03,3.1,964,310.66,Potato
134,57,49,7.62,48.56,1,0.68,17.31,87.63,2622.26,4.22,10.83,959,251.09,Wheat
153,55,85,5.28,36.93,0.87,2.91,35.55,67.54,774.65,10.14,17.75,935,246.45,Millet
74,37,90,7.29,13.07,0.77,1,27.17,62.89,1669.31,5,1.06,237,260.09,Rice
63,16,105,7.92,10.09,0.22,1.88,13.25,33.69,2652.17,8.59,2.06,1162,325.62,Wheat
37,80,32,8.34,56.78,1.24,2.21,26.48,60.18,515.01,10.22,13.61,1724,161.7,Millet
35,15,24,6.4,47.11,1.07,1.98,19.24,51.68,2220.02,7.91,8,1822,190.55,Wheat
31,67,101,8.38,44.32,1.04,1.19,32.11,76.69,826.44,4.78,17.97,925,74.01,Wheat
64,77,111,6.15,31.93,1.25,1.35,12.33,78.71,686.1,10.7,11.22,1938,133.88,Wheat
112,64,14,5.37,21.93,1.41,2.53,37.54,40.06,861.78,5.65,2.13,1743,143.9,Barley
41,76,49,6.56,43.99,0.71,2.02,24.35,61.33,1608.02,4.76,1.13,953,347.44,Rice
116,58,27,7.1,40.42,0.75,0.17,32.03,81.6,1889.51,10.14,9.34,2324,173.74,Rice
66,60,30,6.33,46.32,1.47,0.69,31.14,67.47,743.9,4.22,8.55,2091,106.37,Millet
48,68,88,6.77,28.29,1.06,0.93,15.35,58.86,513.5,8.94,10.15,746,331.07,Wheat
64,15,12,6.17,59.35,1.31,1.16,36.4,83.88,1467.46,7.36,9.16,286,182.15,Barley
96,60,55,6.6,13.35,0.49,1.77,16.98,87.99,360.71,7.48,12.44,70,129.8,Wheat
28,47,99,8.31,13.99,0.61,1.16,15.72,44.12,1709.02,10.44,18.11,2212,311.79,Wheat
43,20,88,6.5,55.84,0.71,2.49,25.62,40.97,2112.04,4.37,15.36,1895,224.3,Rice
34,61,118,5.51,42.39,0.61,1.47,39.54,81.89,2848.21,9.93,11.05,278,240.44,Rice
32,29,62,7.53,26.32,1.35,1.56,19.4,44.58,600.23,9.64,11.02,992,135.44,Wheat
110,19,29,5.85,48.1,0.86,1.34,38.93,80.87,1413.27,11.11,19.67,2016,252.02,Sugarcane
120,35,68,7.76,32.64,1.44,1,23.05,48.07,918.78,8.62,18.89,241,302.69,Wheat
90,57,30,4.73,11.06,0.62,2.2,35.04,31.15,810.13,5.28,3.99,2355,238.99,Barley
141,23,99,5.83,42.56,0.25,0.77,25.9,55.32,1654.67,4.37,13.09,2113,271.57,Rice
95,68,114,4.88,22.16,0.38,2.1,16.16,32.42,601.63,7.54,6.92,2285,139.53,Cotton
135,21,96,4.84,15.77,0.48,1.64,36.4,42.48,243.16,9.76,4.79,2339,337.14,Millet
80,32,60,7.13,21.26,1.03,0.4,12.16,58.76,653.98,4.34,18.9,2149,268.75,Wheat
145,81,34,6.04,33.81,0.44,0.15,30.48,32.31,1139.44,5.99,2.63,507,117.48,Sugarcane
20,48,77,7.99,12.49,0.7,0.59,34.92,31.99,230.72,10.17,1.52,849,123.95,Millet
87,18,19,6.57,54.16,1.23,2.31,34.96,39.31,2599.97,5.84,9.94,1928,331.31,Rice
107,34,95,5.68,38,0.36,1.22,29.66,57.77,1834,7.05,11.18,1377,183.78,Rice
40,26,76,7.38,24.65,0.3,2.43,17.53,88.44,276.04,9.98,3.04,803,149.08,Wheat
154,51,92,7,44.35,0.9,1.56,25.95,35.6,840.12,7.44,19,525,190.52,Sugarcane
22,38,104,7.7,50.21,1.11,0.19,28.89,67.32,2060.12,10.17,2.75,1635,166.63,Rice
70,69,18,7.07,40.7,1.38,2.55,36.69,59.82,283.83,6.16,14.71,1032,264.29,Millet
98,76,38,5.17,20.12,1.06,2.82,14.79,33.61,1255.5,11.66,7.93,120,160.32,Rice
114,66,46,7.18,15.51,1.43,0.32,23.95,32.05,470.66,4.75,6,521,67.01,Tomato
142,81,119,6.07,52.99,0.52,0.7,19.99,43.31,1296.48,10.01,5.01,1648,54.7,Wheat
25,23,80,6.35,21.73,0.64,2.18,22.83,71.09,2910.46,4.59,4.34,266,346.99,Rice
36,48,47,8.19,11,1.29,2.99,15.49,87.74,1474.02,10.76,11.03,2498,258.14,Wheat
136,25,97,5.94,42.15,1.25,2.64,16.52,63.36,1918.35,5.09,1.85,2153,121.63,Sugarcane
79,27,81,6.95,17.64,1.06,0.39,33.1,32.75,1343.64,8.69,15.64,2296,250.57,Maize
144,84,107,5.95,59.55,0.86,1.86,24.35,45.48,1082.06,6.67,5.44,629,316.3,Sugarcane
100,29,68,4.88,53.49,0.22,2.03,25.42,86.54,1909.74,8.84,9.25,669,268.87,Rice
104,55,66,6.31,40.42,0.56,1.93,36.92,30.75,1938.05,4.38,2.52,1197,264.24,Rice
70,54,99,6.89,51.69,0.41,1.75,17.2,66.14,1922.93,11.05,9.93,1655,250.01,Wheat
158,13,69,6.13,33.53,0.27,0.95,19.88,40.74,275.09,9.71,12.91,1623,282.09,Wheat
90,29,37,6.06,49.42,1.21,2.04,19.26,33.97,2150.29,6.77,1.94,1722,195.83,Wheat
58,20,37,7.78,42.33,0.37,2.21,29.78,45.27,2092.34,7.76,17.5,291,102.2,Rice
88,74,55,4.62,11.43,0.66,1.77,26.87,86.22,396.37,9.01,6.67,2315,129.91,Millet
67,27,80,5.68,57.44,1.47,1.54,24.15,75.71,732.47,8.94,7.47,1399,248.41,Wheat
144,48,76,7.75,53.05,0.73,0.74,30.04,40.27,1656.98,9.12,4.15,1112,103.21,Rice
76,53,95,8.18,57.67,0.38,1.68,24.52,33.94,1210.18,5.24,17.79,1980,116.72,Rice
40,27,64,6.15,46.57,1.1,0.47,34.48,59.59,1812.85,10.35,7.57,2207,287.85,Rice
101,56,47,8.06,30.6,1.25,0.31,22.31,33.16,2329.16,7.68,6.65,2412,206.86,Rice
118,40,119,5.3,20.35,0.56,2.36,36.72,54.24,1734.57,10.4,14.67,1760,64.1,Rice
34,48,117,5.39,19,1.25,2.06,13.59,78.02,1485.14,11.43,7,2019,217.22,Barley
88,47,27,7.88,17.25,0.55,1.98,12.82,60.04,938.21,4.83,9.77,915,134.95,Wheat
95,88,85,8.11,21.03,1.1,2.79,29.67,83.81,1923.38,6.85,19.99,567,143.89,Rice
81,56,104,5.39,37.53,0.36,1.2,21.69,77.48,2516.22,8.25,10.32,2140,100.87,Rice
138,79,72,4.74,44.19,0.76,1.26,23.67,63.32,934.72,5.08,9.8,1065,104.13,Rice
56,17,112,4.86,25.7,0.88,1.3,30.88,77.42,2406.79,6.07,16.17,2434,206,Rice
153,74,14,5.55,37.44,1.14,1.45,16.44,35.69,1369.3,4.39,1.81,451,195.03,Sugarcane
45,22,53,7.55,27.06,1.05,1.59,11.32,42.08,513.21,9.45,8.14,1091,198.36,Wheat
27,64,114,6.54,44.83,1.31,2.36,23.17,72.03,2749.77,7.97,14.31,1228,120.39,Rice
23,52,38,6.32,59.42,0.44,0.73,36.84,30.34,2108.58,4.25,18.34,1870,229.95,Rice
40,13,116,6.84,44.45,1.06,1.36,23.52,30.28,2554.82,6.43,13.33,504,263.3,Rice
44,80,109,8.06,12.95,0.37,1.56,27.16,52.82,2033.74,7.27,11.07,916,332.41,Rice
62,69,23,4.86,33.86,0.82,0.59,16.25,82.02,545.9,6.74,9.76,2342,324.68,Tomato
56,21,67,7.28,48.52,0.88,2.14,23.92,88.85,1716.54,4.15,10.1,1725,313.19,Rice
61,68,53,8.21,37.11,0.24,0.26,24.42,68.99,1974.16,6.3,9.96,510,107.01,Rice
111,86,27,5.35,57.55,0.29,1.8,17.05,87.02,931.41,4.65,18.85,657,313.44,Wheat
80,63,16,7.85,12.74,1.29,0.69,14.91,80.86,1966.52,4.05,16.39,2243,135.41,Wheat
87,53,96,7.29,24.56,0.57,0.12,20.51,42.09,1787.01,6.83,7.16,1861,137.96,Rice
72,25,106,4.56,21.04,0.65,1.02,11.17,54.24,260.44,7.09,2.15,1774,167.63,Cotton
103,15,71,5.43,48.38,1.03,1.34,14.99,67.43,2671.15,11.32,13.99,1787,51.49,Sugarcane
53,23,54,6.92,36.19,0.49,2.47,31.94,39.08,1694.78,5.03,14.85,998,254.23,Rice
95,67,25,6.51,16.92,0.45,1.28,29.47,48.79,1836.23,9.6,15.67,456,199.31,Rice
116,40,73,6.61,24.28,0.75,2.75,19.38,75.38,623.72,6.11,5.43,461,224.89,Wheat
49,50,46,5.43,36.13,0.28,2.54,26.53,50.68,2451.16,7.98,13.1,230,274.61,Rice
107,44,34,7.2,59.81,1.39,0.66,34.88,85.56,1688.12,7.45,13.15,2207,307.96,Rice
26,19,18,5.57,28.21,1.42,0.55,35.17,54.41,447.91,7.87,3.11,816,59.08,Millet
55,39,64,6.06,17.84,0.78,0.81,29.63,43.19,2162.57,10.1,15.7,377,313.55,Rice
57,53,37,5.98,34.85,0.47,1.14,13.72,42.61,1569.01,4.15,12.25,779,270.76,Rice
71,64,18,7.19,25.51,0.81,1.79,14.89,71.23,1137.05,6.63,10.45,1542,269.24,Wheat
159,80,21,4.86,38.3,0.33,0.46,18.75,52.09,2780.43,6.72,1.75,1177,64.38,Sugarcane
112,27,27,5.32,33.34,0.72,1.64,30.12,44.24,2499.58,4.76,9.71,923,63.69,Rice
126,88,100,5.3,44.47,0.3,1.78,17.74,71.63,319.82,4.09,17.16,264,86.58,Rice
145,48,99,4.93,55.71,1.12,2.02,23.93,55.28,2156.16,9.75,8.07,2197,330.86,Rice
68,51,65,5.33,20.03,0.56,1.7,34.77,80.76,681.98,11.06,19.61,2423,210.36,Millet
40,63,99,6.93,51.06,0.88,2.49,36.75,62.94,246.7,6.49,15.95,273,92.6,Millet
34,39,83,7.43,57.46,0.22,1.96,35.16,88.33,812.19,9.22,16.65,2341,51.34,Pulses
33,29,67,7.14,28.68,0.88,2.78,13.49,52.47,333.71,11.96,12.17,1185,126.78,Wheat
61,51,90,6.4,15.68,0.2,2.13,37.32,46.93,1987.06,5.31,6.34,1421,326.23,Rice
34,14,60,4.71,51.1,1.4,1.36,30.52,68.67,2320.87,6.21,8.65,1435,281.37,Rice
82,59,41,8.34,45.05,0.85,0.71,28.56,72.5,698.81,10.54,12.74,679,190.74,Millet
46,50,97,5.17,20.64,0.33,0.13,17.43,31.02,786.18,4.03,17.82,857,212.31,Wheat
112,48,116,7.17,32.26,0.64,0.36,37.85,70.16,575.37,8.74,14.81,1119,253.11,Millet
124,66,57,8.15,38.9,0.26,0.65,10.52,40.86,1774.63,7.82,7.84,2126,164.47,Wheat
72,66,17,7.29,18.49,0.89,0.73,12.47,87.53,1570.14,9.77,5.9,1968,148.88,Wheat
71,46,39,5.37,45.75,0.36,2.25,14.61,64.56,217.22,8.23,13.04,1123,200.31,Cotton
82,16,35,5.76,44.49,0.82,1.22,30.82,37.6,1234.97,8.13,2.54,447,84.79,Millet
76,14,33,4.62,54.36,0.6,1.04,28.69,33.16,446.53,9.68,8.12,1656,68.75,Millet
139,88,36,6.95,38.36,1.19,0.25,38.34,82.78,1821.16,8.4,5.76,2149,147.12,Rice
71,60,88,6.95,38.72,0.83,1.66,20.47,81.04,1526.6,11.89,17.53,1250,214.01,Rice
126,17,101,7.4,40.97,1.3,1.88,20.43,56.05,1484.9,9.58,13.47,488,182.13,Sugarcane
62,65,84,4.54,23.69,1.42,2.65,30.09,35.25,2258.38,10.45,3.3,1960,293.38,Rice
154,82,48,7.77,47.93,1.46,1.56,15.22,53.4,1486.23,7.38,10.71,753,203.72,Wheat
136,20,75,7.45,43.12,0.54,0.12,23.92,75.63,1561.31,11.66,16,223,271.95,Rice
23,31,60,5.06,51.96,1.2,0.29,10.46,69.69,1971.37,7.59,3.09,2027,205.38,Cotton
152,86,82,5.89,48.43,0.77,0.89,27.76,81.91,1043.8,6.77,11.87,956,248.9,Sugarcane
99,20,59,7.05,41.93,0.75,0.5,33.52,75.07,2824.73,11.51,15.4,1702,261.7,Rice
60,69,54,6.48,18.04,1.33,2.33,16.11,49.81,988.14,7.02,4.97,2240,60.67,Wheat
151,24,96,4.96,55.96,0.39,0.41,19.22,50.47,2758.57,6.92,18.64,2070,224.18,Sugarcane
21,47,42,4.85,28.36,0.82,0.57,13.96,68.87,2478.31,8.45,11.49,1543,63.56,Cotton
62,10,28,7.63,58.21,0.97,2.03,28.47,48.61,2737.49,10.8,13.01,745,82.97,Rice
101,55,22,5.12,30.09,0.29,0.79,26.92,82.06,713.18,6.64,7.71,2148,196.93,Millet
127,52,87,5.19,17.3,1.32,2.91,34.79,49.66,847.54,10.64,15.71,2161,240.96,Barley
156,31,105,7.82,54.24,0.61,2.6,39.11,59.34,2573.89,5.3,12.37,748,335.39,Rice
45,12,31,6.95,49.75,1.05,2.26,39.51,32.59,2880.08,5.38,18.44,658,277.15,Rice
101,23,29,6.92,49.31,1.41,1.1,13.22,37.09,2308.99,7.61,10.21,1956,252.9,Wheat
102,11,106,6.42,14.47,1.14,0.26,26.59,37.91,1986.41,6.11,12.54,221,317.91,Rice
150,70,14,6.78,53.96,1.35,1.08,33.69,50.65,2466.34,7.87,11.93,1332,312.18,Rice
92,41,93,6.91,39.82,0.29,1.19,29.77,37,316.47,4.1,11.98,2375,235.24,Millet
119,47,87,8.37,33.52,0.84,0.47,36.91,57.43,2592.16,6.21,14.57,305,90.77,Rice
68,55,100,5.39,55.66,0.93,0.45,23.25,46.15,987.16,11.58,2.99,41,242.76,Millet
82,51,99,5.36,43.3,1.1,2.04,22.81,46.35,358.64,11.03,12.46,1910,217.48,Cotton
74,15,41,4.73,16.65,0.35,0.77,10.78,56.73,2108.47,4.23,8.95,2022,146.15,Potato
53,50,39,7.13,35.98,1.05,2.07,10.47,81.23,2307.8,10.43,9.56,1433,56.97,Wheat
124,34,100,6.7,41.83,0.39,1.69,30.78,75.7,1956.11,7.55,9.25,1955,207.3,Rice
124,20,35,4.94,54.93,0.29,2.71,24.14,83.02,1180.39,10.53,3.1,1050,180.43,Sugarcane
88,50,91,5.96,23.99,0.81,2.41,29.81,89.41,528.18,6.24,1.28,2099,53.51,Millet
34,80,118,5.21,49.71,0.98,0.54,17.15,30.67,2353.17,8.4,3.03,1328,200.92,Cotton
22,66,96,5.83,49.99,1.45,1.87,35.89,71.55,332.6,11.89,9.27,1023,148.27,Millet
22,55,117,8.31,16.4,1.11,1.99,37.09,37.19,2327.15,6.61,8.17,1558,97.65,Rice
121,57,97,7.23,10.86,0.97,2.6,29.87,86.21,2880.86,11.08,3.69,1192,59.51,Rice
23,72,13,4.53,39.07,0.48,1.96,18.33,43.61,2991.08,11.02,14.75,1194,162.23,Millet
107,48,114,5.51,49.47,0.4,0.51,16.48,51,1309.66,5.23,14.58,1395,84.94,Sugarcane
64,19,76,4.54,37.72,0.99,0.85,28.76,88.74,504.26,5.95,18.32,584,293.36,Millet
64,79,52,7.36,50.67,0.49,1.95,38.22,82.03,464.69,5.02,17.12,121,286.38,Millet
94,74,39,6.38,41.12,1.12,2.74,27.34,32.83,1576.29,6.3,16.73,1474,207.47,Rice
28,68,25,8.48,42.66,0.35,2.69,35.18,32.81,2416.91,8.19,16.24,756,143.21,Rice
137,87,80,7.43,11.41,0.64,1.14,26.96,79.13,334.06,11.42,17.75,1767,131.74,Millet
84,45,48,6.57,14.43,1.21,2.51,30.24,34.22,671.32,7.17,10.77,113,74.82,Millet
150,36,95,7.72,46.25,1.28,1.58,27.03,81.1,1848.13,11.9,2.49,2330,153.73,Rice
45,82,50,7.32,48.14,0.65,1.45,27.26,85.48,439.28,7.19,11.77,728,328.32,Millet
45,64,40,5.48,37.11,0.47,1.12,32.18,31.43,2659.55,8.71,17.08,142,346.39,Rice
42,79,58,6.62,39.51,1.45,2.07,21.89,43.2,1608.68,11.72,2.8,1717,68.46,Rice
49,62,22,6.72,40.72,1.19,1.84,37.12,31.39,1283.14,8.81,16.59,456,105.51,Pulses
29,69,114,6.3,15.25,1.25,1.19,35.9,34.37,237.05,7.1,3.61,882,181.28,Millet
91,70,50,5.22,43.4,0.49,2.31,31.76,62.04,516.37,8.2,1.49,1536,294.18,Millet
83,45,102,5.39,33.92,0.75,1.2,32.3,73.81,2517.3,8.35,14.34,1403,200.53,Rice
142,36,37,5.62,40.13,0.29,1.79,22.4,58.77,2157.1,4.84,13.26,907,60.45,Rice
124,50,117,4.54,38.16,0.34,1.24,34.98,53.16,257.08,7.24,17.68,2246,204.61,Millet
93,37,73,8.17,48.15,0.49,0.44,37.98,42.4,2927.12,8.21,13.59,1425,219.4,Rice
124,25,28,7.24,25.93,0.59,0.57,33.85,44.19,1189.11,10.23,6.01,1040,208.87,Sugarcane
66,44,96,7.26,28.68,1.5,2,13.99,64.94,1897.89,4.05,18.51,35,316.48,Wheat
106,45,81,6.79,29.58,0.75,2.45,33.6,81.35,2223.28,10.51,18.15,612,172.45,Rice
72,65,34,7.26,48.12,1.11,1.46,23.94,54.27,2878.25,6.16,18.91,441,83.17,Rice
148,28,47,8.43,31.56,1.38,1.04,28.26,86.38,2693.21,9.72,15.03,1259,201.12,Rice
21,66,111,6.04,18.85,0.52,1.08,39.73,33.13,1872.76,10.18,17.52,821,117.38,Rice
77,42,108,7.35,59.15,0.39,1.83,20.78,79.75,590.18,10.88,5.58,129,59.57,Cotton
91,32,99,5.94,34.67,0.52,1.46,20.46,50.32,2566.06,11.61,12.12,426,251.82,Rice
159,72,12,7.92,15.46,1.35,0.1,17.89,82.13,2486.91,11.2,6.09,2466,190.46,Wheat
46,79,11,7.93,43.51,1.07,2.34,13.81,85.16,1989.6,9.07,7.22,138,125.25,Wheat
48,31,14,8.11,46.96,0.79,0.51,15.05,72.02,2969.85,9.8,16.72,736,63.98,Wheat
34,76,70,4.52,35.01,1.27,2.06,25.43,51.3,1679.23,9.62,14.5,538,186.13,Rice
148,89,29,5.69,42.32,0.51,1.1,37.29,57.42,798.45,8.14,18.6,2295,97.89,Millet
79,68,85,5.04,18.63,0.51,1.78,34.3,63.11,910.55,10.15,15.86,809,210.44,Millet
126,34,47,6.32,28.4,0.94,2.58,15.47,57.72,1338.51,7.62,6.52,2158,339.08,Wheat
22,26,89,6.48,18.09,1.23,0.55,26.85,77.47,1383.57,10.56,17.77,2484,238.45,Barley
134,48,110,5.52,29.36,0.54,2.36,35.41,76.29,2527.24,9.95,2.45,836,150.86,Rice
71,86,111,7.39,38.14,0.47,0.21,26.18,30.76,2683.45,7.92,2.55,880,117.69,Rice
79,84,45,5.58,32.13,0.82,2.77,37.34,39.1,1271.67,8.11,6.19,612,152.64,Potato
53,83,55,7.92,39.66,0.37,0.68,37.24,51.81,2846.84,9.13,16.3,1462,240.89,Rice
115,48,102,5.21,35.09,1.17,2.4,20.45,70.35,2798.64,6.66,18.62,1413,75.04,Rice
108,33,108,5.97,25.89,0.95,0.29,36.22,43.78,1349.61,8.45,13.27,607,96.42,Sugarcane
79,47,46,6.99,17.17,0.87,1.05,27.55,49.37,2630.6,11.2,18.64,1584,193.16,Rice
38,66,63,6.92,22.63,1.33,1.94,24.4,57.72,515.9,6.49,12.41,2296,337.15,Sugarcane
130,53,30,4.81,20.04,1.15,2.01,33.23,65.37,1631.45,9.52,18.71,2458,332.44,Rice
41,45,30,7.89,45.37,0.39,2.13,33.69,84.11,2195.49,4.32,9.06,1301,50.79,Rice
147,79,101,6.89,51,0.75,1.12,30.26,78.28,1167.59,5.03,19.47,1812,218.39,Sugarcane
54,89,79,7.98,46.02,0.62,2.03,34.33,51.55,264.66,11.08,5,2054,132.84,Millet
126,54,93,7.97,42.19,1.24,1.34,38.54,76.08,355.3,11.23,5.41,496,62.65,Millet
147,35,69,6.68,25.39,1.13,1.74,36.19,79.96,2704.77,8.55,5.65,376,261.52,Rice
102,20,45,8.14,45.55,0.81,1.69,12.23,61.34,1651.78,8.78,4.19,1146,257.64,Wheat
157,61,86,7.89,40.25,1.27,0.59,35.5,47.76,626.43,7.28,10.65,242,196.46,Millet
158,34,113,8.33,12.34,0.73,2.56,33.45,86.58,2725.93,8.77,11.31,1414,221,Rice
130,40,20,7.9,55.38,1.24,2.61,37.8,87.74,2838.11,11.01,15.79,1974,119.95,Rice
109,54,97,7.78,14,0.24,0.69,32.19,43.48,1113,5.24,6.8,1605,212.28,Sugarcane
43,76,92,6.38,35.14,0.38,1.31,36.34,77.1,1840.76,8,18.31,2476,54.56,Rice
96,85,96,5.35,35.65,1.18,1.45,10.31,32.51,1112.23,11.01,16.83,1453,249.93,Barley
120,49,40,8.14,51.85,0.35,1.69,39.33,30.14,2230.73,4.57,15.25,239,55.85,Rice
151,55,110,7.39,55.65,1.09,0.16,15.73,51.09,2854.21,5.61,19.65,2079,165.57,Wheat
32,63,46,5.63,56.98,1.14,2.3,35.93,57.75,278,8.1,1.5,918,109.92,Millet
117,50,69,5.86,38.48,1.06,2.6,37.89,62.78,1518.44,8.94,19.78,1630,233.01,Rice
139,47,70,7.24,43.95,1.26,0.51,10.07,52.7,2437.41,9.66,5.45,1263,107,Wheat
56,45,76,6.41,14.43,0.87,2.7,37.41,37.73,2129.68,5.48,1.79,1365,138.97,Rice
67,53,107,4.83,34.4,1.37,2.57,34.88,50.69,710.26,8.78,9.53,1536,300.47,Millet
20,66,38,5.07,54.89,0.94,1.67,37.67,79.31,1298.14,6.75,14.04,334,291.9,Potato
79,75,76,7.48,32.78,0.86,0.9,15.31,50.14,1511.19,6.53,6.61,1037,136.91,Wheat
159,39,88,5.81,13.48,0.86,0.7,33.32,65.54,2285.92,4.5,9.51,1807,96.2,Rice
158,19,80,6.53,20.03,1.39,1.52,24.62,70.85,1485.48,4.99,5.5,2494,172.83,Sugarcane
63,70,76,7.57,31.48,0.52,1.57,17.73,73.95,1079.16,10.39,1.02,1127,82.29,Wheat
134,72,116,7.5,21.88,1.1,1.99,32.69,59.28,1362.01,7.65,17.99,1072,281.89,Sugarcane
127,45,25,5.17,29.61,0.52,2.42,24.2,37.54,2907.29,9.99,7.88,1176,76.62,Rice
63,63,54,4.89,26.65,0.32,2.81,37,84.03,330.95,10.54,3.78,1742,140.9,Millet
97,74,43,6.86,25.95,1.44,2.41,31.32,45.62,1134.62,10.35,8.32,2099,314.8,Potato
44,13,93,7.47,14.56,0.37,2.74,14.17,50.34,754.33,11.85,1.27,907,113.67,Wheat
151,64,53,5.1,54.14,1.09,1.55,17.52,76.43,1321.41,6.07,2.53,1562,159.73,Sugarcane
135,63,112,5.99,44.64,0.75,0.21,17.94,75.81,1840.11,4.58,11.59,1180,234.88,Sugarcane
138,73,106,7.98,41.17,1.29,0.25,20.32,83.78,743.99,8.18,5.28,502,89.15,Tomato
29,31,87,8.28,40.32,1.21,0.88,29.99,32.02,1394.19,11.71,13.45,2350,299.46,Wheat
128,34,51,6.32,29.83,0.39,1.88,36.83,82.47,2517.98,5.62,9.59,967,317.85,Rice
54,68,44,4.82,51.17,0.81,1.07,27.81,77.53,1997.95,8.35,2.36,2037,286.03,Rice
153,66,84,5.53,56.5,0.24,0.58,32.55,61.51,2101.88,7.28,11.06,2392,235.25,Rice
38,63,93,5.43,10.28,0.76,2.57,19.5,39.57,2833.02,8.99,13.04,1724,257.05,Barley
27,53,39,5.46,13.96,1.11,2.96,25.67,62.7,1345.09,7.49,11.6,408,329.2,Sugarcane
29,61,62,6.48,43.75,0.5,0.15,25.12,41.64,2994.43,11.91,5.85,2166,291.91,Rice
48,85,67,6.83,21.8,1.25,0.36,31.03,87.9,1269.72,10.23,1.53,1133,327.2,Maize
34,25,37,4.99,55.59,0.27,1.55,25.54,72.53,711.52,10.18,8.96,307,330.06,Millet
106,25,24,8.06,43.37,0.24,1.08,20.03,65.77,2460.97,6.94,13.53,602,224.77,Rice
42,64,47,6.98,28.41,0.24,2.37,17.32,78.8,1627.92,10.12,2.33,158,112.29,Wheat
65,70,59,6.89,30.76,0.56,2,17.64,61.95,1165.86,8.17,18.43,994,133.42,Wheat
47,88,22,8.45,44.54,0.81,0.3,39.43,33.62,889.71,10.86,7.5,1032,332.09,Pulses
45,86,44,7.01,17.05,0.34,1.68,20.72,45.54,2500.18,10.26,7.57,925,259.97,Rice
29,49,33,8.22,54.17,1.5,1.08,34.2,88.9,1779.19,9.36,7.33,2236,140.52,Rice
23,30,74,5.65,10.24,1.5,2.9,12.14,81.05,1948.36,5.93,18.1,2292,310.21,Rice
74,75,115,5.46,58.95,0.88,1.48,12.69,85.65,1494.35,8.59,18.96,1124,331.43,Cotton
85,17,97,6.57,18.38,0.94,2.79,30.58,35.87,800.51,11.14,17.93,1188,274.7,Barley
86,80,100,6.53,47.11,1.4,0.19,23.72,44.88,1145.23,8.99,15.98,2368,98.16,Sugarcane
154,19,27,5.41,12,1.2,0.4,36.41,33.79,560.38,10.65,5.95,1495,71.48,Millet
74,66,67,7.3,31.57,0.42,1.22,35.87,79.33,1155.33,8.27,15.07,1862,114.74,Maize
50,13,35,4.62,41.52,1.23,2.67,32.67,40.43,2755.56,10.74,6.54,492,323.94,Rice
93,52,38,7.26,13.51,0.5,1.68,34.46,54.6,1809.62,8.67,8.16,2395,155.11,Rice
38,72,81,6.33,32.16,0.76,2.49,36.12,46.17,329.37,10.81,3.73,1076,295.9,Millet
100,52,53,7.26,25.16,0.89,0.92,33.51,85.82,2339.62,7.78,11.02,977,319.71,Rice
106,76,99,6.41,34.91,1.13,0.42,25.81,66.5,2349.45,9.33,16.33,2361,59.02,Rice
39,60,14,8.41,35.23,0.4,0.81,17.94,77.97,2326.58,4.46,13.89,522,322.73,Wheat
32,65,42,5.84,49.26,0.3,1.97,33.62,66.13,1926.29,7.5,8.19,2103,233.62,Rice
96,52,113,8.43,16.18,1.33,2.63,19.53,66.75,288.23,5.12,13.72,1855,228.27,Wheat
62,33,14,4.76,14.14,1.27,1.42,17.34,52.97,1271.39,5.84,13.04,335,144.74,Cotton
158,43,45,7.24,30.09,0.88,0.66,15.15,44.34,1110.77,8.33,11.27,451,76.61,Wheat
69,68,86,6.32,54.38,1.06,1.95,28.82,50.9,259.18,8.33,6.09,2045,266.61,Millet
47,11,90,7.79,52.76,1.14,0.67,17.27,47.69,439.86,10.39,1.55,1605,128.36,Wheat
23,11,22,7.66,38,0.82,1.75,21.24,71.47,1377.19,7.8,1.72,1235,191.73,Sugarcane
41,19,34,7.7,54.44,0.53,0.4,31.27,55.35,2666.14,11.55,19.08,944,127.67,Rice
138,32,67,4.88,50.27,0.83,2.45,33.81,63.01,2892.87,6.68,17.48,762,192.95,Rice
120,24,11,7.79,23.9,1.44,2.43,19.44,76.26,2281.59,7.67,5.51,961,174.54,Wheat
58,85,97,5.36,18.51,1.29,1.67,35.28,45.99,831.76,10.16,4.69,756,221.2,Wheat
53,26,45,4.6,25.06,0.81,0.21,11.74,55.42,2780.82,9.26,6.76,274,235.58,Potato
116,23,34,5.37,21.36,0.49,0.91,39.58,61.17,2938.34,5.33,11.87,2355,160.86,Rice
63,88,43,6.42,41.14,1.36,0.5,22.51,33.23,1404.69,8.15,1.33,1162,257.57,Barley
59,85,21,7.47,39.24,1.03,1.62,19.75,39.13,1661.31,4.61,17.95,2462,211.76,Wheat
116,25,28,5.37,39.92,0.73,0.4,37.71,33.81,1168.81,5.19,15.72,659,120.56,Sugarcane
159,41,115,4.95,19.47,0.35,2.62,13.97,75.14,2585.73,4.84,11.04,861,88.9,Sugarcane
149,32,103,7.08,49.59,1.18,2.57,20.73,47.99,1033.51,4.76,17.45,264,152.04,Sugarcane
93,43,46,8.44,31.68,0.61,0.55,20.77,55.36,504.38,5.17,11.42,1990,322.43,Cotton
105,25,116,6.9,33.62,0.99,2.12,22.73,70.34,1476.8,11.12,2.68,784,186.59,Sugarcane
109,43,10,7.26,59.85,0.94,2.12,35.45,87.99,674.69,9.5,11.6,790,272.09,Millet
86,80,69,6.74,24.11,1.11,1.25,35.48,78.66,1406.67,9.4,10.13,149,268.17,Sugarcane
95,42,76,7.63,29.71,0.9,0.54,27.75,33.47,1839.2,11.17,14.19,598,333.24,Rice
111,77,58,8.4,43.82,1.02,0.48,39.75,48.34,2447.29,9.58,7.58,393,75.83,Rice
29,52,99,6.68,54.02,0.31,2.24,35.32,32.94,2137.56,8.87,7.85,806,264.76,Rice
105,73,88,6.17,16.34,1.06,0.74,30.43,33.7,2267.96,9.96,18.9,794,287.2,Rice
121,80,55,7.94,46.75,0.45,1.85,15.98,37.65,1853.45,9.58,18.46,1279,313.86,Wheat
127,27,57,8.38,55.91,0.71,2.61,26.49,49.26,427.83,8.81,18.11,1834,207.37,Millet
110,77,101,5.02,31.15,0.87,1.82,16.42,43.89,2664.08,4.86,8.88,791,87.32,Sugarcane
98,70,77,6.81,24.34,1.09,2.92,19.05,51.13,2154.81,4.56,15.24,2054,71.25,Wheat
105,84,28,7.67,43.89,1.17,1.97,30.58,79.32,2411.69,5.32,18.85,567,79.32,Rice
126,29,97,6.63,22.3,1.12,1.01,15.53,77.86,2834.6,8.97,19.37,2117,113.23,Wheat
120,20,49,6.14,29.21,0.32,2.57,12.73,51.04,2910.77,8.18,5.61,63,69.22,Wheat
127,88,15,7.12,54.85,0.7,1,25.95,69.59,2897.77,8.37,5.08,158,144.05,Rice
79,55,89,5.58,39.52,0.56,2.92,10.03,52.36,954.84,7.08,10.46,2123,261.23,Pulses
67,73,105,5.9,14.75,0.72,1.49,28.27,53.16,2584.54,10.58,17.52,242,241.31,Rice
136,85,103,8.47,26.48,1.04,2.86,37.04,70.54,2884.26,9.94,11.04,1639,281.52,Rice
125,37,72,7.05,41.36,0.45,0.63,15.71,53.06,2177.69,4.41,16.05,1973,175.45,Wheat
52,57,44,7.99,34.07,0.85,0.13,21.48,62.96,2204.58,5.6,10.01,337,300.28,Rice
63,44,81,7.73,43.02,1.35,0.67,37.49,36.91,2675.76,8.37,15.27,1272,224.66,Rice
131,17,70,7.11,48.07,1.15,0.39,31.12,62.33,1005.14,5.53,6.06,2000,154.83,Sugarcane
108,31,14,7.86,34.03,1.14,2.23,14.06,74.52,737.22,5.13,16.66,706,69.33,Wheat
55,33,46,5.65,59.35,1.3,0.87,21.46,83.3,1423.49,4.08,16.15,2423,121.87,Barley
100,75,85,7.05,55.73,0.72,1.95,32.68,38.84,2859.66,11.86,5.27,1779,174.89,Rice
107,73,98,6.86,13,1.19,2.04,29.94,54.64,369.31,5.85,17.58,2289,148.41,Millet
149,74,106,6.99,23.32,0.28,2.1,14.67,59.17,1439.03,7.38,3.24,2054,130.94,Wheat
50,23,112,5.17,25.03,0.27,2.51,11.87,84.29,2134.24,9.02,15.6,797,106.37,Millet
127,34,97,5.61,19.21,0.63,0.53,30.45,45.44,2023.56,5.97,17.15,1199,264.03,Rice
49,12,20,5.65,25.6,0.46,0.25,28.27,39.94,2467.72,10.51,16.75,1000,194.76,Rice
31,14,115,6.91,31.24,0.87,0.19,11.78,38.49,954.9,8.74,5.64,1999,260.72,Wheat
70,74,108,8.39,12.58,0.44,0.4,39.24,39.29,855.07,9.48,2.54,1841,214.84,Tomato
140,63,49,8.32,16.37,1.47,1.2,17.57,82.17,2516.84,5.23,1.55,687,122.47,Wheat
158,28,74,5.41,14.81,1.31,2.91,21.58,67.19,2512,9.78,1.46,2241,313.39,Rice
32,63,17,5.72,12.32,1.48,1.12,15.33,55.24,896.72,4.42,10.71,724,63.25,Potato
110,85,96,4.64,34.07,1.25,1.41,34.86,82,1432.76,6.57,4.8,914,301.58,Sugarcane
93,19,93,6.1,26.69,1.44,2.46,38.88,47.88,1464.68,7.44,17.55,998,267.45,Cotton
39,25,105,7.84,56.77,0.68,2.76,16.4,85.67,1637.16,4.76,4.12,723,337.57,Wheat
91,55,20,8.16,15.14,0.85,2.92,18.5,75.53,2541.97,8.47,13.75,1896,132.24,Wheat
92,38,80,5.45,56.3,0.51,2.5,31.2,31.23,1889.48,6.73,18.44,2006,88.12,Rice
90,24,67,5.56,14.33,1.03,1.56,25.84,57.76,1650.99,5.08,19.33,442,239.96,Rice
97,57,103,5.38,40.96,1.22,0.77,13.15,80.55,1010.56,6.28,17.32,2186,236.91,Sugarcane
47,20,57,5.9,22.39,0.85,1.84,37.86,53.77,313.14,8.64,4.88,1996,298.92,Millet
149,43,112,7.72,51.34,0.59,0.67,28.33,89.23,2770.71,5.8,11.06,99,181.43,Rice
140,45,22,7.09,13.07,0.86,0.26,19.04,80.8,2205.38,7.76,4.51,1189,229.22,Wheat
62,39,115,7.64,57.63,0.28,2.77,24.69,75.18,408.33,9.52,12.36,2362,235,Rice
27,82,69,6.83,12.36,1.14,1.51,25.01,38.13,1033.13,8.89,5.54,953,72.57,Wheat
32,28,58,5.53,22.06,0.79,1.57,25.76,36.47,2011.71,10.11,7.27,458,96.12,Rice
130,77,76,5.41,33.21,1.37,1.87,24.92,68.47,785.54,9.54,11.49,1799,147.57,Millet
54,79,16,4.54,47.8,1.4,1.41,26.85,69.69,494.24,7.88,3.32,824,83.75,Millet
42,42,116,7.62,57.56,0.36,1.39,21.8,38.85,1740.9,8.16,7.73,1918,191.29,Rice
65,89,86,7.89,31.4,1.49,2.75,14.38,81.24,1121.32,6.12,7.46,219,341.18,Wheat
34,84,110,7.57,47.87,1.46,2.47,29.94,82.42,2517.67,11.46,12.12,1132,200.97,Rice
149,31,34,4.8,46.36,1.02,0.72,33.77,55,2862,11.22,11.87,1664,326.59,Rice
80,45,32,7.55,38.56,1.27,0.95,35.23,66.46,1845.45,10.53,8.41,2368,88.7,Rice
134,32,60,4.68,44.55,0.22,2.02,10.66,60.64,2196.11,5.19,17.45,468,123.24,Sugarcane
83,72,56,4.92,11.9,1.46,1.76,22.14,32.14,2953.6,10.18,13.21,1546,196.05,Rice
71,35,106,6.26,32.08,0.79,2.32,39.35,35.42,832.67,11.42,16.29,314,207.15,Potato
88,69,14,6.4,49.29,1.38,2.21,11.88,76.79,2733.62,11.28,11.84,459,239.22,Wheat
86,14,105,7.76,33.71,0.7,2.15,33.57,59.3,1766.16,11.24,8.24,605,116,Rice
102,63,103,7.22,53.68,1.22,2.65,13.78,66.65,725.39,9.39,8.22,1528,115.84,Wheat
21,47,104,5.11,51.68,0.74,2.32,34.74,66.77,1009.67,6,4.94,468,262.45,Wheat
97,71,22,5.4,53.17,0.67,0.8,30.17,52.78,2126.63,8.68,16.83,1838,257.38,Rice
47,34,51,5.64,16.5,1.43,2.63,31.75,31.76,2781.53,6.27,17.01,1828,308.44,Rice
73,21,14,4.99,22.21,1.11,1.07,39.32,77.21,533.12,10.41,3.07,876,99.16,Millet
86,31,32,5.65,11.48,1.29,2.74,38.18,58.11,1989.91,5.38,16.79,153,284.8,Rice
121,18,71,7.41,59.14,0.91,2.49,19.13,38.33,1255.29,5.73,16.59,466,205.26,Wheat
139,38,10,5.47,21.81,1.39,0.31,21.26,31.26,1100.75,6.12,12.45,1631,145.4,Sugarcane
67,53,83,7.84,28.35,1.16,2.34,22.22,31.05,704.12,8.75,15.18,1767,316.17,Tomato
66,36,100,6.38,23.75,0.29,1.55,15.42,32,2686.85,8.7,18.5,2251,250.89,Wheat
40,64,63,5.79,11.99,1.2,2.93,21.43,39.3,1219.92,8.39,10.23,2092,239.19,Sugarcane
111,14,81,6.15,23.06,0.22,1.43,39.37,43.89,1441.2,5.16,15.76,1041,229.77,Sugarcane
140,61,12,7.34,14.91,1.28,0.29,24.69,44.83,780.66,7.71,19.22,571,263.97,Rice
135,22,92,6.57,29.71,0.63,0.95,38.58,67.93,1901.96,11.43,8.25,1942,238.19,Rice
20,51,73,4.53,58.34,0.98,1.35,12.14,44.49,1432.56,11.51,9.49,1666,333.38,Barley
96,24,60,8.19,44.91,1.17,1.82,11.18,70.44,740.41,7.84,13.43,1426,178.73,Wheat
104,88,11,4.76,45.35,1.03,0.54,27.26,79.4,1069.35,6.1,10.47,1072,333.61,Sugarcane
65,27,58,8.25,32.66,1.07,1.59,32.09,53.09,1295.27,11.94,5.95,1020,236.97,Wheat
156,59,40,4.61,50.57,1.36,1.5,16.52,73.1,415.54,5.76,12.57,1625,107.53,Cotton
66,11,83,7.58,55.41,0.69,2.53,25.1,36.25,345.21,10.73,15.44,2091,147.24,Millet
78,22,89,6.64,58.08,0.91,0.98,36.19,49.68,2978.96,6.36,1.11,499,211.51,Rice
73,77,110,6.52,14.95,0.43,1.4,32.85,70.96,2797.6,11.28,4.81,996,80.18,Rice
105,56,93,4.79,53.98,0.81,1.23,16.95,85.91,1860.84,4.95,19.89,2329,258.2,Sugarcane
31,84,12,5.45,21.25,0.4,1.93,20.03,66.93,885.37,6.53,17.32,409,240.67,Barley
25,59,44,7.61,29.86,1.02,2.52,19.17,51.83,850.76,9.14,19.91,2024,220.78,Wheat
72,21,107,8.07,27.27,0.62,2.06,31.59,48.82,1433.47,4.76,13.16,763,250.62,Maize
109,22,94,6.62,43.76,1.32,1.45,39.05,53.49,1281.24,7.13,10.62,84,327.88,Sugarcane
24,18,45,5.91,39.9,0.65,1.95,18.4,69.17,2252.48,7.15,1.61,44,109.02,Wheat
92,68,73,4.74,15.46,0.57,1.03,27.65,49.62,1339.91,8.09,7.55,885,318.35,Potato
33,54,41,7.23,49.14,0.84,0.52,39.66,58.2,2875.05,4.03,8.87,1232,62.78,Rice
125,79,27,5.61,31.98,0.43,1.03,14.73,75.54,908.15,9.21,3.51,1104,251.55,Barley
71,52,43,4.72,10.11,0.46,1.39,29.77,44.27,274.6,7.27,8.5,1743,263.31,Millet
135,83,65,7.16,30.73,1.22,1.37,19.96,72.99,1889.26,5.94,5.28,502,162.16,Wheat
45,32,111,6.44,35.82,0.85,2.24,39.75,75.69,2966.21,5.65,9.4,2084,330.58,Rice
72,88,76,4.55,13.44,0.47,2.82,13.26,81.82,2583.96,10.2,12.24,1136,106.29,Cotton
128,54,62,4.94,17.56,0.24,1.23,23.54,31.43,214.6,6.29,13.67,978,318.08,Maize
48,32,76,7.3,59.68,0.81,0.35,17.65,36.83,1810.57,9.42,11.26,403,134.08,Wheat
38,43,100,4.75,53.56,1.17,0.2,10.95,87.29,1470.62,4.08,1.69,485,241.48,Rice
66,25,75,7.96,16.67,0.66,0.11,38.91,37.55,2351.42,11.76,18.43,2061,123.51,Rice
155,72,73,5.75,39.02,0.52,2.82,27.05,59.27,907.62,4.64,16.69,501,297.87,Pulses
42,60,76,4.85,28.96,0.72,2.99,31.02,40.02,882.48,7.24,12.45,841,92.81,Wheat
136,41,90,7.54,37.19,1.45,0.25,28.61,78.71,1086.78,9.34,17.22,59,229.8,Sugarcane
125,47,119,6.6,33.53,0.75,1.14,14.45,35.79,889.26,8.99,17.52,1343,323.58,Wheat
72,65,48,5.73,12.41,0.54,2.04,15.12,35.14,261.43,11.14,5.33,1097,80.47,Wheat
115,78,47,6.12,25.77,0.94,0.62,28.79,60.28,1958.93,11.76,6.06,1383,340.16,Rice
24,26,49,4.59,16.28,1.25,1.82,33.39,44.29,1915.71,9.76,2.34,413,183.23,Rice
35,48,28,7.15,34.45,0.23,2.46,28.33,69.69,2585,9.11,11.5,1027,71.01,Rice
36,50,92,5.96,55.37,0.93,2.59,27.11,71.09,2153.69,4.79,14.61,2428,345.66,Rice
121,57,117,7.36,59.78,1.29,2.15,32.38,65.16,1994.43,7.53,3.12,1709,212.89,Rice
39,37,14,7.01,57.21,0.48,0.34,17.31,80.08,849.86,5.5,9.92,1842,170.43,Wheat
131,86,78,7.11,59.28,1.4,1.11,31.95,71.84,2272.37,7.04,16.48,2320,281.8,Rice
139,59,23,7.67,10.76,0.95,2.91,22.34,41.25,2595.06,5.13,13.63,1129,58.27,Rice
130,10,100,7.02,46.47,0.87,0.66,30.22,34.7,1442.94,10.28,11.7,1301,231.78,Sugarcane
20,59,58,6.17,23.65,1.45,1.42,18.24,74.87,1713.41,8.11,11.04,2373,239.43,Wheat
77,28,73,6.06,53.28,0.37,1.07,14.12,74.4,2396.14,4.88,8.04,1442,236.85,Wheat
112,68,109,4.98,50.69,1.16,0.7,10.87,81.02,1503.74,8.17,9.29,873,221.3,Sugarcane
25,77,66,7.62,31.18,1.26,1.04,34.1,42.14,2066.24,6.64,6.53,1348,160.97,Rice
127,76,113,7.54,33.66,0.84,0.65,15.91,43.39,801.51,8.01,13.81,2212,297.18,Wheat
122,50,44,5.49,23.25,0.21,2.64,20.9,64.6,1835.91,6.05,13.23,312,308.86,Rice
69,19,94,7.95,24.44,0.88,0.61,33.07,39.34,304.1,10.05,4.83,759,89.39,Millet
137,37,14,6.86,59.06,0.4,1.91,23.51,47.78,785.12,4.07,6.09,1013,281.49,Potato
129,43,97,6.41,54.44,0.93,2.83,16.53,78.75,2778.44,5.12,19.74,1679,305.66,Wheat
107,48,48,4.57,19.59,1.16,2.86,15.84,50.05,1866.61,8.57,2.99,1089,301.79,Sugarcane
39,65,33,6.03,23.78,0.89,1.84,22.24,30.68,1475.42,9.19,14.18,765,145.24,Barley
33,61,49,7.06,15.43,1.02,0.89,26.96,69.05,1661.52,4.33,10.81,1498,129.5,Rice
152,12,116,4.86,59.44,0.34,0.82,21.77,40.84,200.08,9.33,2.48,1353,158.63,Cotton
59,32,119,6.34,55.36,0.33,2.27,37.14,41.75,1486.88,5.61,2.13,1150,158.9,Potato
53,26,59,8.47,37.6,1.31,2.94,10.12,30.99,603.15,5.18,16.23,1840,200.21,Wheat
143,80,86,7.37,44.64,0.26,0.33,22.06,64.68,2602.77,4.16,12.73,870,68.85,Rice
64,35,111,6.69,47.4,0.57,2.39,32.29,63.71,1357.87,7.93,1.85,270,205.51,Barley
99,27,118,6.63,20.19,1.42,0.46,36.73,35.79,849.62,10.02,6.47,2220,186.92,Maize
90,55,67,4.68,56.73,0.8,0.96,20.75,33.03,1633.18,8.76,5.92,588,94.53,Rice
97,79,10,8.33,36.34,1.08,1.74,30.21,59.45,1224.01,10.93,11.66,1651,211.28,Cotton
97,40,52,8.21,14.62,0.49,0.96,27.41,76.88,1488.12,8.27,5.59,2266,237.21,Barley
52,18,48,7.23,29.85,0.55,1.99,16.05,87.22,2232.1,4.07,16.1,1348,146.03,Wheat
52,44,19,4.9,40.08,0.86,1.31,30.43,34.51,1625.84,10.84,5.52,644,120.95,Rice
63,69,11,5.33,27.64,1.03,0.74,17.49,72.49,2761.87,11.35,9.57,76,53.31,Wheat
39,85,72,5.24,44.96,1.45,1.64,33.52,41.49,919.11,10.99,9.02,528,202.88,Rice
130,72,25,6.58,54.1,0.95,0.17,35.98,32.04,1112.98,5.52,2.36,2088,64.83,Sugarcane
26,61,46,5.33,48.59,0.32,2.25,24.35,50.09,2377.13,11.92,8.4,876,201.83,Rice
43,57,25,7.28,42.13,0.68,1.61,11.62,64.43,2393.49,11.69,8.75,1318,280.18,Wheat
89,70,96,6.68,35.61,0.52,2.85,32.12,66.08,2934.46,10.85,3.77,199,295.67,Rice
131,33,99,4.57,22.72,0.53,0.4,24.02,32.95,1959.5,8.65,17.82,945,57.1,Rice
123,83,89,7.48,32.75,0.86,2.22,12.84,85.67,1806.73,5.59,8.1,231,171.78,Wheat
73,67,36,5.26,24.65,0.61,0.97,19.93,33.28,1848.77,5.55,17.12,2219,260.66,Wheat
57,73,72,7.8,56.7,0.58,1.18,18.72,43.03,1211.7,8.15,12.06,1523,93.36,Wheat
93,39,114,5.92,55.37,1.46,1.11,31.79,55.95,1277.88,11.14,1.18,1728,192.49,Cotton
99,38,103,5.85,17.79,0.96,1.14,22.72,86.74,983.59,7.06,13.97,1145,269.99,Cotton
51,19,73,4.55,51.13,0.54,1.35,27.61,89.47,1871.27,7.95,8.68,1817,92.68,Rice
64,48,106,8.45,45.15,0.56,0.16,25.03,30.02,2552.68,7.35,14.91,1637,260.45,Rice
80,64,41,6.95,58.76,1.25,2.56,31.73,43.47,1973.76,9.91,14.1,340,342.72,Rice
72,37,18,6.19,33.17,1.35,2.66,31.54,60.08,1523.23,4.79,15.04,282,119.26,Rice
147,27,20,4.89,46.11,1.08,0.21,23.46,71.66,378.16,9.76,14.15,1114,149.17,Tomato
95,50,110,7.3,35.89,0.76,2.35,14.05,69.4,893.44,10.28,1.39,898,52.67,Wheat
46,84,79,5.63,13.47,1.19,0.31,22.24,45.09,2566.04,9.72,19.34,797,165.31,Rice
81,74,39,8.45,12.34,1.42,2.44,14.8,41.85,1309.39,9.42,9.81,1095,194.48,Wheat
37,55,113,8.3,16.11,0.42,1.88,38.77,30.86,2679.58,7.12,17.93,89,139.84,Rice
146,69,24,7.44,24.81,1.32,0.99,38.5,80.57,879.58,7.87,4.13,464,252.28,Wheat
128,18,68,8.38,22.96,1.3,1.88,23.7,52.73,1812.02,5.69,7.79,1284,87.16,Rice
122,54,57,4.92,46.42,0.68,1.57,10.83,81.86,2898.47,9.54,19.5,362,249.06,Sugarcane
96,69,103,5.62,45.8,0.58,1.94,21.24,49.42,1759.18,5.67,17.63,340,301.05,Rice
136,37,91,5.51,58.57,0.93,1.48,36.85,75.36,784.98,8.46,16.15,1208,186.52,Millet
123,12,85,4.79,25.52,0.55,2.34,18.64,34.18,842.73,9.98,6.51,104,114.36,Potato
68,60,69,8.39,56.92,0.39,0.23,28.66,78.69,641.52,5.48,14.4,2263,312.63,Millet
135,17,77,4.74,40.64,1.44,1.1,15.52,83.46,259.44,6.17,5.58,2278,236.35,Potato
119,79,66,7.93,34.77,0.84,1.72,34.75,45.89,2138.8,7.51,13.76,2079,188.03,Rice
144,68,73,7.57,43.39,0.81,1.81,36.76,38.51,2392.64,9.18,19.38,2359,259.7,Rice
44,70,63,6,45.14,0.36,0.59,28.45,41.77,2496.72,6.59,7.65,520,278.95,Rice
147,67,89,4.58,18.6,0.86,0.32,28.71,82.07,406.43,5.42,10.28,944,198.13,Millet
119,79,96,4.52,47.59,1.17,0.16,21.36,47.17,2838.34,5.24,8.59,1731,344.05,Rice
24,21,84,5.32,46.26,0.52,1.3,31.21,43.88,1931.71,6.1,2.89,1199,134.08,Rice
38,18,63,6.48,59.88,0.68,1.06,24.35,88.73,447.37,7.24,19.07,361,156.03,Barley
37,58,68,6.33,55.6,0.43,1.75,32.36,70.2,437.69,4.74,8.35,1689,154.72,Millet
140,26,97,6.84,44.23,0.66,1.4,39.06,79.93,1627.44,11.62,19.25,2280,129.55,Rice
51,63,95,7.59,45.62,1.32,1.24,34.67,74.82,884.02,11.99,14.68,960,317.37,Potato
29,53,48,6.01,57.3,0.51,2.55,25.52,52.44,869.46,10.97,5.2,179,168.36,Barley
56,41,24,5.14,58.36,0.24,1.9,39.37,81.76,232.95,10.62,12.54,627,78.35,Millet
105,44,88,7.7,51.35,0.9,1.97,28.21,65.29,1550.56,7.43,2.73,1437,233.2,Rice
32,87,83,5.83,48.37,0.95,1.21,11.95,69.44,442.46,6.7,4.72,30,207.29,Potato
28,58,37,5.65,15.57,0.63,2.35,31.91,49.56,414.94,7.46,3.02,2284,282.49,Millet
107,63,45,7.56,51.52,1.03,0.54,34.6,88.87,644.21,4.15,2.23,2405,315.85,Millet
65,25,63,8.24,22.66,0.25,1.27,14.05,81.28,229.84,5.28,12.75,1714,289.18,Wheat
155,21,26,8.16,38.19,0.64,0.24,30.38,38.89,489.8,8.37,6.12,1380,56.53,Millet
138,17,109,5.05,30.27,0.39,0.43,37.63,42.23,1864.16,11.42,15.38,227,305.48,Rice
38,30,95,6.51,27.28,0.5,0.34,17.54,74.92,918.76,11.42,7.38,12,243.93,Wheat
113,57,96,4.87,25.51,0.7,1.38,27.55,31.55,392.7,9.72,17.54,2323,281.23,Millet
45,17,102,8.34,52.77,0.84,2.12,18.24,50.13,579.35,7.88,9.39,613,85.87,Wheat
65,37,31,5.36,48.46,0.32,1.01,33.23,61.95,320.8,6.14,7.68,664,222.62,Millet
137,89,84,5.29,36.17,0.33,0.18,27.42,42.29,2375.48,7.31,1.77,270,251.96,Rice
65,19,45,8.06,43.22,1.08,2.15,22.84,82.39,1772.17,11.88,14.88,2100,309.42,Rice
33,61,117,8.37,59.23,0.73,0.7,10.87,83.36,1527.57,10.86,19.55,2470,162.36,Wheat
104,24,38,7.29,29.88,0.43,2.2,38.34,87.41,2645.15,7.88,5.95,1653,321.2,Rice
82,13,64,4.98,37.56,0.51,0.12,24.93,38.78,423.03,10.83,13.43,877,301.84,Wheat
91,88,51,6.44,36.68,1.14,1.01,34.12,34.76,304.07,9.98,13.82,1990,72.81,Millet
22,71,41,7.77,56.8,0.27,1.9,21.76,63.37,1387.46,7.23,9.37,2214,238.63,Rice
47,13,23,6.79,27.58,0.86,2.63,35.47,77.55,939.25,7.95,7.52,222,302.01,Barley
144,50,27,5.03,59.31,0.67,2.29,14.8,47.46,1532.29,7.71,1.99,1450,103.28,Sugarcane
106,82,47,5.19,25.23,1.25,1.4,16.94,44.46,2729.6,4.12,19.04,955,221.63,Sugarcane
96,64,110,7.96,15.45,1.23,2.18,20,61.06,1449.52,6.57,10.69,1252,190.91,Tomato
95,37,43,6.61,19.57,1.1,1.66,12.66,58.92,679.36,4.31,6.81,1477,340.38,Wheat
133,56,54,7.32,31.31,0.7,2.46,23.32,58.77,2433.93,11.08,17.75,800,60.54,Rice
152,18,96,5.99,42.49,1.02,2.34,24.58,54.32,1288.62,8.69,3.62,1893,259.68,Sugarcane
94,11,41,6.63,35.84,1.03,2.93,13.44,73.62,2314.13,7.23,14.3,277,150.9,Wheat
78,76,119,8.41,28.81,0.63,0.4,22.81,66.88,595.9,4.8,3.23,849,59.01,Wheat
78,57,76,5.82,38.1,1.34,1.09,15.92,59.27,1144.04,4.33,14.87,1162,261.46,Pulses
66,78,72,7.2,51.94,1.48,0.66,36.26,73.24,263.29,6.05,12.45,1969,69.49,Millet
114,83,64,5.19,51.95,0.61,1.93,25.28,45.7,859.21,7.17,11.83,2445,194.2,Potato
97,37,52,4.99,46.31,1.24,2.03,38.56,83.51,2011.64,8.79,11.7,457,105.13,Rice
132,88,31,7.63,57.62,0.85,0.69,20.24,53.05,1020.81,6.82,9.31,907,233.55,Sugarcane
128,23,96,7.88,39.51,0.8,1.32,20.24,49.66,589.79,7.85,18.02,2400,193.31,Cotton
125,55,77,7.17,10.38,0.7,1.85,20.16,62.54,357.47,9.44,1.7,2380,318.69,Cotton
108,22,86,5.13,24.55,0.58,2.01,18.05,46.22,1887.71,4.35,17.66,1651,97.65,Sugarcane
52,25,105,5.46,26.41,1.4,0.4,33.53,46.12,415.85,8.2,9.08,1323,195.59,Millet
116,49,38,8.14,37.37,1.16,2.77,18.48,34.67,2436.64,6.28,7.25,1204,142.78,Wheat
98,81,49,5.65,55.24,0.77,0.2,18.64,69.12,1200.11,10.26,12.32,1310,315.02,Barley
35,39,113,7.78,51.91,1.18,2.92,11.41,84.76,1053.84,6.58,5.11,718,300.7,Wheat
63,74,54,5.64,21.61,1.13,1.02,38.96,71.12,1949.43,5.36,9.46,1654,136.2,Rice
139,67,19,8.26,35.97,0.55,1.02,36.59,64.06,1758.53,10.32,12.92,620,337.49,Rice
153,57,86,8.16,42.96,0.43,1.39,18.78,72.71,2965.25,10.15,8.1,2381,293.27,Wheat
127,58,54,4.67,59.38,1.29,2.12,25.62,87.99,343.46,7.71,7.04,472,297.21,Millet
23,11,26,7.58,11.57,1.25,0.56,24.48,50.19,2583.84,5.47,12.2,511,140.84,Rice
75,23,111,5.18,33.19,1.5,0.84,12.63,55.84,1878.52,7.78,12.88,163,316.02,Sugarcane
83,26,11,5.36,59.41,0.23,2.89,25.94,47.17,2671.33,7.53,6.95,425,191.36,Rice
114,40,26,6.34,58.86,0.9,2.64,13.4,31,2142.95,5.18,13.32,2039,160.87,Wheat
75,19,117,6.81,26.54,1.11,0.72,23.02,50.85,2334.58,6.9,17.02,521,113.6,Rice
51,79,99,5.8,10,0.96,1.76,12.63,34.3,2402.76,10.52,3.15,1934,341.05,Barley
135,46,47,6.8,39.34,1.12,0.69,27.67,81.5,242.43,8.02,18.84,846,340.17,Millet
28,73,46,5.18,53.35,0.38,1.7,11.47,72.94,2547.21,5.04,2.28,451,198.99,Maize
124,39,72,4.59,26.21,0.2,1.16,28.85,48.24,2102.25,11.08,10.96,2095,344.14,Rice
97,43,14,6.78,56.71,0.32,1.15,31.22,49.68,2852.67,9.95,18.15,2185,309.26,Rice
106,27,34,6.57,26.64,0.69,1.94,27.13,64.18,572.94,8.35,5.86,551,80.4,Millet
40,72,82,7.26,40.51,0.63,0.83,24.08,77.88,2780.41,6.14,14.24,978,273.16,Rice
74,58,101,7.1,46.1,1.34,1.27,11.82,73.12,2592.54,4.77,1.8,585,320.03,Wheat
95,65,31,8.09,27.27,0.31,2.78,10.34,31.73,833.73,9.91,10.13,711,195.67,Wheat
149,67,102,6.34,27.61,0.78,2.29,20.27,77.12,547.4,9.02,12.89,2005,291.22,Pulses
145,36,72,4.53,33.5,1.45,1.21,33.14,82.88,1960.11,10.56,11.25,1830,102.07,Rice
151,64,44,7.02,51.76,0.85,0.77,29.42,35.39,2092.68,9.51,4.38,119,328.94,Rice
103,28,64,7.2,15.04,0.37,2.01,13.76,76.2,2190.57,5.24,1.41,966,303.37,Wheat
134,32,29,6.59,41.57,0.58,2.44,30.64,45.1,2567.56,7.62,9.52,2196,120.21,Rice
67,56,14,7.26,43.87,1.01,2.6,27.25,40.42,1758.78,6.5,4.43,664,77.8,Rice
142,88,48,5.79,37.89,0.22,1.74,15,62.63,995.08,10.92,7.94,140,182.34,Barley
97,75,72,5.1,56.79,1.46,1.6,32.66,63.16,2599.78,6.19,16.97,1216,225.64,Rice
49,60,117,7.16,40.1,0.94,2.19,34.91,58.25,1413.5,7.96,11.43,937,152.62,Wheat
48,37,41,5.48,41.73,1.12,0.61,16.98,84.11,1416.91,8.39,2.55,1717,139.82,Cotton
155,66,112,6.33,39.99,0.85,2.57,29.08,44.5,1578.95,9,14.63,1744,52.35,Rice
159,67,72,6.47,46.1,1.45,0.31,21.34,66.15,2539.55,9.08,9.55,2073,50.68,Rice
60,24,83,6.41,16.77,0.97,1.85,11.75,54.59,2918.18,9.17,1.77,2381,94.72,Wheat
45,25,49,6.89,54.71,1.06,1.81,35.84,82.43,679.08,6.84,14.71,1097,275.98,Millet
69,56,26,4.62,12.12,1.32,1,34.62,37.97,542,8.05,17.83,1512,321.38,Millet
21,72,110,8.46,42.04,1.32,0.2,19.54,34.97,1005.88,4.47,15.18,1539,88.64,Wheat
74,21,88,7.37,40.77,0.24,2.18,25.95,89.57,2731.89,8.22,19.58,1008,264.35,Rice
123,52,82,6.2,20.41,0.57,0.17,25.37,64.63,1678.74,8.98,3.99,892,125.51,Rice
33,38,41,5.27,12.04,0.52,0.62,15.32,84.72,215.84,9.96,11.73,1203,90.88,Maize
153,58,32,4.82,16.94,0.21,1.68,14.37,54.49,1829.37,5.18,2.75,206,168.89,Sugarcane
147,12,84,7.19,23.58,1.34,2.83,35.33,66.26,1737.08,8.96,19.54,1208,275.69,Rice
123,78,69,5.77,54.11,0.61,0.29,36.02,71.65,423.53,6.62,5.09,1711,213.86,Millet
114,69,86,5.42,52.79,0.65,1.78,31.76,89.17,617.1,7.23,18.9,1017,92.58,Millet
100,75,91,6.02,13.19,0.33,1.05,12.18,36.76,460.49,7.8,9.7,2082,93.15,Wheat
80,35,65,6.87,24.46,1.49,2.04,37.27,37.49,1659.23,5.03,16.08,706,138.14,Rice
31,80,18,7.19,54.47,1.27,2.86,39.42,61.39,1686.75,5.92,19.14,1675,249.13,Rice
32,83,115,7.08,21.83,0.94,0.88,33.27,33.35,1488.39,4.51,5.42,1978,139.76,Pulses
108,78,78,7.95,59.8,1.2,2.87,20.6,73.65,1462.73,11.79,16.5,1418,81.71,Sugarcane
114,56,71,5.38,22.84,1.21,2.62,22.17,89.45,1825.26,5.53,17.9,557,230.46,Rice
78,85,73,7.05,46.96,1.05,1.86,36.09,78.69,2054.04,9.07,11.48,2369,346.35,Rice
56,51,116,4.9,30.85,0.43,2.3,18.41,45.95,2898.59,4.92,13.81,2465,271.29,Potato
44,40,31,6.69,16.81,1.14,2.61,14.26,77.97,1726.37,9.58,9.42,570,207.1,Wheat
35,31,41,6.84,22.76,0.94,2.43,34.68,67.67,943.93,11,9.08,1245,91.18,Tomato
106,26,56,5.36,43.76,1.14,1.05,15.8,37.17,2928.88,7.8,4.03,786,328.45,Sugarcane
153,29,11,6.07,26.85,0.91,2.46,37.22,63.96,496.14,9.49,14.09,876,230.56,Millet
42,17,94,7.81,40.21,1.44,1.01,27.87,83.81,1075.45,9.29,4.17,2067,52.04,Wheat
145,58,101,5.09,20.28,1.02,2.61,26.66,47.4,2726.79,9.23,4.46,1793,111.57,Rice
79,47,61,6.24,32.43,0.95,0.84,33.27,69.55,2842.82,4.85,10.55,2334,110.12,Rice
159,62,97,8.23,35.61,1.3,1.76,10.49,32.49,2006.02,10.53,9.7,1585,200.95,Wheat
119,37,97,6.52,30.64,0.69,2.11,31.41,80.05,240.94,8.69,13.34,2341,50.48,Millet
122,86,23,7.4,19.9,0.61,1.33,27.95,42.36,1439.2,5.82,10.92,2399,125.26,Sugarcane
153,38,46,7.81,33.08,0.85,2.37,25.71,66.52,2811.71,7.52,6.99,536,140.44,Rice
82,81,36,5.32,44.65,0.96,2.78,16.52,61.45,2691.16,9.8,2.1,1984,78.12,Sugarcane
57,20,33,5.37,58.25,0.49,0.64,34.88,62.89,2702.57,9.14,12.19,467,345.65,Rice
147,56,73,7.53,49.48,1.09,0.2,17.52,45.22,1022.79,5.22,10.29,1014,270.38,Wheat
69,54,79,7.51,18.07,1.24,1.92,24.69,63.55,2509.48,8.81,2.54,76,252.89,Rice
59,27,35,4.74,23.64,0.95,1.85,14.74,66.17,2082.47,8.07,14.28,2350,244.37,Tomato
27,59,63,5.79,13.94,0.88,1.09,39.21,55.53,2702.37,9.23,5.84,1459,323.41,Rice
27,58,24,6.09,16.78,0.58,2.38,15.84,68,1986.16,10.28,1.65,923,258.1,Wheat
123,31,38,7.82,22.53,1.38,2.5,34.1,41.49,1250.43,6.63,1.21,1784,252.63,Sugarcane
53,54,109,6.19,19.98,1.18,1.06,17.89,60.76,1976.32,7.27,11.25,1310,109.73,Wheat
76,70,83,8.2,20.68,0.82,2.08,17.68,73.01,1201.95,8.75,18.64,134,239.98,Wheat
41,30,37,8.49,21.54,1.06,1.96,22.65,52.08,206.99,10.26,17.11,673,156,Pulses
106,80,68,7.62,25.03,0.64,1.09,35.38,54.67,2486.95,8.94,2.93,872,341.33,Rice
59,70,82,7.17,16.28,0.28,2.91,30.63,39.85,2578.23,4.12,7.05,1688,263.46,Rice
105,85,30,6.07,23.89,0.47,1.1,36.15,66.99,2294.62,11.93,6.95,1602,80.02,Rice
152,45,19,4.77,44.42,0.3,1.9,11.42,37.41,836.99,4.23,17.2,2497,101.91,Barley
114,33,13,6.79,21.82,0.86,1.2,38.67,60.05,580.5,10.95,16.2,1986,179.53,Millet
32,41,71,5.95,18.59,1.01,0.13,12.31,42.63,675.82,11.25,19.35,181,53.89,Potato
47,68,13,5.9,13.38,0.69,0.37,31.63,41.65,1602.76,5.72,10.89,74,225.33,Rice
103,84,15,7.25,35,0.89,0.77,16.22,35.75,939.93,10.2,1.26,2104,192,Wheat
81,14,99,6.35,52.1,0.31,2.46,35.23,51.44,2659.29,7.81,18.14,2244,78.4,Rice
112,25,113,7.51,12.95,1.2,1.38,35.87,82.04,1724.24,7.34,1.68,1808,223.06,Rice
106,20,89,6.09,37.12,0.24,1.81,26.54,66.29,1460.46,5.17,16.8,1976,253.22,Sugarcane
43,44,81,5.1,42.53,1.02,2.84,22.09,76.75,2640.45,7.68,10.86,608,283.12,Rice
117,84,101,6.35,39.62,0.76,0.53,33.8,36.87,427.01,9.1,19.35,66,294.9,Millet
26,51,25,8.3,53.88,0.44,2.6,36.22,48.8,2638.75,7.98,5.61,147,238.88,Rice
56,19,47,7.71,53.32,0.88,1.2,32.15,53.32,2445.97,5.79,10.74,999,164.17,Rice
87,17,58,5.32,12.87,1.22,1.08,37.21,81.6,2123.84,7.9,1.26,2478,77.06,Rice
105,35,70,6.07,28.05,0.74,1.91,28.8,69.86,510.79,10.99,12.42,290,270.85,Millet
152,12,74,8.21,43.54,0.68,2.71,30.11,59.43,346.7,10.54,2.28,581,126.9,Millet
106,68,92,4.99,57.62,0.39,1.11,27.16,48.03,665.11,5.53,2.24,241,195.75,Millet
34,12,59,5.52,50.23,0.97,2.31,24.64,75.6,956.84,7.91,14.85,2094,282.76,Barley
142,47,26,5.55,18.83,1.28,0.16,29.65,83.3,1925.46,8.83,4.52,2484,212.76,Rice
126,11,37,6.78,23.96,0.93,1.91,26.83,62.21,424.94,8.26,19.58,675,322.51,Millet
108,26,53,6.14,48.18,0.41,1.93,31.94,32.61,712.51,9.28,8.53,431,348.21,Millet
144,82,21,4.82,33.57,1.06,1.71,38.03,46.31,761.17,9.47,10.19,2228,86.81,Millet
132,45,79,7.02,37.37,0.24,2.82,21.19,74.75,2077.97,7.23,6.98,2282,244.65,Rice
156,82,80,4.9,40.45,1.29,2.82,22.34,53.26,1169.28,5.94,6.29,970,70.07,Sugarcane
126,11,81,6.93,15.16,1.4,1.09,10.45,67.56,970.72,7.54,17.61,2150,78.06,Wheat
106,43,12,6.53,52.8,0.98,1.42,25.81,61.47,281.45,4.86,17.97,1816,176.25,Millet
87,36,58,6.47,53.16,1.35,2.4,13.94,84.46,464.19,9.98,4.97,371,227.9,Wheat
34,46,30,4.77,33.41,0.31,2.55,31.48,48.42,1739.24,10.2,1.75,819,340.99,Rice
84,80,17,7.06,41.34,0.5,1.31,33.39,56.76,1973.37,11.55,6.27,1270,275.56,Rice
73,31,73,6.23,43,0.61,1.11,31.68,33.89,2278.31,11.19,16.67,1569,160.88,Rice
112,77,101,6.14,19.49,1.21,2.48,26.4,78.3,1592.96,5.02,10.46,1508,117.82,Rice
39,23,68,6.89,15.63,0.83,1.19,26.03,49.55,953.26,8.37,15.99,300,209.14,Potato
52,32,39,6.92,11.03,0.65,1.28,29.4,73.32,1018.85,9.64,16.83,661,297.19,Rice
119,53,41,4.56,55.64,0.41,0.49,26.64,30.18,2022.32,10.63,16.57,2275,57.44,Rice
96,74,84,5,27.29,1.25,1.67,32.51,82.05,1393.91,6.38,12.07,1021,135.24,Maize
154,88,29,5.45,14.29,0.23,1.05,36.84,88.32,643.46,11.9,4.24,1935,112.76,Millet
155,87,25,7.21,33.29,0.64,1.81,26.08,58.2,210.88,8.03,13,548,236.5,Millet
126,70,34,6.81,13.78,0.52,1.4,13.31,58.96,927.99,7.7,6.77,115,190.4,Wheat
139,64,69,7.53,14.26,0.37,2.27,13.93,66.98,2315.57,7.38,15.52,75,214.25,Wheat
93,80,54,7.46,34.44,0.42,0.91,21.28,88.51,2061.25,5.42,4.89,478,173.18,Rice
30,59,18,7.91,35.44,0.84,0.6,24.89,63.51,473.24,8.46,13.28,1367,182.68,Maize
50,21,60,6.01,39.01,0.75,2.14,16.75,34.43,1443.67,5,2.63,408,211.69,Wheat
31,88,112,5.88,42.82,0.87,1.21,23.58,63.91,604.91,10.75,16.24,431,235.49,Cotton
143,24,70,7.82,43.41,1.15,1.73,14.07,55.14,1524.22,4.39,6.98,975,205.63,Wheat
97,26,49,5.45,31.65,1.36,2.83,17.22,75.65,509.91,10.82,19.48,97,260.78,Wheat
115,43,113,6.34,42.18,0.35,1.5,32.02,48.2,2102.45,10.49,9.74,209,68.08,Rice
69,44,70,5.28,25.24,0.31,0.54,39.57,85.47,1835.11,6.41,5.89,1052,193.23,Rice
136,48,76,8.16,32.07,0.62,1.34,15.59,78,925.24,4.29,3.39,271,192.96,Wheat
36,87,89,6.13,29.67,0.91,1.49,20.17,49.59,2978.79,11.08,19.75,670,75.98,Rice
148,64,85,5.35,26.46,0.33,2.32,20.52,51.12,1848.19,10.43,8.59,944,217.61,Rice
83,68,24,7.27,21.93,1.13,0.67,16.7,61.07,952.47,9.08,13.68,713,314.46,Wheat
151,14,62,5.48,13.92,0.92,1.11,16.12,35.98,1201.69,4.44,7.1,577,278.06,Sugarcane
106,39,13,8.27,35.3,1.17,0.25,13.95,71.41,2765.26,8.07,5.29,600,118.99,Wheat
35,13,32,5.97,36.86,0.67,2.14,37.23,66.55,768.94,11.47,11.86,361,70.82,Millet
82,24,36,7.16,26.81,0.72,2.26,29.48,49.12,770.55,4.85,8.52,2292,322.4,Millet
95,44,112,5.88,58.79,1.25,1.43,18.71,68.28,1797.58,8.08,10.14,1777,329.99,Barley
104,83,116,7.73,37.85,0.55,1.66,17.74,35.89,1129.99,10.43,14.4,2315,94.82,Wheat
128,64,46,8.09,54.45,0.7,2.27,27.69,87.12,1051.72,9.29,6.37,1029,292.13,Sugarcane
36,75,86,7.65,38.5,0.22,0.88,30.92,34.02,1348.87,7.16,3.93,1014,62.44,Barley
77,69,52,7.89,19.5,0.92,1.86,17.59,49.73,2527.13,11.14,11.21,67,205.95,Wheat
98,33,46,4.91,58.73,1.31,2.9,20.41,88.23,2554.83,8.22,3.21,126,224.96,Rice
80,31,113,8.2,54.27,0.24,2.01,18.72,53.9,2064.43,10.95,13.84,275,232.63,Wheat
132,53,94,7,33.56,1,0.33,12.63,83.14,1816.43,8.89,12.23,2056,325.19,Wheat
140,41,38,7.98,22.15,1.3,0.94,21.6,39.05,243.76,6.5,5.45,1263,293,Cotton
53,60,38,7.24,21.13,0.84,1.61,26.01,34,1782.3,11.19,6.12,2472,169.89,Rice
89,12,58,5.31,50.3,0.61,0.31,29.66,36.49,2871.45,11.04,4.54,1948,202.01,Rice
36,79,84,6.94,13.46,1.5,2.06,22.5,88.32,2544.52,6.45,17.94,1207,234.55,Rice
39,41,60,4.86,41.9,0.28,2,39.5,35.33,604.37,5.73,7.05,1312,316.12,Millet
78,11,59,7.28,42.01,0.47,2.64,28.78,69.1,2927.13,11.83,18.3,1064,85.5,Rice
88,68,37,6.14,19.12,1.35,1.55,36.6,56.44,806.58,7.79,1.43,2227,108.42,Barley
121,82,83,5.11,45.25,0.59,2.11,37.48,81.65,546.68,11.98,8.46,1911,89.38,Millet
139,86,14,8.42,45.27,1.27,0.63,34.64,47.66,1009.03,6.03,18.19,1147,102.39,Sugarcane
76,23,65,8.1,27.5,0.63,0.11,18.1,31.73,595.2,4.81,14.61,287,261.66,Wheat
102,60,73,8.07,34.17,1.26,0.6,22.94,74.92,829.1,4.06,2.15,446,168.71,Wheat
148,20,98,7.66,51.64,1.09,0.28,10.01,65.33,1064.65,6.5,10.4,682,254.61,Wheat
32,87,106,7.27,36.16,0.81,1.34,23.54,56.07,1854.19,8.68,3.42,912,166.63,Rice
25,89,26,7.12,40.91,0.88,1.46,18.81,49.38,1918.6,5.99,3.69,39,279.54,Wheat
116,19,106,4.92,30.64,0.43,1.97,13.36,83.97,1696.42,8.61,9.43,280,255.96,Sugarcane
113,89,98,8.1,17.48,0.35,0.51,35.16,37.31,1034.88,4.45,17.63,101,79.59,Sugarcane
129,67,106,8.02,59.9,1.13,0.72,30.2,38.48,2869.53,11.76,7.92,1372,132.86,Rice
157,43,64,7.49,36.58,1.3,2.42,39.97,30.89,1031.04,6.78,14.01,1977,181.63,Sugarcane
70,89,18,8.21,26.82,1.14,1.77,24.95,34.35,1322.89,11.79,5.32,2474,234.68,Rice
70,87,100,6.71,45.69,1.39,0.19,19.92,81.44,1382.35,8.28,8.66,677,222.11,Wheat
106,62,98,6.29,41.04,1.36,2.56,17.91,77.62,262.86,7.73,3.19,986,177.34,Wheat
87,37,77,8.37,21.65,1.21,1.93,23.06,36.15,1400.59,4.72,3.56,1461,93.25,Millet
103,27,82,6.36,53.85,1.37,0.64,19.3,76.79,1147.37,4.68,13.41,540,187.45,Wheat
61,35,119,7.07,13.55,0.42,0.83,39.72,68.46,397.97,8.11,1.22,1200,343.61,Millet
76,16,88,5.99,40.28,1.15,1.71,15.48,53.25,2471.2,6.55,14.56,1690,163.88,Rice
81,54,25,7.05,33.89,1.18,1.73,10.57,35.05,2192.81,5.49,17.42,2005,321.63,Wheat
26,54,25,7.38,25.91,0.4,2.44,13.9,66.14,993.66,5.08,5.82,116,189,Wheat
131,80,22,7,51.32,1.38,1.14,36.75,80.38,929.7,8.47,17.61,2329,57.09,Rice
45,44,87,6.56,42.81,0.21,1.69,30.82,55.24,2733.23,6.41,14.92,1802,291.39,Rice
38,61,95,5.7,47.97,0.76,1.79,33.52,55.46,729.58,10.45,16.65,301,184.53,Millet
28,30,94,7.08,30.73,0.23,1.72,19.61,79.6,2646.34,4.72,15.95,1775,327.8,Wheat
80,37,82,8.13,57.12,0.88,0.31,28.68,42.64,417.87,4.07,1.03,1218,254.45,Millet
39,53,72,4.53,27.24,0.74,1.29,31.24,40.35,2550.74,11.54,13.89,1066,330.59,Rice
125,89,50,5.04,36.55,1.01,1.08,19.79,71.73,1716.61,4.14,9.54,2451,306.69,Sugarcane
69,65,62,4.98,56.68,1.2,2.98,31.74,69.39,2372.4,10.88,19.78,1939,94.6,Rice
100,19,77,8.19,14.16,1.2,1.45,28.89,84.73,460.22,11.04,12.03,1223,294.21,Millet
159,32,83,7.15,15.44,1.14,1.36,18.89,50.06,1376.1,11.57,12.47,2482,249.74,Wheat
29,57,108,8.31,59.71,0.33,1.5,11.59,42.12,1460.95,7.96,19.99,1174,121.41,Wheat
84,61,18,6.83,58.57,0.74,2.77,17.14,55.73,1642.88,8.99,6.09,917,289.31,Wheat
27,24,60,6.35,48.59,1.26,1.87,28.59,53.03,1957.84,6.93,15.65,1629,151.69,Rice
41,64,57,7.67,34.21,1.05,1.23,27.97,86.29,1290.29,11.77,2.05,1624,62.35,Pulses
37,52,89,5.14,35.3,1.09,2.75,25.23,85.06,1452.83,9.85,10.34,148,82.22,Maize
28,59,58,6.03,22.86,0.5,2.8,17.54,55.69,1236.75,9.76,12.96,2212,139.92,Wheat
73,15,27,6.37,31.64,0.62,0.87,23.34,54.75,2156.23,6.83,4.93,642,151.27,Rice
45,42,19,5.69,31.57,1.44,1.24,14.32,56.7,2743.55,6.41,10.02,87,239.98,Barley
113,71,94,5.99,11.8,1.3,2.9,29.87,73.85,520.09,8.46,9.68,1557,226.33,Millet
119,64,63,4.81,32.66,0.41,1.67,36.07,63,1005.03,4.65,6.35,2345,315.36,Sugarcane
45,48,88,5.29,33.99,0.91,1.35,23.91,47.28,815.3,7.35,12.56,2451,171.51,Cotton
53,21,24,5.84,43.29,0.84,0.67,16.39,76.12,2830.22,8.26,13.86,185,223.64,Barley
27,40,20,7.68,35.82,0.78,1.21,34.84,84.23,1864.5,10,2.66,1473,278.66,Rice
157,83,49,5.23,53.08,0.81,1.93,19.39,73.07,600.1,8.57,3.94,1808,320.31,Maize
67,62,115,5.89,28.38,1.04,0.21,27.82,41.68,1314.19,7.12,19.18,1819,134.16,Barley
126,43,114,4.76,30.49,1.46,0.34,12.26,77.51,1526.34,4.22,1.75,174,337.36,Sugarcane
73,50,56,6.73,38.57,1.34,0.12,31.54,89.34,1944.34,9.67,3.06,1208,269.38,Rice
138,19,110,6.95,20.14,1.34,0.73,23.82,71.11,802.82,10.14,16.44,239,226.05,Barley
100,61,29,7.96,29.67,1.11,0.63,22.7,44.63,1605.69,10.83,16.37,1854,200.06,Rice
115,84,107,7.78,44.31,0.22,2.57,38.05,30.33,2444.24,5.59,19.13,985,292.46,Rice
121,66,31,5.64,30.59,0.77,0.64,24.74,53.12,2047.96,8.04,17.45,606,170.57,Rice
81,87,57,5.05,55.33,0.86,2.02,10.5,58.22,491.77,7.68,5.11,1566,65.49,Cotton
65,12,91,5.12,40.77,1.3,0.44,38.79,84.58,2754.42,10.09,13.93,1392,142.03,Rice
106,66,25,8.38,17.69,1.4,1.82,10.37,67.18,1147.96,8.02,4.76,1627,139.9,Wheat
118,42,14,7.19,34.37,0.79,1.36,26.08,46.9,1388.72,10.38,16.66,22,154.06,Sugarcane
58,16,74,4.67,48.24,0.59,1.29,29.01,71.5,2138.66,4.66,10.92,1154,104.47,Rice
72,13,92,5.05,42.17,0.64,2.58,36.83,35.53,1491.54,4.43,9.81,1381,51.89,Potato
99,48,83,6.44,54.26,0.95,0.59,30.38,42.81,1846.39,6.13,10.52,259,213.2,Rice
35,57,30,5.33,47.5,0.56,1.83,34.33,74.67,1537.68,7.79,1.46,2024,288.88,Rice
123,83,70,7.71,13.08,1.38,2.48,33.1,47.83,1061.85,10.01,14.61,1577,190.24,Sugarcane
89,88,86,6.79,15.63,0.74,2.17,16.41,31.87,1434.63,6.92,4.18,339,88.88,Wheat
127,25,64,6.95,42.49,1.49,2.95,31.01,59.81,1072.44,9.93,3.6,1859,51.45,Sugarcane
66,47,33,6.35,21.92,0.34,0.11,29.13,69.48,1456.2,10.65,6.72,2237,65.99,Barley
28,13,32,5.52,39.39,0.44,2.66,17.32,77.34,767.04,8.02,10.3,1150,317.99,Millet
53,13,96,6.86,49.61,0.87,1.88,13.85,48.36,369.91,11.66,10.68,1489,264.52,Wheat
105,36,20,7.37,38.85,1.33,0.11,32.55,55.47,2156.57,5.22,13.48,1517,97.75,Rice
134,26,56,5.98,30.77,0.66,1.45,39.13,63.39,552.61,6.37,2.25,2334,140,Millet
83,79,11,6.52,42.31,1.29,2.33,32.15,34.48,2502.41,11.98,7.43,1548,238.85,Rice
53,63,79,7.86,17.18,0.75,0.63,32.48,41.86,1218.99,5.33,5.65,1171,116.96,Tomato
31,17,62,5.09,46.16,1.31,2.07,15,52.16,896.98,11.29,8.66,1321,99.7,Millet
116,62,20,6.68,44.85,0.56,0.51,17.41,46.03,1347.38,11.36,10.67,1551,177.12,Wheat
140,14,24,5.89,35.72,0.81,2.43,27.57,57.95,618.93,9.12,17.14,1955,346.08,Millet
106,78,82,7.31,23.94,0.56,1.75,10.94,69.04,2577.23,4.39,17.35,1698,150.36,Wheat
121,56,21,4.58,49.88,0.48,0.2,30.04,62.38,666.89,8.07,11.16,1370,167.15,Millet
115,83,45,7.18,35.53,0.75,0.36,14.34,76.45,1582.7,4.55,15.93,793,80.43,Wheat
133,49,101,4.91,12.96,0.64,2.61,22.4,67.58,653.59,6.65,8.67,369,195.97,Wheat
66,16,32,4.76,55.93,1.22,0.2,19.61,47.51,327.97,4.14,19.77,1393,277.56,Pulses
77,21,36,7.4,48.39,1.17,0.97,13.19,37.2,2433.64,4.37,3.4,2402,188.43,Wheat
152,34,97,7.06,39.24,0.67,1.74,27.36,68.38,1760.73,9.58,3.72,165,331.61,Rice
140,37,23,8.08,31.84,1.49,0.72,20.84,42.72,418.71,11.86,6.57,1765,264.43,Cotton
137,52,63,6.58,57.99,1.47,0.75,11.32,49.12,2700.14,10.26,2.98,780,194.2,Wheat
24,86,108,6.62,48.75,1.39,2.35,23.33,77.71,1299.2,7.17,1.11,1062,164.8,Potato
115,56,36,7.33,36.75,0.96,0.94,27.71,43.19,1393.08,6.7,7.21,384,256.16,Sugarcane
40,58,30,5.79,42.66,0.74,0.21,13.91,62.27,1585.67,11.95,1.88,2390,66.32,Barley
147,63,58,4.65,24.04,0.61,2.19,27.55,35.69,828.97,5.85,12.07,1202,334.3,Barley
143,27,71,5.42,19.79,0.22,2.87,19.06,54.99,1742.17,4.31,16.87,979,231.72,Sugarcane
40,36,86,5.45,23.67,1.02,2.51,17.79,88.82,899.91,6.09,4.46,2463,262.45,Millet
73,81,81,5.84,24.66,0.92,1.69,33.86,87.26,2540.85,6.73,12.42,1482,332.95,Rice
157,15,53,8.27,46.99,1.02,1.33,24.03,86.8,2513.24,7.9,5.59,1374,279.59,Rice
123,84,117,7.72,17,0.95,2.78,21.34,65.71,1535.83,9.58,11.06,2243,57.56,Rice
130,78,53,8.24,48.88,0.38,2.32,34.39,47.68,1689.05,9.25,11.16,1109,176.86,Rice
135,80,107,8.49,36.17,1.1,1.75,37.31,51.3,2980.04,9.03,1.98,1667,88.68,Rice
76,31,70,6.24,29.23,0.67,2.65,19.45,42.36,2427.01,11.1,18.67,1701,149.36,Wheat
147,68,51,5.41,25.02,0.87,1.84,11.51,35.86,376.11,8.64,4.38,89,330.01,Wheat
139,56,32,6.74,35.66,0.68,2.92,26.22,40.13,683.29,5.41,11.95,770,145.83,Millet
89,77,82,8.02,25.88,0.23,2.59,31.45,58.04,1869.08,6.89,9.7,245,95.84,Rice
114,41,10,6.36,31.47,1.34,1.7,27.63,31.62,1240.69,9.38,16.28,824,336.61,Sugarcane
118,10,45,6.52,46.95,0.39,2.78,30.64,86.35,2451.05,8.2,8.16,1556,117.02,Rice
61,63,64,5.04,41.3,0.96,1.09,29.4,63.7,1994.95,8.63,14.86,1806,217.97,Rice
89,55,119,6.18,47.4,1.35,2.13,38.68,40.41,2973.92,6.39,15.71,750,105.16,Rice
21,50,25,6.05,45.65,0.49,0.6,35.98,54.98,236.07,6.31,4.14,1306,274.09,Millet
128,50,98,5.91,50.75,0.74,2.7,13.96,52.58,1427.47,7.6,13.79,2045,153.01,Sugarcane
84,17,27,8.05,20.08,0.69,0.82,23.58,80.12,1341.03,4.27,9.3,1909,220.58,Barley
89,41,107,4.74,59.76,0.32,2.85,23.64,37.23,1415.83,7.46,19.14,613,235.59,Maize
88,39,47,8.39,33.79,0.75,0.15,23.69,55.79,2678.59,7.93,19.77,1646,119.25,Rice
140,55,76,4.53,45.91,0.82,2.08,37.92,72.68,1336.79,4.48,14.31,214,205.75,Sugarcane
128,61,29,8.28,43.89,0.23,0.54,19.82,52.39,2429.69,4.26,11.71,492,268.58,Wheat
79,70,28,6.69,38.31,0.83,2.34,28.43,51.46,1971.4,4.07,7.03,38,235.23,Rice
112,22,22,7.31,59.79,0.32,1.53,36.89,50.43,1565.62,6.89,5.99,1828,171.62,Rice
31,49,26,5.25,20.87,1.36,2.74,11.52,75.72,2139.94,7.99,10.1,807,89.89,Rice
122,70,87,7.12,31.09,1.05,2.17,36.36,37.16,841.44,5.38,11.17,1616,334.74,Barley
131,53,39,8.03,16.39,0.27,2.33,32.95,81.4,598.42,11.16,11.36,2287,318.86,Millet
84,71,95,5.06,19.09,1.28,0.45,16.24,34.25,2908.1,8.67,16.36,1002,264.34,Potato
67,53,52,5.01,45.65,0.67,0.38,19.77,49.14,1296.27,8.78,17.02,852,279.08,Wheat
107,57,57,5.72,10.24,0.49,2.57,19.32,53.34,1050.37,4.53,7.72,274,314.5,Sugarcane
81,83,52,5.15,54.49,0.53,0.75,16.64,53.62,942.94,4.64,10.72,1483,249.11,Rice
63,68,102,4.94,41.66,0.98,2.61,29.16,41.26,1942.47,8.04,15.39,1205,252.96,Rice
155,66,75,7.21,32.05,0.31,0.51,39.48,66.19,2990.01,10.1,17.57,2399,111.38,Rice
74,20,62,5.36,26.57,0.28,0.99,15,57.21,2705.68,10.71,3.85,1023,257.44,Wheat
127,34,81,7.17,16.31,1.02,2.79,16.97,64.05,1321.29,8.33,15.19,1444,299.58,Wheat
66,70,87,7.95,56.08,1.48,2.54,18.71,66.89,2706.83,8.71,18.47,1603,329.02,Wheat
21,55,43,7.11,45.62,0.83,0.26,38.13,41.48,1479.87,8.92,5.77,263,233.17,Maize
132,63,86,4.98,26.82,0.74,1.4,28.77,85.22,506.05,6.48,10.29,643,282.65,Millet
30,43,83,6.79,13.55,1.43,2.74,16.38,79.81,726.02,11.8,1.06,1493,160.92,Wheat
157,16,81,6.07,26.28,0.51,0.14,34.12,79.7,880.36,11.81,16.63,2260,266.44,Barley
131,71,80,5.87,19.23,0.51,0.41,37.69,61.9,2769.63,9,17.01,1312,288.94,Rice
109,66,22,5.77,49.31,1.38,1.97,22.1,79.2,2941.15,7.03,18.36,1238,153.29,Rice
74,85,99,8.22,45.98,1.04,0.4,15.18,67.65,835.9,10.8,14.87,1137,81.31,Wheat
36,14,65,7.47,34.91,0.27,1.4,19.3,57.03,1328.55,5.4,7.44,2127,137.71,Wheat
87,85,68,5.04,54.29,1.08,1.57,16.51,75.15,2948.34,8.83,4.44,1938,287.46,Potato
152,44,41,6.4,19.03,1.27,2.59,16.04,66,2572.15,10.31,7.42,1222,326.32,Wheat
71,46,92,5.77,32.6,0.56,2.88,15.12,30.12,1439.94,4.03,5.32,264,138,Barley
157,69,88,8.41,45.53,0.7,1.59,36.28,89.82,1467.35,7.45,3.06,1768,331.98,Sugarcane
